<?xml version="1.0" encoding="UTF-8"?>
<includes>
	<include name="View_53_Shift">
		<control type="group">
			<description>Poster Viewtype</description>
			<height>424</height>
			<left>0</left>
			<top>180</top>
			<include name="LeftRightArrows">
				<param name="list_id" value="53" />
				<param name="left_posx" value="45" />
				<param name="right_posx" value="1849" />
				<param name="posy" value="370" />
			</include>
			<control type="group">
				<visible>Control.IsVisible(53)</visible>
				<include>Visible_Right</include>
				<include>OpenClose_Right</include>
				<top>160</top>
				<control type="image">
					<left>90</left>
					<top>415</top>
					<width>1740</width>
					<height>150</height>
					<texture border="22">dialogs/dialog-bg.png</texture>
				</control>
				<control type="image">
					<left>800</left>
					<top>435</top>
					<width>320</width>
					<height>110</height>
					<visible>Control.HasFocus(53)</visible>
					<animation effect="fade" time="200">VisibleChange</animation>
					<texture colordiffuse="button_focus">colors/white.png</texture>
					<animation effect="slide" start="0,0" end="-344,0" time="300" tween="sine" easing="inout" condition="StringCompare(Container.Position,1) | StringCompare(Container.Position,0)">Conditional</animation>
					<animation effect="slide" start="0,0" end="-344,0" time="300" tween="sine" easing="inout" condition="StringCompare(Container.Position,0)">Conditional</animation>
					<animation effect="slide" start="0,0" end="344,0" time="300" tween="sine" easing="inout" condition="StringCompare(Container.Position,3) | StringCompare(Container.Position,4)">Conditional</animation>
					<animation effect="slide" start="0,0" end="344,0" time="300" tween="sine" easing="inout" condition="StringCompare(Container.Position,4)">Conditional</animation>
				</control>
				<control type="fixedlist" id="53">
					<left>110</left>
					<top>0</top>
					<width>1700</width>
					<height>600</height>
					<focusposition>2</focusposition>
					<movement>2</movement>
					<pagecontrol>5199</pagecontrol>
					<scrolltime tween="cubic" easing="out">500</scrolltime>
					<orientation>horizontal</orientation>
					<visible>Container.Content(movies) | Container.Content(sets) | Container.Content(tvshows) | Container.Content(seasons) | Container.Content(musicvideos) | Container.Content(episodes) | Container.Content(artists) | Container.Content(albums) | Container.Content(mixed) | Container.Content(videos)</visible>
					<onleft>53</onleft>
					<onup>9000</onup>
					<ondown>5199</ondown>
					<onright>53</onright>
					<preloaditems>1</preloaditems>
					<viewtype label="31100">icon</viewtype>
					<itemlayout width="340">
						<control type="group">
							<control type="image">
								<top>-10</top>
								<width>340</width>
								<height>450</height>
								<texture border="40">buttons/button-nofo.png</texture>
							</control>
                                <control type="image">
								<top>15</top>
                                <left>24</left>
                                <width>292</width>
                                <height>400</height>
								<aspectratio>stretch</aspectratio>
								<texture border="20" fallback="DefaultVideo.png">$VAR[ShiftThumbVar]</texture>
                                <visible>Container.Content(movies) | Container.Content(sets) | Container.Content(tvshows) | Container.Content(seasons)</visible>
							</control>
							<control type="image">
								<top>15</top>
                                <left>24</left>
								<width>292</width>
                                <height>400</height>
								<aspectratio aligny="center">keep</aspectratio>
								<texture border="20" fallback="DefaultFolder.png">$VAR[ShiftThumbVar]</texture>
                                <visible>![Container.Content(movies) | Container.Content(sets) | Container.Content(tvshows) | Container.Content(seasons)]</visible>
							</control>
							<control type="textbox">
								<left>20</left>
								<top>438</top>
								<width>300</width>
								<height>100</height>
								<align>center</align>
								<aligny>center</aligny>
								<label>$INFO[ListItem.Label]</label>
								<font>font12</font>
							</control>
							<control type="group">
								<left>255</left>
								<top>20</top>
								<include>UserRatingCircle</include>
								<visible>![Container.Content(artists) | Container.Content(albums)]</visible>
							</control>
							<control type="image">
								<left>35</left>
								<top>20</top>
								<width>32</width>
								<height>32</height>
								<texture>$VAR[ListWatchedIconVar]</texture>
								<visible>!IsEmpty(ListItem.Overlay)</visible>
							</control>
						</control>
					</itemlayout>
					<focusedlayout width="340">
						<control type="group">
                            <control type="image">
                                <top>-10</top>
                                <width>340</width>
                                <height>450</height>
                                <texture border="40">buttons/button-nofo.png</texture>
                            </control>
                            <control type="image">
								<top>15</top>
                                <left>24</left>
                                <width>292</width>
                                <height>400</height>
                                <aspectratio>stretch</aspectratio>
                                <texture border="20" fallback="DefaultFolder.png">$VAR[ShiftThumbVar]</texture>
                                <visible>Container.Content(movies) | Container.Content(sets) | Container.Content(tvshows) | Container.Content(seasons)</visible>
                            </control>
                            <control type="image">
								<top>15</top>
                                <left>24</left>
								<width>292</width>
                                <height>400</height>
                                <aspectratio aligny="center">keep</aspectratio>
                                <texture border="20" fallback="DefaultFolder.png">$VAR[ShiftThumbVar]</texture>
                                <visible>![Container.Content(movies) | Container.Content(sets) | Container.Content(tvshows) | Container.Content(seasons)]</visible>
                            </control>
                            <control type="textbox">
                                <left>20</left>
                                <top>438</top>
                                <width>300</width>
                                <height>100</height>
                                <align>center</align>
                                <aligny>center</aligny>
                                <label>$INFO[ListItem.Label]</label>
                                <font>font12</font>
                                <autoscroll time="3000" delay="3000" repeat="3000">True</autoscroll>
                            </control>
                            <control type="group">
                                <left>255</left>
                                <top>20</top>
                                <include>UserRatingCircle</include>
                                <visible>![Container.Content(artists) | Container.Content(albums)]</visible>
                            </control>
                            <control type="image">
                                <left>35</left>
                                <top>20</top>
                                <width>32</width>
                                <height>32</height>
                                <texture>$VAR[ListWatchedIconVar]</texture>
                                <visible>!IsEmpty(ListItem.Overlay)</visible>
                            </control>
                        </control>                        
					</focusedlayout>
				</control>
			</control>
			<control type="group">
				<visible>Control.IsVisible(53)</visible>
				<include>Visible_Right</include>
				<include>OpenClose_Right</include>
				<control type="group">
					<visible>!StringCompare(ListItem.Label,..)</visible>
					<control type="image">
						<top>-20</top>
						<left>90</left>
						<width>880</width>
						<height>192</height>
						<texture border="22">dialogs/dialog-bg.png</texture>
					</control>
					<control type="image">
						<top>-20</top>
						<left>950</left>
						<width>880</width>
						<height>192</height>
						<texture border="22">dialogs/dialog-bg.png</texture>
					</control>
					<control type="group">
						<visible>!ListItem.IsCollection</visible>
						<control type="textbox" id="53200">						
							<left>130</left>
							<top>15</top>
							<width>790</width>
							<height>123</height>
							<label>$VAR[ShiftLeftTextBoxVar]</label>
							<font>font12</font>
							<shadowcolor>text_shadow</shadowcolor>
						</control>
						<control type="textbox" id="53300">
							<left>990</left>
							<top>15</top>
							<width>790</width>
							<height>123</height>
							<label>$VAR[ShiftRightTextBoxVar]</label>
							<font>font12</font>
							<shadowcolor>text_shadow</shadowcolor>
						</control>
					</control>
					<control type="group">
						<visible>ListItem.IsCollection</visible>
						<left>120</left>
						<top>15</top>
						<include name="InfoList">
							<param name="height" value="140" />
							<param name="width" value="1700" />
							<param name="item_height" value="30" />
							<param name="item_width" value="855" />
							<param name="sortby" value="year" />
							<param name="sortorder" value="descending" />
							<param name="font" value="font12" />
							<param name="orientation" value="horizontal" />
						</include>
					</control>
				</control>
			</control>
		</control>
	</include>
    <include name="View_53_Shift_Images">
		<control type="group">
			<description>Poster Viewtype</description>
			<height>424</height>
			<left>0</left>
			<top>180</top>
			<include name="LeftRightArrows">
				<param name="list_id" value="53" />
				<param name="left_posx" value="45" />
				<param name="right_posx" value="1849" />
				<param name="posy" value="370" />
			</include>
			<control type="group">
				<visible>Control.IsVisible(53)</visible>
				<include>Visible_Right</include>
				<include>OpenClose_Right</include>
				<top>160</top>
				<control type="image">
					<left>90</left>
					<top>415</top>
					<width>1740</width>
					<height>150</height>
					<texture border="22">dialogs/dialog-bg.png</texture>
				</control>
				<control type="image">
					<left>800</left>
					<top>435</top>
					<width>320</width>
					<height>110</height>
					<visible>Control.HasFocus(53)</visible>
					<animation effect="fade" time="200">VisibleChange</animation>
					<texture colordiffuse="button_focus">colors/white.png</texture>
					<animation effect="slide" start="0,0" end="-344,0" time="300" tween="sine" easing="inout" condition="Stringcompare(Container.Position,1) | Stringcompare(Container.Position,0)">Conditional</animation>
					<animation effect="slide" start="0,0" end="-344,0" time="300" tween="sine" easing="inout" condition="Stringcompare(Container.Position,0)">Conditional</animation>
					<animation effect="slide" start="0,0" end="344,0" time="300" tween="sine" easing="inout" condition="Stringcompare(Container.Position,3) | Stringcompare(Container.Position,4)">Conditional</animation>
					<animation effect="slide" start="0,0" end="344,0" time="300" tween="sine" easing="inout" condition="Stringcompare(Container.Position,4)">Conditional</animation>
				</control>
				<control type="fixedlist" id="53">
					<left>110</left>
					<top>0</top>
					<width>1700</width>
					<height>600</height>
					<focusposition>2</focusposition>
					<movement>2</movement>
					<pagecontrol>5199</pagecontrol>
					<scrolltime tween="cubic" easing="out">500</scrolltime>
					<orientation>horizontal</orientation>
					<onleft>53</onleft>
					<onup>9000</onup>
					<ondown>5199</ondown>
					<onright>53</onright>
					<preloaditems>1</preloaditems>
					<viewtype label="31100">icon</viewtype>
					<itemlayout width="340">
						<control type="group">
							<control type="image">
								<top>-10</top>
								<width>340</width>
								<height>450</height>
								<texture border="40">buttons/button-nofo.png</texture>
							</control>
							<control type="image">
								<left>20</left>
								<top>15</top>
								<width>300</width>
								<height>400</height>
								<aspectratio aligny="center">keep</aspectratio>
								<texture fallback="DefaultFolder.png">$VAR[ShiftImagesThumbVar]</texture>
							</control>
							<control type="textbox">
								<left>20</left>
								<top>438</top>
								<width>300</width>
								<height>100</height>
								<align>center</align>
								<aligny>center</aligny>
								<label>$INFO[ListItem.Label]</label>
								<font>font12</font>
							</control>
							<control type="image">
								<left>40</left>
								<top>25</top>
								<width>32</width>
								<height>32</height>
								<texture>$VAR[ListWatchedIconVar]</texture>
								<visible>!IsEmpty(ListItem.Overlay)</visible>
							</control>
						</control>
					</itemlayout>
					<focusedlayout width="340">
						<control type="image">
							<top>-10</top>
							<width>340</width>
							<height>450</height>
							<texture border="40">buttons/button-nofo.png</texture>
						</control>
						<control type="image">
							<left>20</left>
							<top>15</top>
							<width>300</width>
							<height>400</height>
							<aspectratio aligny="center">keep</aspectratio>
							<texture fallback="DefaultFolder.png">$VAR[ShiftImagesThumbVar]</texture>
						</control>
						<control type="textbox">
							<left>20</left>
							<top>438</top>
							<width>300</width>
							<height>100</height>
							<align>center</align>
							<aligny>center</aligny>
							<label>$INFO[ListItem.Label]</label>
							<font>font12</font>
							<autoscroll time="3000" delay="3000" repeat="3000">True</autoscroll>
						</control>
						<control type="image">
							<left>40</left>
							<top>25</top>
							<width>32</width>
							<height>32</height>
							<texture>$VAR[ListWatchedIconVar]</texture>
							<visible>!IsEmpty(ListItem.Overlay)</visible>
						</control>
					</focusedlayout>
				</control>
			</control>
			<control type="group">
				<visible>Control.IsVisible(53)</visible>
				<include>Visible_Right</include>
				<include>OpenClose_Right</include>
                <control type="group">
					<visible>!StringCompare(ListItem.Label,..)</visible>
					<control type="image">
						<top>-20</top>
						<left>90</left>
						<width>880</width>
						<height>192</height>
						<texture border="22">dialogs/dialog-bg.png</texture>
					</control>
					<control type="image">
						<top>-20</top>
						<left>950</left>
						<width>880</width>
						<height>192</height>
						<texture border="22">dialogs/dialog-bg.png</texture>
					</control>
					<control type="group">
						<visible>!ListItem.IsCollection</visible>
						<control type="textbox" id="53200">						
							<left>130</left>
							<top>15</top>
							<width>790</width>
							<height>123</height>
							<label>$VAR[ShiftLeftTextBoxVar]</label>
							<font>font12</font>
							<shadowcolor>text_shadow</shadowcolor>
						</control>
						<control type="textbox" id="53300">
							<left>990</left>
							<top>15</top>
							<width>790</width>
							<height>123</height>
							<label>$VAR[ShiftRightTextBoxVar]</label>
							<font>font12</font>
							<shadowcolor>text_shadow</shadowcolor>
						</control>
					</control>
					<control type="group">
						<visible>ListItem.IsCollection</visible>
						<left>120</left>
						<top>15</top>
						<include name="InfoList">
							<param name="height" value="140" />
							<param name="width" value="1700" />
							<param name="item_height" value="30" />
							<param name="item_width" value="855" />
							<param name="sortby" value="year" />
							<param name="sortorder" value="descending" />
							<param name="font" value="font12" />
							<param name="orientation" value="horizontal" />
						</include>
					</control>
				</control>
			</control>
		</control>
    </include>
</includes>
