<?xml version="1.0" encoding="UTF-8"?>
<addon id="skin.estuary2-extended" version="2.0.12.103" name="Estuary v2 Extended" provider-name="phil65, Ichabod Fletchman, YLLOW_DRAGON">
	<requires>
		<import addon="xbmc.gui" version="5.13.0"/>
		<import addon="script.pvr.favourites" version="2.0.0"/>
		<import addon="script.image.resource.select" version="1.1.0"/>
	</requires>
	<extension point="xbmc.gui.skin" debugging="false">
		<res width="1920" height="1440" aspect="4:3" default="false" folder="xml" />
		<res width="1920" height="1280" aspect="3:2" default="false" folder="xml" />
		<res width="1920" height="1200" aspect="16:10" default="false" folder="xml" />
		<res width="2040" height="1080" aspect="17:9" default="false" folder="xml" />
		<res width="1920" height="1080" aspect="16:9" default="true" folder="xml" />
		<res width="2560" height="1080" aspect="21:9" default="false" folder="xml" />
		<res width="2338" height="1080" aspect="19.5:9" default="false" folder="xml" />
		<res width="2160" height="1080" aspect="18:9" default="false" folder="xml" />
	</extension>
	<extension point="xbmc.addon.metadata">
		<summary lang="af_ZA">Estuary v2 Extended oortreksel deur phil65. (Kodi se bestek oortreksel)</summary>
		<summary lang="bg_BG">Estuary v2 Extended облик от phil65 и Piers. (стандартния облик на Kodi)</summary>
		<summary lang="ca_ES">Aparença Estuary v2 Extended per phil65 i Piers. (aparença predeterminada de Kodi)</summary>
		<summary lang="cs_CZ">Vzhled Estuary v2 Extended od autora phil65. (Výchozí vzhled Kodi)</summary>
		<summary lang="da_DK">Estuary v2 Extended skin. Lavet af phil65. (Kodi's standard brugerflade)</summary>
		<summary lang="de_DE">Estuary v2 Extended Skin von phil65 und Piers. (Kodi Standardskin)</summary>
		<summary lang="el_GR">Το κέλυφος Estuary v2 Extended από τον phil65 και τον Pier. (προεπιλεγμένο κέλυφος του Kodi)</summary>
		<summary lang="en_GB">Estuary v2 Extended skin by phil65, Piers, YLLOW_DRAGON.</summary>
		<summary lang="en_NZ">Estuary v2 Extended skin by phil65, Piers, YLLOW_DRAGON.</summary>
		<summary lang="en_US">Estuary v2 Extended skin by phil65, Piers, YLLOW_DRAGON.</summary>
		<summary lang="es_AR">Skin Estuary v2 Extended por phil65 (skin por defecto de Kodi)</summary>
		<summary lang="es_ES">Skin Estuary v2 Extended, creado por phil65 and Piers (skin por defecto de Kodi).</summary>
		<summary lang="es_MX">Estuary v2 Extended skin por phil65 y Piers. (El skin por defecto de Kodi)</summary>
		<summary lang="fi_FI">Estuary v2 Extended on phil65:n luoma Kodin oletusulkoasu.</summary>
		<summary lang="fr_CA">Habillage Estuary v2 Extended par phil65 et Piers (habillage par défaut de Kodi).</summary>
		<summary lang="fr_FR">Estuary v2 Extended, un habillage par phil65 et Piers (habillage d'origine de Kodi).</summary>
		<summary lang="gl_ES">Pel Estuary v2 Extended por phil65 and Piers. (Pel predefinida do Kodi)</summary>
		<summary lang="he_IL">מעטפת Estuary v2 Extended של phil65 (ברירת המחדל של Kodi)</summary>
		<summary lang="hr_HR">Estuary v2 Extended presvlaka autora phil65 i Piersa. (uobičajena Kodi presvlaka)</summary>
		<summary lang="hu_HU">Estuary v2 Extended felszín. Készítette phil65 és Piers. (Kodi alapértelmezett felszín)</summary>
		<summary lang="it_IT">Skin Estuary v2 Extended da phil65 e Piers. (Skin predefinita di Kodi)</summary>
		<summary lang="ja_JP">Estuary v2 Extended スキン by phil65 and Piers (Kodi デフォルトスキン)</summary>
		<summary lang="ko_KR">phil65와 Piers가 만든 Estuary v2 Extended 스킨 (Kodi 기본 스킨)</summary>
		<summary lang="lt_LT">Estuary v2 Extended teminė išvaizda, kurią sukūrė phil65 ir Piers. (Numatytoji Kodi teminė išvaizda)</summary>
		<summary lang="lv_LV">Estuary v2 Extended apvalks no phil65. (Kodi noklusējuma apvalks)</summary>
		<summary lang="ms_MY">Kulit Estuary v2 Extended oleh phil65 dan rakan-rakan. (Kulit lalai Kodi)</summary>
		<summary lang="nb_NO">Estuary v2 Extended-drakt av phil65 og Piers. (Kodis forvalgte drakt)</summary>
		<summary lang="nl_NL">Estuary v2 Extended skin door phil65 en Piers. (Kodi's standaardskin)</summary>
		<summary lang="pl_PL">Skóra Estuary v2 Extended autorstwa phil65 i Piers. (Domyślna skóra Kodi)</summary>
		<summary lang="pt_BR">Skin Estuary v2 Extended por phil65 e Piers. (Skin padrão do Kodi)</summary>
		<summary lang="pt_PT">Visual Estuary v2 Extended de phil65 e Piers. (Visual por omissão do Kodi)</summary>
		<summary lang="ro_RO">Tema Estuary v2 Extended de phil65 și Piers. (Tema implicită pentru Kodi)</summary>
		<summary lang="ru_RU">Обложка Estuary v2 Extended. Авторы: phil65, Piers, YLLOW_DRAGON.</summary>
		<summary lang="sk_SK">Vzhľad Estuary v2 Extended, vytvorili phil65 a Piers. (predvolený vzhľad pre Kodi)</summary>
		<summary lang="sr_RS">Маска Estuary v2 Extended аутора phil65 и Piers. (Подразумевана Коди маска)</summary>
		<summary lang="sr_RS@latin">Maska Estuary v2 Extended autora phil65 i Piers. (Podrazumevana Kodi maska)</summary>
		<summary lang="sv_SE">Estuary v2 Extended-skin av phil65 och Piers. (Kodi's standard-skin)</summary>
		<summary lang="szl">Skōra Estuary v2 Extended ôd phil65 i Piers. (Wychodnŏ skōra Kodi)</summary>
		<summary lang="th_TH">สกิน Estuary v2 Extended โดย phil65 และ Piers (หน้าตาเริ่มต้นของKodi)</summary>
		<summary lang="tr_TR">Estuary v2 Extended dış görünümü. phil65 (Kodi'nin varsayılan dış görünümü)</summary>
		<summary lang="uk_UA">Обкладинка Estuary v2 Extended від phil65, Piers, YLLOW_DRAGON.</summary>
		<summary lang="zh_CN">phil65 和 Piers 开发的 Estuary v2 Extended 皮肤（Kodi 的默认皮肤）</summary>
		<summary lang="zh_TW">phil65與Piers 製作的Estuary v2 Extended佈景主題（Kodi的預設佈景主題）</summary>
		<description lang="af_ZA">Estuary v2 Extended is die bestek oortreksel vir Kodi 17.0 en op. Dit poog om maklik te wees vir eerste keer Kodi gebruikers om te verstaan en te gebruik.</description>
		<description lang="bg_BG">Estuary v2 Extended е стандартният облик на Kodi 17 и по-новите версии. Целта е да се улеснят хората които се сблъскват за първи път с Kodi.</description>
		<description lang="ca_ES">Estuary v2 Extended és l'aparença predeterminada de Kodi 17.0 i posteriors. Per als usuaris per primera vegada de Kodi, intenta ser fàcil d'entendre i d'utilitzar.</description>
		<description lang="cs_CZ">Estuary v2 Extended je výchozí vzhled pro Kodi 17.0 a vyšší. Snaží se být jednoduše pochopitelný a použitelný pro nové uživatele Kodi.</description>
		<description lang="da_DK">Estuary v2 Extended er standard  brugerfladen er Kodi 17.0 og højere. Det forenkler førstegangsbrugen  af Kodi ved at gøre det nemmer at forstå og bruge.</description>
		<description lang="de_DE">Estuary v2 Extended ist der Standardskin für Kodi 17.0 und höher. Ziel war es, einen einfach zu bedienenden Skin für neue Kodi-Benutzer zu entwickeln.</description>
		<description lang="el_GR">Το Estuary v2 Extended είναι η προεπιλεγμένη αμφίεση για τις εκδόσεις Kodi 17.0 και άνω. Επιχειρεί να είναι προσιτό στους αρχάριους χρήστες του Kodi για να το κατανοήσουν και να το χρησιμοποιήσουν.</description>
		<description lang="en_GB">Estuary v2 Extended  - is the modernized skin for Kodi.</description>
		<description lang="en_NZ">Estuary v2 Extended  - is the modernized skin for Kodi.</description>
		<description lang="en_US">Estuary v2 Extended  - is the modernized skin for Kodi.</description>
		<description lang="es_AR">Estuary v2 Extended es el skin por defecto para Kodi 17.0 y posteriores. Intenta ser fácil de entender y utilizar para los usuarios Kodi primerizos.</description>
		<description lang="es_ES">Estuary v2 Extended es el skin por defecto para Kodi 17.0 o superior. Su objetivo es la facilidad de comprensión y uso para usuarios primerizos de Kodi.</description>
		<description lang="es_MX">Estuary v2 Extended es el skin por defecto para Kodi 17.0 y superior. Intenta ser fácil para los usuarios de Kodi de primera vez para entender y usar.</description>
		<description lang="fi_FI">Estuary v2 Extended on oletusulkoasu Kodin versiosta 17.0 lähtien. Se pyrkii olemaan helppo ymmärtää ja käyttää Kodin ensikäyttäjille. </description>
		<description lang="fr_CA">Estuary v2 Extended est l'habillage par défaut pour Kodi 17.0 et ultérieure. Il s'efforce d'être facile à comprendre et à utiliser pour les utilisateurs débutants de Kodi.</description>
		<description lang="fr_FR">Estuary v2 Extended est l'habillage d'origine pour Kodi 17.0 et supérieur. Il est facile à comprendre et à utiliser pour les utilisateurs novices de Kodi.</description>
		<description lang="gl_ES">Estuary v2 Extended é a pel predefinida para Kodi 17.0 e superior. Esta tenta ser doada de entender e usar polos usuarios recen chegados a Kodi.</description>
		<description lang="he_IL">Estuary v2 Extended הינה מעטפת ברירת המחדל של Kodi מגרסאת 17.0 ומעלה. מטרת מעטפת זו היא להיות פשוטה לשימוש ולהכרה ראשונית ע"י משתמשים חדשים.</description>
		<description lang="hr_HR">Estuary v2 Extended je uobičajena presvlaka za Kodi 17.0 i novije inačice. To je pokušaj da se novim korisnicima olakša prvo korištenje i kasnija upotreba Kodija.</description>
		<description lang="hu_HU">Az Estuary v2 Extended az alapértelmezett felszín a 17.0 és újabb Kodi kiadásokban.  Megpróbál könnyen kezelhető és használható lenni, az újonc Kodi felhasználóknak is.</description>
		<description lang="it_IT">Estuary v2 Extended è la skin predefinita di Kodi 17.0 e successivi. Cerca di essere facile da capire e usare per i nuovi utenti di Kodi.</description>
		<description lang="ja_JP">Estuary v2 Extended は Kodi 17.0 およびそれ以上のバージョンで標準のスキンです。ユーザが初めて Kodi に触れる際にわかりやすく使えるようにしてあります。</description>
		<description lang="ko_KR">Estuary v2 Extended는 Kodi 17.0이상의 기본 스킨입니다. 처음 Kodi를 접하는 사용자가 쉽게 이해하고 사용할 수 있도록 만들었습니다.</description>
		<description lang="lt_LT">Estuary v2 Extended yra numatytoji Kodi 17.0 ir aukštesnių versijų teminė išvaizda. Jos tikslas yra būti lengvai perprantama naujiems Kodi vartotojams.</description>
		<description lang="ms_MY">Estuary v2 Extended ialah kulit lalai untuk Kodi 17.0 dan ke atas. Kulit yang mudah digunakan buat pengguna Kodi kali pertama untuk memahami dan menggunakannya.</description>
		<description lang="nb_NO">Estuary v2 Extended er forvalgt drakt til Kodi 17.0 og nyere. Det tar mål av seg å være en enkel drakt for førstegangsbrukere av Kodi, slik at det er til å forstå og kan brukes.</description>
		<description lang="nl_NL">Estuary v2 Extended is de standaardskin voor Kodi 17.0 en hoger. Het tracht eenvoudig te begrijpen en te gebruiken te zijn voor beginnende Kodi-gebruikers.</description>
		<description lang="pl_PL">Estuary v2 Extended jest domyślną skórą Kodi dla wersji 17.0 i późniejszych. Jest próbą łatwego wprowadzenia początkujących użytkowników w funkcje Kodi.</description>
		<description lang="pt_BR">Estuary v2 Extended é a skin padrão para o Kodi 17.0 e acima. Objetiva ser fácil para usuários que iniciam no Kodi pela primeira vez, facilitando aprendizagem de uso do mesmo.</description>
		<description lang="pt_PT">O Estuary v2 Extended é o visual por omissão para o Kodi 17.0 e posteriores. Tenta ser simples para os utilizadores menos experientes do Kodi compreenderem e usarem.</description>
		<description lang="ro_RO">Estuary v2 Extended este tema implicită pentru Kodi 17.0 și versiunile ulterioare. Încearcă să fie ușor de înțeles și folosit pentru utilizatorii care folosesc Kodi pentru prima dată.</description>
		<description lang="ru_RU">Estuary v2 Extended - это модернизированная обложка KODI.</description>
		<description lang="sk_SK">Estuary v2 Extended je predvolený vzhľad pre Kodi 17.0 a vyššie. Pokúša sa byť pre prvotných používateľov Kodi jednoduchým na pochopenie a používanie.</description>
		<description lang="sr_RS">Estuary v2 Extended је подразумевана маска за Kodi 17.0 и изнад. Покушава да буде једноставан за разумевање и коришћење новим корисницима Kodi-ја.</description>
		<description lang="sr_RS@latin">Estuary v2 Extended je podrazumevana maska za Kodi 17.0 i iznad. Pokušava da bude jednostavan za razumevanje i korišćenje novim korisnicima Kodija.</description>
		<description lang="sv_SE">Estuary v2 Extended är standard-skin för Kodi 17.0 och uppåt. Det försöker att vara lättförståeligt för förstagångsanvändare av Kodi att förstå och använda.</description>
		<description lang="szl">Estuary v2 Extended je wychodnōm skōrōm Kodi dlŏ wersyje 17.0 i dalszych. Prōbuje być proste dlŏ używŏczōw, dlŏ kerych Kodi je nowe</description>
		<description lang="th_TH">Estuary v2 Extended คือหน้าตาเริ่มต้นของ Kodi 17.0 และสูงกว่า เป็นความพยายามที่จะทำให้ง่ายสำหรับผู้ใช้ Kodi ในครั้งแรก ที่จะเข้าใจและใช้งาน</description>
		<description lang="tr_TR">Estuary v2 Extended Kodi 17.0 ve yukarısı için varsayılan dış görünümdür. İlk kez Kodi kullananlar için anlaşılması ve kullanımı kolaydır.</description>
		<description lang="uk_UA">Estuary v2 Extended є стандартною обкладинкою Kodi 17.0 і подальших версій. Її основна ідея — простота використання для нових користувачів Kodi.</description>
		<description lang="zh_CN">Estuary v2 Extended 是 Kodi 17.0 的默认皮肤。它力求使首次使用 Kodi 的用户易于上手。</description>
		<description lang="zh_TW">Estuary v2 Extended是Kodi 17.0開始搭載的預設佈景主題。主要在讓第一次使用 Kodi 的使用者可以簡單地上手。</description>
		<disclaimer lang="af_ZA">Estuary v2 Extended is die bestek oortreksel vir Kodi, verwydering mag probleme veroorsaak</disclaimer>
		<disclaimer lang="bg_BG">Estuary v2 Extended е стандартният облик на Kodi. Премахването му може да предизвика проблеми</disclaimer>
		<disclaimer lang="ca_ES">Estuary v2 Extended és l'aparença predeterminada de Kodi, si s'elimina pot causar problemes.</disclaimer>
		<disclaimer lang="cs_CZ">Estuary v2 Extended je výchozí vzhled pro Kodi, jeho odebrání může způsobit problémy</disclaimer>
		<disclaimer lang="da_DK">Estuary v2 Extended er standard  brugerfladen. Fjernes det kan der opstå problemer.</disclaimer>
		<disclaimer lang="de_DE">Estuary v2 Extended ist der Standardskin von Kodi. Ein Entfernen des Skins kann Probleme verursachen.</disclaimer>
		<disclaimer lang="el_GR">Το Estuary v2 Extended είναι η προεπιλεγμένη αμφίεση για το Kodi. Η αφαίρεσή του μπορεί να δημιουργήσει προβλήματα.</disclaimer>
		<disclaimer lang="en_GB">Estuary v2 Extended  - is the modernized skin for Kodi</disclaimer>
		<disclaimer lang="en_NZ">Estuary v2 Extended  - is the modernized skin for Kodi</disclaimer>
		<disclaimer lang="en_US">Estuary v2 Extended  - is the modernized skin for Kodi</disclaimer>
		<disclaimer lang="es_AR">Estuary v2 Extended es el skin por defecto de Kodi. Borrarlo puede causar problemas</disclaimer>
		<disclaimer lang="es_ES">Estuary v2 Extended es el skin por defecto de Kodi. Desinstalarlo puede causar problemas.</disclaimer>
		<disclaimer lang="es_MX">Estuary v2 Extended es el skin por defecto para Kodi, su eliminación puede causar problemas</disclaimer>
		<disclaimer lang="fi_FI">Estuary v2 Extended on Kodin oletusulkoasu, sen poisto voi aiheuttaa ongelmia</disclaimer>
		<disclaimer lang="fr_CA">Estuary v2 Extended est l'habillage par défaut de Kodi, le supprimer peut créer des problèmes</disclaimer>
		<disclaimer lang="fr_FR">Estuary v2 Extended est l'habillage d'origine de Kodi, le retirer peut créer des problèmes</disclaimer>
		<disclaimer lang="gl_ES">Estuary v2 Extended é a pel predefinida para Kodi e eliminala pode causar problemas.</disclaimer>
		<disclaimer lang="he_IL">Estuary v2 Extended הינה מעטפת ברירת המחדל של Kodi, הסרתה עלולה לגרום לתקלות</disclaimer>
		<disclaimer lang="hr_HR">Estuary v2 Extended je uobičajena presvlaka za Kodi, njegovim uklanjanjem može uzrokovati poteškoće</disclaimer>
		<disclaimer lang="hu_HU">Az Estuary v2 Extended az alapértelmezett Kodi felszín. Eltávolítása problémákat okozhat.</disclaimer>
		<disclaimer lang="it_IT">Estuary v2 Extended è la skin predefinita di Kodi, rimuoverla potrebbe causare problemi</disclaimer>
		<disclaimer lang="ja_JP">Estuary v2 Extended は Kodi のデフォルトスキンですので、これを削除するとうまく動かなくなる可能性があります</disclaimer>
		<disclaimer lang="ko_KR">Estuary v2 Extended는 Kodi의 기본스킨으로 제거시 문제가 생길 수 있습니다.</disclaimer>
		<disclaimer lang="lt_LT">Estuary v2 Extended yra numatytoji Kodi teminė išvaizda, jos pašalinimas gali sukelti problemų</disclaimer>
		<disclaimer lang="ms_MY">Estuary v2 Extended ialah kulit lalai Kodi, mengubahnya boleh menimbulkan isu.</disclaimer>
		<disclaimer lang="nb_NO">Estuary v2 Extended er forvalgt drakt for Kodi, dersom du fjerner det kan det forårsake problemer.</disclaimer>
		<disclaimer lang="nl_NL">Estuary v2 Extended is de standaardskin voor Kodi, het verwijderen van Estuary v2 Extended kan leiden tot problemen.</disclaimer>
		<disclaimer lang="pl_PL">Estuary v2 Extended jest domyślną skórą Kodi, usunięciejej może powodować problemy</disclaimer>
		<disclaimer lang="pt_BR">Estuary v2 Extended é a skin padrão para o Kodi, removendo-a pode causar problemas</disclaimer>
		<disclaimer lang="pt_PT">O Estuary v2 Extended é o visual por omissão do Kodi; se o remover, poderá ter alguns problemas</disclaimer>
		<disclaimer lang="ro_RO">Estuary v2 Extended este tema implicită pentru Kodi, eliminarea ei poate cauza probleme</disclaimer>
		<disclaimer lang="ru_RU">Estuary v2 Extended - это модернизированная обложка KODI</disclaimer>
		<disclaimer lang="sk_SK">Estuary v2 Extended je predvolený vzhľad pre Kodi, jeho odstránenie môže spôsobiť problémy</disclaimer>
		<disclaimer lang="sr_RS">Estuary v2 Extended је подразумевана маска за Kodi, уклањање може изазвати проблеме</disclaimer>
		<disclaimer lang="sr_RS@latin">Estuary v2 Extended je podrazumevana maska za Kodi, uklanjanje može izazvati probleme</disclaimer>
		<disclaimer lang="sv_SE">Estuary v2 Extended är standard skalet för Kodi, ta bort den kan orsaka problem</disclaimer>
		<disclaimer lang="szl">Estuary v2 Extended je wychodnōm skōrōm Kodi, jij uchrōniynie może sprŏwiać niyprzileżytości</disclaimer>
		<disclaimer lang="th_TH">Estuary v2 Extended เป็นหน้าตาเริ่มต้นสำหรับ Kodi, การลบมัน อาจทำให้เกิดปัญหา</disclaimer>
		<disclaimer lang="tr_TR">Estuary v2 Extended Kodi için varsayılan dış görünümdür, kaldırmak sorunlara yol açabilir</disclaimer>
		<disclaimer lang="uk_UA">Estuary v2 Extended — основна обкладинка Kodi, і її видалення може призвести до проблем</disclaimer>
		<disclaimer lang="zh_CN">Estuary v2 Extended 是 Kodi 的默认皮肤，删除它可能导致故障。</disclaimer>
		<disclaimer lang="zh_TW">Estuary v2 Extended 是 Kodi 預設的佈景主題，移除它可能會造成問題</disclaimer>
		<disclaimer lang="sr_RS">Estuary v2 Extended је подразумевана маска за Kodi, уклањање може изазвати проблеме</disclaimer>
		<disclaimer lang="sr_RS@latin">Estuary v2 Extended je podrazumevana maska za Kodi, uklanjanje može izazvati probleme</disclaimer>
		<disclaimer lang="sv_SE">Estuary v2 Extended är Kodis standardskal. Om du tar bort det kan det orsaka problem.</disclaimer>
		<disclaimer lang="szl">Estuary v2 Extended je wychodnōm skōrōm Kodi, jij uchrōniynie może sprŏwiać niyprzileżytości</disclaimer>
		<disclaimer lang="th_TH">Estuary v2 Extended เป็นหน้าตาเริ่มต้นสำหรับ Kodi, การลบมัน อาจทำให้เกิดปัญหา</disclaimer>
		<disclaimer lang="tr_TR">Estuary v2 Extended Kodi için varsayılan dış görünümdür, kaldırmak sorunlara yol açabilir</disclaimer>
		<disclaimer lang="uk_UA">Estuary v2 Extended — основна обкладинка Kodi, і її видалення може призвести до проблем</disclaimer>
		<disclaimer lang="zh_CN">Estuary v2 Extended 是 Kodi 的默认皮肤，删除它可能导致故障。</disclaimer>
		<disclaimer lang="zh_TW">Estuary v2 Extended 是 Kodi 預設的佈景主題，移除它可能會造成問題</disclaimer>
		<platform>all</platform>
		<license>CC BY-SA 4.0, GNU GENERAL PUBLIC LICENSE Version 2.0</license>
		<forum>http://forum.kodi.tv/</forum>
		<email>nkvoronov@gmail.com</email>
		<source>https://github.com/nkvoronov/skin.estuary2-extended.git</source>
		<assets>
			<icon>resources/icon.png</icon>
			<fanart>resources/fanart.jpg</fanart>
			<screenshot>resources/screenshot-01.png</screenshot>
			<screenshot>resources/screenshot-02.png</screenshot>
			<screenshot>resources/screenshot-03.png</screenshot>
			<screenshot>resources/screenshot-04.png</screenshot>
			<screenshot>resources/screenshot-05.png</screenshot>
			<screenshot>resources/screenshot-06.png</screenshot>
			<screenshot>resources/screenshot-07.png</screenshot>
			<screenshot>resources/screenshot-08.png</screenshot>
			<screenshot>resources/screenshot-09.png</screenshot>
			<screenshot>resources/screenshot-10.png</screenshot>
			<screenshot>resources/screenshot-11.png</screenshot>
			<screenshot>resources/screenshot-12.png</screenshot>
		</assets>
	</extension>
</addon>
