<?xml version="1.0" encoding="UTF-8"?>
<addon id="skin.estuary-extented-s" version="0.8.5.058" name="Estuary Extented Shortcuts" provider-name="phil65, Piers, YLLOW_DRAGON">
	<requires>
		<import addon="xbmc.gui" version="5.10.0"/>
		<import addon="script.pvr.favourites" version="1.0.7"/>
        <import addon="script.skinshortcuts" version="1.0.10"/>
        <import addon="script.skin.helper.service" version="1.0.10"/>
	</requires>
	<extension point="xbmc.gui.skin" debugging="false">
		<res width="1920" height="1080" aspect="16:9" default="false" folder="1080i" />
		<res width="2560" height="1080" aspect="21:9" default="false" folder="1080i" />
	</extension>
	<extension point="xbmc.addon.metadata">
		<summary lang="bg_BG">Estuary Extented Shortcuts облик от phil65, Piers, YLLOW_DRAGON. (стандартния облик на Kodi)</summary>
		<summary lang="cs_CZ">Motiv vzhledu Estuary Extented Shortcuts od autorů phil65, Piers, YLLOW_DRAGON. (výchozí vzhled Kodi)</summary>
		<summary lang="de_DE">Estuary Extented Shortcuts skin by phil65, Piers, YLLOW_DRAGON. (Kodi Standardskin)</summary>
		<summary lang="el_GR">Το κέλυφος Estuary Extented Shortcuts από τον phil65 και τον Pier. (προεπιλεγμένο κέλυφος του Kodi)</summary>
		<summary lang="en_GB">Estuary Extented Shortcuts skin by phil65, Piers, YLLOW_DRAGON. (Adaptation for Jarvis)</summary>
		<summary lang="en_NZ">Estuary Extented Shortcuts skin by phil65, Piers, YLLOW_DRAGON. (Adaptation for Jarvis)</summary>
		<summary lang="en_US">Estuary Extented Shortcuts skin by phil65, Piers, YLLOW_DRAGON. (Adaptation for Jarvis)</summary>
		<summary lang="es_ES">Skin Estuary Extented Shortcuts, creado por phil65, Piers, YLLOW_DRAGON (skin por defecto de Kodi).</summary>
		<summary lang="fi_FI">Estuary Extented Shortcuts-ulkoasu. Tekijöinä phil65, Piers, YLLOW_DRAGON. (Kodin oletusulkoasu)</summary>
		<summary lang="fr_CA">Habillage Estuary Extented Shortcuts par phil65, Piers, YLLOW_DRAGON (habillage par défaut de Kodi).</summary>
		<summary lang="fr_FR">Estuary Extented Shortcuts, un habillage par phil65, Piers, YLLOW_DRAGON (habillage d'origine de Kodi).</summary>
		<summary lang="gl_ES">Pel Estuary Extented Shortcuts por phil65, Piers, YLLOW_DRAGON. (Kodi's default skin)</summary>
		<summary lang="hr_HR">Estuary Extented Shortcuts presvlaka autora phil65, Piers, YLLOW_DRAGON. (uobičajena Kodi presvlaka)</summary>
		<summary lang="hu_HU">Estuary Extented Shortcuts felszín. Készítette phil65, Piers, YLLOW_DRAGON. (Kodi alapértelmezett felszín)</summary>
		<summary lang="it_IT">Skin Estuary Extented Shortcuts da phil65, Piers, YLLOW_DRAGON. (Skin predefinita di Kodi)</summary>
		<summary lang="ja_JP">Estuary Extented Shortcuts スキン by phil65, Piers, YLLOW_DRAGON (Kodi デフォルトスキン)</summary>
		<summary lang="ko_KR">phil65와 Piers가 만든 Estuary Extented Shortcuts 스킨 (Kodi 기본 스킨)</summary>
		<summary lang="lt_LT">Estuary Extented Shortcuts teminė išvaizda, kurią sukūrė phil65, Piers, YLLOW_DRAGON. (Numatytoji Kodi teminė išvaizda)</summary>
		<summary lang="ms_MY">Kulit Estuary Extented Shortcuts oleh phil65 dan rakan-rakan. (Kulit lalai Kodi)</summary>
		<summary lang="nb_NO">Estuary Extented Shortcuts skinn av phil65, Piers, YLLOW_DRAGON. (Kodis standard skinn)</summary>
		<summary lang="nl_NL">Estuary Extented Shortcuts skin door phil65, Piers, YLLOW_DRAGON. (Kodi's standaardskin)</summary>
		<summary lang="pl_PL">Skóra Estuary Extented Shortcuts autorstwa phil65, Piers, YLLOW_DRAGON. (Domyślna skóra Kodi)</summary>
		<summary lang="pt_BR">Skin Estuary Extented Shortcuts por phil65, Piers, YLLOW_DRAGON. (Skin padrão do Kodi)</summary>
		<summary lang="pt_PT">Visual Estuary Extented Shortcuts de phil65, Piers, YLLOW_DRAGON. (Visual por omissão do Kodi)</summary>
		<summary lang="ru_RU">Обложка Estuary Extented Shortcuts (Адаптация для Jarvis). Авторы: phil65, Piers, YLLOW_DRAGON.</summary>
		<summary lang="sk_SK">Vzhľad Estuary Extented Shortcuts, vytvorili phil65, Piers, YLLOW_DRAGON. (predvolený vzhľad pre Kodi)</summary>
		<summary lang="sr_RS">Маска Estuary Extented Shortcuts аутора phil65, Piers, YLLOW_DRAGON. (Подразумевана Коди маска)</summary>
		<summary lang="sr_RS@latin">Maska Estuary Extented Shortcuts autora phil65, Piers, YLLOW_DRAGON. (Podrazumevana Kodi maska)</summary>
		<summary lang="sv_SE">Estuary Extented Shortcuts-skin av phil65, Piers, YLLOW_DRAGON. (Kodi's standard-skin)</summary>
		<summary lang="tr_TR">Estuary Extented Shortcuts dış görünümü. phil65, Piers, YLLOW_DRAGON (Kodi'nin varsayılan dış görünümü)</summary>
		<summary lang="zh_CN">phil65 和 Piers 开发的 Estuary Extented Shortcuts 皮肤（Kodi 的默认皮肤）</summary>
		<summary lang="zh_TW">phil65與Piers 製作的Estuary Extented Shortcuts佈景主題（Kodi的預設佈景主題）</summary>
		<description lang="bg_BG">Estuary Extented Shortcuts е стандартният облик на Kodi 17 и по-новите версии. Целта е да се улеснят хората които се сблъскват за първи път с Kodi.</description>
		<description lang="cs_CZ">Estuary Extented Shortcuts je výchozí motiv pro Kodi 17.0 a vyšší. Jeho účelem je zjednodušit používání Kodi pro nové uživatele.</description>
		<description lang="de_DE">Estuary Extented Shortcuts ist der Standardskin für Kodi 17.0 und höher. Ziel war es, einen einfach zu bedienenden Skin für neue Kodi-User zu entwickeln.</description>
		<description lang="el_GR">Το Estuary Extented Shortcuts είναι η προεπιλεγμένη αμφίεση για τις εκδόσεις Kodi 17.0 και άνω. Επιχειρεί να είναι προσιτό στους αρχάριους χρήστες του Kodi για να το κατανοήσουν και να το χρησιμοποιήσουν.</description>
		<description lang="en_GB">Estuary Extented Shortcuts is the default skin for Kodi 17.0 and above. It attempts to be easy for first time Kodi users to understand and use.</description>
		<description lang="en_NZ">Estuary Extented Shortcuts is the default skin for Kodi 17.0 and above. It attempts to be easy for first time Kodi users to understand and use.</description>
		<description lang="en_US">Estuary Extented Shortcuts is the default skin for Kodi 17.0 and above. It attempts to be easy for first time Kodi users to understand and use.</description>
		<description lang="es_ES">Estuary Extented Shortcuts es el skin por defecto para Kodi 17.0 o superior. Su objetivo es la facilidad de comprensión y uso para usuarios primerizos de Kodi.</description>
		<description lang="fi_FI">Estuary Extented Shortcuts on oletusulkoasu Kodin versiosta 17.0 lähtien. Se pyrkii olemaan helppo ymmärtää ja käyttää Kodin ensikäyttäjille. </description>
		<description lang="fr_CA">Estuary Extented Shortcuts est l'habillage par défaut pour Kodi 17.0 et ultérieure. Il s'efforce d'être facile à comprendre et à utiliser pour les utilisateurs débutants de Kodi.</description>
		<description lang="fr_FR">Estuary Extented Shortcuts est l'habillage d'origine pour Kodi 17.0 et supérieur. Il est facile à comprendre et à utiliser pour les utilisateurs novices de Kodi..</description>
		<description lang="gl_ES">Estuary Extented Shortcuts é a pel predefinida para Kodi 17.0 e superior. Esta tenta ser doada de entender e usar polos usuarios recen chegados a Kodi.</description>
		<description lang="hr_HR">Estuary Extented Shortcuts je uobičajena presvlaka za Kodi 17.0 i novije inačice. To je pokušaj da se novim korisnicima olakša prvo korištenje i kasnija upotreba Kodija.</description>
		<description lang="hu_HU">Az Estuary Extented Shortcuts az alapértelmezett felszín a 17.0 és újabb Kodi kiadásokban.  Megpróbál könnyen kezelhető és használható lenni, az újonc Kodi felhasználóknak is.</description>
		<description lang="it_IT">Estuary Extented Shortcuts è la skin predefinita di Kodi 17.0 e successivi. Cerca di essere facile da capire e usare per i nuovi utenti di Kodi.</description>
		<description lang="ja_JP">Estuary Extented Shortcuts は Kodi 17.0 およびそれ以上のバージョンで標準のスキンです。ユーザが初めて Kodi に触れる際にわかりやすく使えるようにしてあります。</description>
		<description lang="ko_KR">Estuary Extented Shortcuts는 Kodi 17.0이상의 기본 스킨입니다. 처음 Kodi를 접하는 사용자가 쉽게 이해하고 사용할 수 있도록 만들었습니다.</description>
		<description lang="lt_LT">Estuary Extented Shortcuts yra numatytoji Kodi 17.0 ir aukštesnių versijų teminė išvaizda. Jos tikslas tapti lengvai suprantama ir naudojama naujiems Kodi vartotojams.</description>
		<description lang="ms_MY">Estuary Extented Shortcuts ialah kulit lalai untuk Kodi 17.0 dan ke atas. Kulit yang mudah digunakan buat pengguna Kodi kali pertama untuk memahami dan menggunakannya.</description>
		<description lang="nb_NO">Estuary Extented Shortcuts er standard skinnet til Kodi 17.0 og nyere. Det forsøker å være et enkelt skinn for førstegangs brukere av Kodi til å fortså og bruke.</description>
		<description lang="nl_NL">Estuary Extented Shortcuts is de standaardskin voor Kodi 17.0 en hoger. Het tracht eenvoudig te begrijpen en te gebruiken te zijn voor beginnende Kodi-gebruikers.</description>
		<description lang="pl_PL">Estuary Extented Shortcuts jest domyślną skórą Kodi dla wersji 17.0 i późniejszych. Jest próbą łatwego wprowadzenia początkujących użytkowników w funkcje Kodi.</description>
		<description lang="pt_BR">Estuary Extented Shortcuts é a skin padrão para o Kodi 17.0 e acima. Objetiva ser fácil para usuários que iniciam no Kodi pela primeira vez, facilitando aprendizagem de uso do mesmo.</description>
		<description lang="pt_PT">O Estuary Extented Shortcuts é o visual por omissão para o Kodi 17.0 e posteriores. Tenta ser simples para os utilizadores menos experientes do Kodi compreenderem e usarem.</description>
		<description lang="ru_RU">Estuary Extented Shortcuts — это стандартная обложка Kodi, начиная с версии 17.0.&#10;Простая и понятная в использовании для новых пользователей Kodi.</description>
		<description lang="sk_SK">Estuary Extented Shortcuts je predvolený vzhľad pre Kodi 17.0 a vyššie. Pokúša sa byť pre prvotných používateľov Kodi jednoduchým na pochopenie a používanie.</description>
		<description lang="sr_RS">Estuary Extented Shortcuts је подразумевана маска за Kodi 17.0 и изнад. Покушава да буде једноставан за разумевање и коришћење новим корисницима Kodi-ја.</description>
		<description lang="sr_RS@latin">Estuary Extented Shortcuts je podrazumevana maska za Kodi 17.0 i iznad. Pokušava da bude jednostavan za razumevanje i korišćenje novim korisnicima Kodija.</description>
		<description lang="sv_SE">Estuary Extented Shortcuts är standard-skin för Kodi 17.0 och uppåt. Det försöker att vara lättförståeligt för förstagångsanvändare av Kodi att förstå och använda.</description>
		<description lang="tr_TR">Estuary Extented Shortcuts Kodi 17.0 ve yukarısı için varsayılan dış görünümdür. İlk kez Kodi kullananlar için anlaşılması ve kullanımı kolaydır.</description>
		<description lang="zh_CN">Estuary Extented Shortcuts 是 Kodi 17.0 的默认皮肤。它力求使首次使用 Kodi 的用户易于上手。</description>
		<description lang="zh_TW">Estuary Extented Shortcuts是Kodi 17.0開始搭載的預設佈景主題。主要在讓第一次使用 Kodi 的使用者可以簡單地上手。</description>
		<disclaimer lang="bg_BG">Estuary Extented Shortcuts е стандартният облик на Kodi. Премахването му може да предизвика проблеми</disclaimer>
		<disclaimer lang="cs_CZ">Estuary Extented Shortcuts je výchozí motiv pro Kodi, jeho odebráním může dojít k potížím</disclaimer>
		<disclaimer lang="de_DE">Estuary Extented Shortcuts ist der Standardskin von Kodi. Ein Entfernen des Skins kann Probleme verursachen.</disclaimer>
		<disclaimer lang="el_GR">Το Estuary Extented Shortcuts είναι η προεπιλεγμένη αμφίεση για το Kodi. Η αφαίρεσή του μπορεί να δημιουργήσει προβλήματα.</disclaimer>
		<disclaimer lang="en_GB">Estuary Extented Shortcuts (Adaptation for Jarvis)</disclaimer>
		<disclaimer lang="en_NZ">Estuary Extented Shortcuts (Adaptation for Jarvis)</disclaimer>
		<disclaimer lang="en_US">Estuary Extented Shortcuts (Adaptation for Jarvis)</disclaimer>
		<disclaimer lang="es_ES">Estuary Extented Shortcuts es el skin por defecto de Kodi. Desinstalarlo puede causar problemas.</disclaimer>
		<disclaimer lang="fi_FI">Estuary Extented Shortcuts on Kodin oletusulkoasu, sen poisto voi aiheuttaa ongelmia</disclaimer>
		<disclaimer lang="fr_CA">Estuary Extented Shortcuts est l'habillage par défaut de Kodi, le supprimer peut créer des problèmes</disclaimer>
		<disclaimer lang="fr_FR">Estuary Extented Shortcuts est l'habillage d'origine de Kodi, le retirer peut créer des problèmes</disclaimer>
		<disclaimer lang="gl_ES">Estuary Extented Shortcuts é a pel predefinida para Kodi e eliminala pode causar problemas.</disclaimer>
		<disclaimer lang="he_IL">Estuary Extented Shortcuts הינה מעטפת ברירת המחדל של Kodi, הסרתה עלולה לגרום לתקלות</disclaimer>
		<disclaimer lang="hr_HR">Estuary Extented Shortcuts je uobičajena presvlaka za Kodi, njegovim uklanjanjem može uzrokovati poteškoće</disclaimer>
		<disclaimer lang="hu_HU">Az Estuary Extented Shortcuts az alapértelmezett Kodi felszín. Eltávolítása problémákat okozhat.</disclaimer>
		<disclaimer lang="it_IT">Estuary Extented Shortcuts è la skin predefinita di Kodi, rimuoverla potrebbe causare problemi</disclaimer>
		<disclaimer lang="ja_JP">Estuary Extented Shortcuts は Kodi のデフォルトスキンですので、これを削除するとうまく動かなくなる可能性があります</disclaimer>
		<disclaimer lang="ko_KR">Estuary Extented Shortcuts는 Kodi의 기본스킨으로 제거시 문제가 생길 수 있습니다.</disclaimer>
		<disclaimer lang="lt_LT">Estuary Extented Shortcuts yra numatytoji Kodi teminė išvaizda, jos pašalinimas gali sukelti problemų</disclaimer>
		<disclaimer lang="ms_MY">Estuary Extented Shortcuts ialah kulit lalai Kodi, mengubahnya boleh menimbulkan isu.</disclaimer>
		<disclaimer lang="nb_NO">Estuary Extented Shortcuts er standard skinnet til Kodi, dersom du fjerner det kan det forårsake problemer.</disclaimer>
		<disclaimer lang="nl_NL">Estuary Extented Shortcuts is de standaard skin voor Kodi, het verwijderen van Estuary Extented Shortcuts kan leiden tot problemen.</disclaimer>
		<disclaimer lang="pl_PL">Estuary Extented Shortcuts jest domyślną skórą Kodi, jej usunięcie może powodować problemy</disclaimer>
		<disclaimer lang="pt_BR">Estuary Extented Shortcuts é a skin padrão para o Kodi, removendo-a pode causar problemas</disclaimer>
		<disclaimer lang="pt_PT">O Estuary Extented Shortcuts é o visual por omissão do Kodi; se o remover, poderá ter alguns problemas</disclaimer>
		<disclaimer lang="ru_RU">Estuary Extented Shortcuts (Адаптация для Jarvis)</disclaimer>
		<disclaimer lang="sk_SK">Estuary Extented Shortcuts je predvolený vzhľad pre Kodi, jeho odstránenie môže spôsobiť problémy</disclaimer>
		<disclaimer lang="sr_RS">Estuary Extented Shortcuts је подразумевана маска за Kodi, уклањање може изазвати проблеме</disclaimer>
		<disclaimer lang="sr_RS@latin">Estuary Extented Shortcuts je podrazumevana maska za Kodi, uklanjanje može izazvati probleme</disclaimer>
		<disclaimer lang="sv_SE">Estuary Extented Shortcuts är standard skalet för Kodi, ta bort den kan orsaka problem</disclaimer>
		<disclaimer lang="tr_TR">Estuary Extented Shortcuts Kodi için varsayılan dış görünümdür, kaldırmak sorunlara yol açabilir</disclaimer>
		<disclaimer lang="zh_CN">Estuary Extented Shortcuts 是 Kodi 的默认皮肤，删除它可能导致故障。</disclaimer>
		<disclaimer lang="zh_TW">Estuary Extented Shortcuts 是 Kodi 預設的佈景主題，移除它可能會造成問題</disclaimer>
		<platform>all</platform>
		<license>CC BY-SA 4.0, GNU GENERAL PUBLIC LICENSE Version 2.0</license>
		<forum>http://forum.kodi.tv/</forum>
		<email>nkvoronov@gmail.com</email>
		<source>https://github.com/nkvoronov/skin.estuary-extented.git</source>
	</extension>
</addon>
