<?xml version='1.0' encoding='UTF-8'?>
<shortcuts>
	<shortcut>
		<label>342</label>
		<label2>342</label2>
		<defaultID>movies</defaultID>
		<icon>resource://resource.images.skinicons.estuary/movies2.png</icon>
		<action>ActivateWindow(videos,videodb://movies/titles/,return)</action>
	</shortcut>
	<shortcut>
		<label>20343</label>
		<label2>20343</label2>
		<defaultID>tvshows</defaultID>
		<icon>resource://resource.images.skinicons.estuary/tvshows.png</icon>
		<action>ActivateWindow(videos,videodb://tvshows/titles/,return)</action>
	</shortcut>
	<shortcut>
		<label>2</label>
		<label2>2</label2>
		<defaultID>music</defaultID>
		<icon>resource://resource.images.skinicons.estuary/music.png</icon>
		<action>ActivateWindow(music)</action>
	</shortcut>
	<shortcut>
		<label>427</label>
		<label2>427</label2>
		<defaultID>dvd</defaultID>
		<icon>resource://resource.images.skinicons.estuary/dvd.png</icon>
		<action>PlayDVD</action>
	</shortcut>
	<shortcut>
		<label>20389</label>
		<label2>20389</label2>
		<defaultID>musicvideos</defaultID>
		<icon>resource://resource.images.skinicons.estuary/musicvideos.png</icon>
		<action>ActivateWindow(videos,videodb://musicvideos/,return)</action>
	</shortcut>
	<shortcut>
		<label>19020</label>
		<label2>19020</label2>
		<defaultID>livetv</defaultID>
		<icon>resource://resource.images.skinicons.estuary/livetv.png</icon>
		<action>ActivateWindow(tvchannels)</action>
	</shortcut>
	<shortcut>
		<label>19021</label>
		<label2>19021</label2>
		<defaultID>radio</defaultID>
		<icon>resource://resource.images.skinicons.estuary/radio.png</icon>
		<action>ActivateWindow(radiochannels)</action>
	</shortcut>
	<shortcut>
		<label>24001</label>
		<label2>24001</label2>
		<defaultID>addons</defaultID>
		<icon>resource://resource.images.skinicons.estuary/addons.png</icon>
		<action>ActivateWindow(1100)</action>
	</shortcut>
	<shortcut>
		<label>1</label>
		<label2>1</label2>
		<defaultID>pictures</defaultID>
		<icon>resource://resource.images.skinicons.estuary/pictures.png</icon>
		<action>ActivateWindow(pictures)</action>
	</shortcut>
	<shortcut>
		<label>3</label>
		<label2>3</label2>
		<defaultID>video</defaultID>
		<icon>resource://resource.images.skinicons.estuary/videos.png</icon>
		<action>ActivateWindow(videos,library://video/,return)</action>
	</shortcut>
	<shortcut>
		<label>1036</label>
		<label2>1036</label2>
		<defaultID>favorites</defaultID>
		<icon>resource://resource.images.skinicons.estuary/favourites2.png</icon>
		<action>ActivateWindow(favourites)</action>
	</shortcut>
	<shortcut>
		<label>8</label>
		<label2>8</label2>
		<defaultID>weather</defaultID>
		<icon>resource://resource.images.skinicons.estuary/weather.png</icon>
		<action>ActivateWindow(weather)</action>
	</shortcut>
</shortcuts>
