<?xml version="1.0" encoding="UTF-8"?>
<window id="2123">
	<defaultcontrol always="true">9000</defaultcontrol>
	<controls>
		<include>CommonCustomBackgroundSettings</include>
		<include>CommonBackground</include>
		<control type="image">
			<left>0</left>
			<top>100r</top>
			<width>1280</width>
			<height>100</height>
			<texture>floor.png</texture>
			<include>VisibleFadeEffect</include>
			<visible>!Skin.HasSetting(NoFloorAll)</visible>
		</control>
		<include content="CommonWindowHeader">
			<param name="Icon" value="icon_system" />
			<param name="Label" value="$LOCALIZE[5][COLOR=blue] - [/COLOR]$LOCALIZE[166][COLOR=blue] - [/COLOR]$LOCALIZE[513]" />
		</include>
		<control type="group">
			<left>90</left>
			<top>30</top>
			<animation type="WindowOpen" reversible="false">
				<effect type="zoom" start="80" end="100" center="640,360" easing="out" tween="back" time="225" />
				<effect type="fade" start="0" end="100" time="225" />
			</animation>
			<animation type="WindowClose" reversible="false">
				<effect type="zoom" start="100" end="80" center="640,360" easing="in" tween="back" time="225" />
				<effect type="fade" start="100" end="0" time="225" />
			</animation>
			<control type="image">
				<left>5</left>
				<top>5</top>
				<width>1090</width>
				<height>630</height>
				<texture border="15">ContentPanel.png</texture>
			</control>
			<control type="image">
				<left>5</left>
				<top>625</top>
				<width>1090</width>
				<height>64</height>
				<texture border="15">ContentPanelMirror.png</texture>
				<visible>!Skin.HasSetting(NoFloorAll)</visible>
			</control>
			<control type="button">
				<description>Close Window button</description>
				<left>980</left>
				<top>11</top>
				<width>64</width>
				<height>32</height>
				<label/>
				<font/>
				<onclick>PreviousMenu</onclick>
				<texturefocus>DialogCloseButton-focus.png</texturefocus>
				<texturenofocus>DialogCloseButton.png</texturenofocus>
				<onleft>1</onleft>
				<onright>1</onright>
				<onup>1</onup>
				<ondown>1</ondown>
				<visible>system.getbool(input.enablemouse)</visible>
			</control>
			<control type="image">
				<description>LOGO</description>
				<left>30</left>
				<top>15</top>
				<width>220</width>
				<height>80</height>
				<aspectratio>keep</aspectratio>
				<texture>Confluence_Logo.png</texture>
			</control>
			<control type="list" id="9000">
				<left>10</left>
				<top>90</top>
				<width>260</width>
				<height>481</height>
				<onleft>9010</onleft>
				<onright>9010</onright>
				<onup>9000</onup>
				<ondown>9000</ondown>
				<pagecontrol>-</pagecontrol>
				<scrolltime>300</scrolltime>
				<itemlayout height="50" width="260">
					<control type="image">
						<left>0</left>
						<top>0</top>
						<width>260</width>
						<height>51</height>
						<texture border="5">MenuItemNF.png</texture>
					</control>
					<control type="label">
						<left>0</left>
						<top>0</top>
						<width>240</width>
						<height>50</height>
						<font>font24_title</font>
						<textcolor>grey3</textcolor>
						<align>right</align>
						<aligny>center</aligny>
						<label>$INFO[ListItem.Label]</label>
					</control>
				</itemlayout>
				<focusedlayout height="50" width="260">
					<control type="image">
						<left>0</left>
						<top>0</top>
						<width>260</width>
						<height>51</height>
						<texture border="5">MenuItemFO.png</texture>
						<animation effect="fade" start="100" end="30" time="75" condition="!Control.HasFocus(9000)">Conditional</animation>
					</control>
					<control type="label">
						<left>0</left>
						<top>0</top>
						<width>240</width>
						<height>50</height>
						<font>font24_title</font>
						<textcolor>white</textcolor>
						<align>right</align>
						<aligny>center</aligny>
						<label>$INFO[ListItem.Label]</label>
					</control>
				</focusedlayout>
				<content>
					<item id="1">
						<label>$LOCALIZE[513]</label>
						<label2>$LOCALIZE[513]</label2>
						<onclick>noop</onclick>
					</item>
					<item id="2">
						<label>$LOCALIZE[88123]</label>
						<label2>$LOCALIZE[88123]</label2>
						<onclick>noop</onclick>
					</item>
					<item id="3">
						<label>$LOCALIZE[31200]</label>
						<label2>$LOCALIZE[31200]</label2>
						<onclick>noop</onclick>
					</item>
				</content>
			</control>
			<control type="image">
				<left>268</left>
				<top>10</top>
				<width>790</width>
				<height>618</height>
				<texture border="5">black-back2.png</texture>
			</control>
			<control type="image">
				<left>268</left>
				<top>10</top>
				<width>790</width>
				<height>52</height>
				<texture>dialogheader.png</texture>
			</control>
			<control type="label">
				<description>header label</description>
				<left>300</left>
				<top>20</top>
				<width>726</width>
				<height>30</height>
				<font>font16</font>
				<label>$LOCALIZE[166] - $INFO[Container(9000).ListItem.Label]</label>
				<align>center</align>
				<aligny>center</aligny>
				<textcolor>white</textcolor>
				<shadowcolor>black</shadowcolor>
			</control>
			<control type="group" id="9010">
				<!-- Menus -->
				<control type="grouplist" id="9001">
					<visible>Container(9000).Hasfocus(1)</visible>
					<left>290</left>
					<top>60</top>
					<width>750</width>
					<height>435</height>
					<itemgap>-1</itemgap>
					<pagecontrol>61</pagecontrol>
					<onleft>9000</onleft>
					<onright>61</onright>
					<onup>9001</onup>
					<ondown>9001</ondown>
					<!-- Home menu 01 -->
					<include content="HomeMainMenuItemSettings">
						<param name="id" value="1" />
						<param name="id2" value="01" />
					</include>
					<!-- Home menu 02 -->
					<include content="HomeMainMenuItemSettings">
						<param name="id" value="2" />
						<param name="id2" value="02" />
					</include>
					<!-- Home menu 03 -->
					<include content="HomeMainMenuItemSettings">
						<param name="id" value="3" />
						<param name="id2" value="03" />
					</include>
					<!-- Home menu 04 -->
					<include content="HomeMainMenuItemSettings">
						<param name="id" value="4" />
						<param name="id2" value="04" />
					</include>
					<!-- Home menu 05 -->
					<include content="HomeMainMenuItemSettings">
						<param name="id" value="5" />
						<param name="id2" value="05" />
					</include>
					<!-- Home menu 06 -->
					<include content="HomeMainMenuItemSettings">
						<param name="id" value="6" />
						<param name="id2" value="06" />
					</include>
					<!-- Home menu 07 -->
					<include content="HomeMainMenuItemSettings">
						<param name="id" value="7" />
						<param name="id2" value="07" />
					</include>
					<!-- Home menu 08 -->
					<include content="HomeMainMenuItemSettings">
						<param name="id" value="8" />
						<param name="id2" value="08" />
					</include>
					<!-- Home menu 09 -->
					<include content="HomeMainMenuItemSettings">
						<param name="id" value="9" />
						<param name="id2" value="09" />
					</include>
					<!-- Home menu 10 -->
					<include content="HomeMainMenuItemSettings">
						<param name="id" value="10" />
						<param name="id2" value="10" />
					</include>
					<!-- Home menu 11 -->
					<include content="HomeMainMenuItemSettings">
						<param name="id" value="11" />
						<param name="id2" value="11" />
					</include>
					<!-- Home menu 12 -->
					<include content="HomeMainMenuItemSettings">
						<param name="id" value="12" />
						<param name="id2" value="12" />
					</include>
					<!-- Home menu 13 -->
					<include content="HomeMainMenuItemSettings">
						<param name="id" value="13" />
						<param name="id2" value="13" />
					</include>
					<!-- Home menu 14 -->
					<include content="HomeMainMenuItemSettings">
						<param name="id" value="14" />
						<param name="id2" value="14" />
					</include>
					<!-- Home menu 15 -->
					<include content="HomeMainMenuItemSettings">
						<param name="id" value="15" />
						<param name="id2" value="15" />
					</include>
					<!-- Home menu 16 -->
					<include content="HomeMainMenuItemSettings">
						<param name="id" value="16" />
						<param name="id2" value="16" />
					</include>
					<!-- Home menu 17 -->
					<include content="HomeMainMenuItemSettings">
						<param name="id" value="17" />
						<param name="id2" value="17" />
					</include>
					<!-- Home menu 18 -->
					<include content="HomeMainMenuItemSettings">
						<param name="id" value="18" />
						<param name="id2" value="18" />
					</include>
					<!-- Home menu 19 -->
					<include content="HomeMainMenuItemSettings">
						<param name="id" value="19" />
						<param name="id2" value="19" />
					</include>
					<!-- Home menu 20 -->
					 <include content="HomeMainMenuItemSettings">
						<param name="id" value="20" />
						<param name="id2" value="20" />
					</include>
					<control type="image" id="100">
						<description>Separator Image</description>
						<height>2</height>
						<texture>separator2.png</texture>
					</control>
					<control type="button" id="101">
						<description>Reset Section</description>
						<width>750</width>
						<height>40</height>
						<font>font13</font>
						<label>$LOCALIZE[10041]</label>
						<textcolor>grey2</textcolor>
						<focusedcolor>white</focusedcolor>
						<texturefocus>MenuItemFO.png</texturefocus>
						<texturenofocus>MenuItemNF.png</texturenofocus>
						<onclick>ActivateWindow(2151)</onclick>
					</control>
				</control>
				<control type="scrollbar" id="61">
					<left>1060</left>
					<top>60</top>
					<width>25</width>
					<height>435</height>
					<texturesliderbackground border="0,14,0,14">ScrollBarV.png</texturesliderbackground>
					<texturesliderbar border="0,14,0,14">ScrollBarV_bar.png</texturesliderbar>
					<texturesliderbarfocus border="0,14,0,14">ScrollBarV_bar_focus.png</texturesliderbarfocus>
					<textureslidernib>ScrollBarNib.png</textureslidernib>
					<textureslidernibfocus>ScrollBarNib.png</textureslidernibfocus>
					<onleft>9001</onleft>
					<onright>9000</onright>
					<showonepage>false</showonepage>
					<orientation>vertical</orientation>
					<visible>Container(9000).Hasfocus(1)</visible>
				</control>
				<!-- Submenu sets -->
				<control type="grouplist" id="9002">
					<visible>Container(9000).Hasfocus(2)</visible>
					<left>290</left>
					<top>60</top>
					<width>750</width>
					<height>435</height>
					<itemgap>-1</itemgap>
					<pagecontrol>62</pagecontrol>
					<onleft>9000</onleft>
					<onright>62</onright>
					<onup>9002</onup>
					<ondown>9002</ondown>
					<!-- Submenu set 01 -->
					<include content="HomeMainSubMenusItemSettings">
						<param name="id2" value="01" />
					</include>
					<!-- Submenu set 02 -->
					<include content="HomeMainSubMenusItemSettings">
						<param name="id2" value="02" />
					</include>
					<!-- Submenu set 03 -->
					<include content="HomeMainSubMenusItemSettings">
						<param name="id2" value="03" />
					</include>
					<!-- Submenu set 04 -->
					<include content="HomeMainSubMenusItemSettings">
						<param name="id2" value="04" />
					</include>
					<!-- Submenu set 05 -->
					<include content="HomeMainSubMenusItemSettings">
						<param name="id2" value="05" />
					</include>
					<!-- Submenu set 06 -->
					<include content="HomeMainSubMenusItemSettings">
						<param name="id2" value="06" />
					</include>
					<!-- Submenu set 07 -->
					<include content="HomeMainSubMenusItemSettings">
						<param name="id2" value="07" />
					</include>
					<!-- Submenu set 08 -->
					<include content="HomeMainSubMenusItemSettings">
						<param name="id2" value="08" />
					</include>
					<!-- Submenu set 09 -->
					<include content="HomeMainSubMenusItemSettings">
						<param name="id2" value="09" />
					</include>
					<!-- Submenu set 10 -->
					<include content="HomeMainSubMenusItemSettings">
						<param name="id2" value="10" />
					</include>
					<!-- Submenu set 11 -->
					<include content="HomeMainSubMenusItemSettings">
						<param name="id2" value="11" />
					</include>
					<!-- Submenu set 12 -->
					<include content="HomeMainSubMenusItemSettings">
						<param name="id2" value="12" />
					</include>
					<!-- Submenu set 13 -->
					<include content="HomeMainSubMenusItemSettings">
						<param name="id2" value="13" />
					</include>
					<!-- Submenu set 14 -->
					<include content="HomeMainSubMenusItemSettings">
						<param name="id2" value="14" />
					</include>
					<!-- Submenu set 15 -->
					<include content="HomeMainSubMenusItemSettings">
						<param name="id2" value="15" />
					</include>
					<!-- Submenu set 16 -->
					<include content="HomeMainSubMenusItemSettings">
						<param name="id2" value="16" />
					</include>
					<!-- Submenu set 17 -->
					<include content="HomeMainSubMenusItemSettings">
						<param name="id2" value="17" />
					</include>
					<!-- Submenu set 18 -->
					<include content="HomeMainSubMenusItemSettings">
						<param name="id2" value="18" />
					</include>
					<!-- Submenu set 19 -->
					<include content="HomeMainSubMenusItemSettings">
						<param name="id2" value="19" />
					</include>
					<!-- Submenu set 20 -->
					<include content="HomeMainSubMenusItemSettings">
						<param name="id2" value="20" />
					</include>
					<control type="image" id="200">
						<description>Separator Image</description>
						<height>2</height>
						<texture>separator2.png</texture>
					</control>
					<control type="button" id="201">
						<description>Reset Section</description>
						<width>750</width>
						<height>40</height>
						<font>font13</font>
						<label>$LOCALIZE[10041]</label>
						<textcolor>grey2</textcolor>
						<focusedcolor>white</focusedcolor>
						<texturefocus>MenuItemFO.png</texturefocus>
						<texturenofocus>MenuItemNF.png</texturenofocus>
						<onclick>ActivateWindow(2152)</onclick>
					</control>
				</control>
				<control type="scrollbar" id="62">
					<left>1060</left>
					<top>60</top>
					<width>25</width>
					<height>435</height>
					<texturesliderbackground border="0,14,0,14">ScrollBarV.png</texturesliderbackground>
					<texturesliderbar border="0,14,0,14">ScrollBarV_bar.png</texturesliderbar>
					<texturesliderbarfocus border="0,14,0,14">ScrollBarV_bar_focus.png</texturesliderbarfocus>
					<textureslidernib>ScrollBarNib.png</textureslidernib>
					<textureslidernibfocus>ScrollBarNib.png</textureslidernibfocus>
					<onleft>9002</onleft>
					<onright>9000</onright>
					<showonepage>false</showonepage>
					<orientation>vertical</orientation>
					<visible>Container(9000).Hasfocus(2)</visible>
				</control>
				<!-- Addons sets -->
				<control type="grouplist" id="9003">
					<visible>Container(9000).Hasfocus(3)</visible>
					<left>290</left>
					<top>60</top>
					<width>750</width>
					<height>435</height>
					<itemgap>-1</itemgap>
					<pagecontrol>63</pagecontrol>
					<onleft>9000</onleft>
					<onright>63</onright>
					<onup>9005</onup>
					<ondown>9003</ondown>
					<!-- Addon set 01 -->
					<include content="HomeMainAddonSetsItemSettings">
						<param name="id2" value="01" />
					</include>
					<!-- Addon set 02 -->
					<include content="HomeMainAddonSetsItemSettings">
						<param name="id2" value="02" />
					</include>
					<!-- Addon set 03 -->
					<include content="HomeMainAddonSetsItemSettings">
						<param name="id2" value="03" />
					</include>
					<!-- Addon set 04 -->
					<include content="HomeMainAddonSetsItemSettings">
						<param name="id2" value="04" />
					</include>
					<!-- Addon set 05 -->
					<include content="HomeMainAddonSetsItemSettings">
						<param name="id2" value="05" />
					</include>
					<!-- Addon set 06 -->
					<include content="HomeMainAddonSetsItemSettings">
						<param name="id2" value="06" />
					</include>
					<!-- Addon set 07 -->
					<include content="HomeMainAddonSetsItemSettings">
						<param name="id2" value="07" />
					</include>
					<!-- Addon set 08 -->
					<include content="HomeMainAddonSetsItemSettings">
						<param name="id2" value="08" />
					</include>
					<!-- Addon set 09 -->
					<include content="HomeMainAddonSetsItemSettings">
						<param name="id2" value="09" />
					</include>
					<!-- Addon set 10 -->
					<include content="HomeMainAddonSetsItemSettings">
						<param name="id2" value="10" />
					</include>
					<!-- Addon set 11 -->
					<include content="HomeMainAddonSetsItemSettings">
						<param name="id2" value="11" />
					</include>
					<!-- Addon set 12 -->
					<include content="HomeMainAddonSetsItemSettings">
						<param name="id2" value="12" />
					</include>
					<!-- Addon set 13 -->
					<include content="HomeMainAddonSetsItemSettings">
						<param name="id2" value="13" />
					</include>
					<!-- Addon set 14 -->
					<include content="HomeMainAddonSetsItemSettings">
						<param name="id2" value="14" />
					</include>
					<!-- Addon set 15 -->
					<include content="HomeMainAddonSetsItemSettings">
						<param name="id2" value="15" />
					</include>
					<!-- Addon set 16 -->
					<include content="HomeMainAddonSetsItemSettings">
						<param name="id2" value="16" />
					</include>
					<!-- Addon set 17 -->
					<include content="HomeMainAddonSetsItemSettings">
						<param name="id2" value="17" />
					</include>
					<!-- Addon set 18 -->
					<include content="HomeMainAddonSetsItemSettings">
						<param name="id2" value="18" />
					</include>
					<!-- Addon set 19 -->
					<include content="HomeMainAddonSetsItemSettings">
						<param name="id2" value="19" />
					</include>
					<!-- Addon set 20 -->
					<include content="HomeMainAddonSetsItemSettings">
						<param name="id2" value="20" />
					</include>
					<control type="image" id="300">
						<description>Separator Image</description>
						<height>2</height>
						<texture>separator2.png</texture>
					</control>
					<control type="button" id="301">
						<description>Reset Section</description>
						<width>750</width>
						<height>40</height>
						<font>font13</font>
						<label>$LOCALIZE[10041]</label>
						<textcolor>grey2</textcolor>
						<focusedcolor>white</focusedcolor>
						<texturefocus>MenuItemFO.png</texturefocus>
						<texturenofocus>MenuItemNF.png</texturenofocus>
						<onclick>ActivateWindow(2153)</onclick>
					</control>
				</control>
				<control type="scrollbar" id="63">
					<left>1060</left>
					<top>60</top>
					<width>25</width>
					<height>435</height>
					<texturesliderbackground border="0,14,0,14">ScrollBarV.png</texturesliderbackground>
					<texturesliderbar border="0,14,0,14">ScrollBarV_bar.png</texturesliderbar>
					<texturesliderbarfocus border="0,14,0,14">ScrollBarV_bar_focus.png</texturesliderbarfocus>
					<textureslidernib>ScrollBarNib.png</textureslidernib>
					<textureslidernibfocus>ScrollBarNib.png</textureslidernibfocus>
					<onleft>9003</onleft>
					<onright>9000</onright>
					<showonepage>false</showonepage>
					<orientation>vertical</orientation>
					<visible>Container(9000).Hasfocus(3)</visible>
				</control>
			</control>
			<control type="image">
				<description>separator image</description>
				<left>290</left>
				<top>525</top>
				<width>750</width>
				<height>2</height>
				<texture>separator2.png</texture>
				<colordiffuse>40FFFFFF</colordiffuse>
			</control>
			<control type="textbox" id="6">
				<description>description area</description>
				<left>297</left>
				<top>532</top>
				<width>736</width>
				<height>83</height>
				<font>font12</font>
				<align>justify</align>
				<textcolor>white</textcolor>
				<autoscroll time="3000" delay="4000" repeat="5000">true</autoscroll>
				<label>$INFO[Container(9000).ListItem.Label2]</label>
			</control>
		</control>
		<include>CommonNowPlaying</include>
		<include>MainWindowMouseButtons</include>
		<include>BehindDialogFadeOut</include>
	</controls>
</window>
