<?xml version="1.0" encoding="UTF-8" standalone="yes"?>
<addon id="script.globalsearch" name="Global Search" version="9.0.5.035" provider-name="ronie, YLLOW_DRAGON">
	<requires>
		<import addon="xbmc.python" version="3.0.0"/>
	</requires>
	<extension point="xbmc.python.script" library="default.py"/>
	<extension point="xbmc.addon.metadata">
		<summary lang="en_GB">Search your library.</summary>
		<summary lang="ru_RU">Найдите в вашей библиотеке.</summary>
		<summary lang="uk_UA">Пошук у вашій бібліотеці.</summary>
		<description lang="en_GB">This addon can find any item in your video and music library.</description>
		<description lang="ru_RU">Это дополнение поможет найти любую запись в вашей медиатеке.</description>
		<description lang="uk_UA">Це доповнення допоможе знайти будь-який запис у вашій бібліотеці.</description>
		<language></language>
		<platform>all</platform>
		<license>GPL-2.0-only</license>
		<forum>https://forum.kodi.tv/showthread.php?tid=109301</forum>
		<website></website>
		<email>nkvoronov@gmail.com</email>
		<source>https://github.com/nkvoronov/script.globalsearch.git</source>
		<assets>
			<icon>resources/icon.png</icon>
			<fanart>resources/fanart.jpg</fanart>
		</assets>
		<news>- add support for searching musicvideos by artist name
- add support for originaltitle search
- add support for tv show actors
- add videoresolution flag</news>
	</extension>
</addon>
