<?xml version="1.0" encoding="UTF-8" standalone="yes"?>
<addon id="script.xbmc.audio.mixer"
    name="Kodi Audio Mixer"
    version="3.0.0.003"
    provider-name="Team XBMC, YLLOW_DRAGON">
    <requires>
        <import addon="xbmc.python" version="2.14.0"/>
    </requires>
    <extension point="xbmc.python.script" library="default.py" />
    <extension point="xbmc.addon.metadata">
        <platform>osx linux</platform>
        <summary lang="en">Kodi Audio Mixer</summary>
        <summary lang="ru">Kodi Аудио Микшер</summary>
        <description lang="en">Kodi Audio Mixer</description>
        <description lang="ru">Kodi Аудио Микшер</description>
        <license>GNU GENERAL PUBLIC LICENSE. Version 2, June 1991</license>
        <forum></forum>
        <website></website>
        <email>nkvoronov@gmail.com</email>
        <source>https://github.com/nkvoronov/script.skinshortcuts.git</source>
    </extension>
</addon>
