﻿<?xml version="1.0" encoding="UTF-8" standalone="yes"?>
	<addon id="script.skin.helper.backgrounds" name="Skin Helper Service Backgrounds" version="1.0.34.027" provider-name="marcelveldt, YLLOW_DRAGON">
	<requires>
		<import addon="xbmc.python" version="3.0.0"/>
		<import addon="xbmc.addon" version="12.0.0"/>
		<import addon="script.module.pil" version="1.1.7"/>
		<import addon="script.module.simplecache" version="1.0.0"/>
		<import addon="script.module.metadatautils" version="1.0.0"/>
	</requires>
	<extension point="xbmc.python.library" library="default.py" />
	<extension point="xbmc.service" library="service.py" start="login" />
	<extension point="xbmc.addon.metadata">
		<summary lang="en_GB">Helper service for Kodi skins providing rotating backgrounds</summary>
		<summary lang="ru_RU">Сервис помощник для KODI обложек (Фоны)</summary>
		<summary lang="uk_UA">Сервіс помічник для KODI обкладинок (Фони)</summary>
		<description lang="en_GB">Helper service for Kodi skins providing rotating backgrounds</description>
		<description lang="ru_RU">Сервис помощник для KODI обложек (Фоны)</description>
		<description lang="uk_UA">Сервіс помічник для KODI обкладинок (Фони)</description>
		<language></language>
		<platform>all</platform>
		<license>GPL v2.0</license>
		<forum>http://forum.kodi.tv/showthread.php?tid=235676</forum>
		<website></website>
		<email>nkvoronov@gmail.com</email>
		<source>https://github.com/nkvoronov/script.skin.helper.backgrounds.git</source>
		<assets>
			<icon>resources/icon.png</icon>
			<fanart>resources/fanart.jpg</fanart>
		</assets>
	</extension>
</addon>