<?xml version="1.0" encoding="utf-8"?>
<window type="dialog" id="2126">
	<defaultcontrol always="true">450</defaultcontrol>
	<coordinates>
		<system>1</system>
		<left>0</left>
		<top>0</top>
	</coordinates>
	<controls>
        <include name="CustomRandomDialog">
            <param name="dlg_title" value="$LOCALIZE[89038]" />
            <param name="id_win" value="2126" />
            <param name="fallback_pic" value="DefaultMusicVideos.png" />
            <param name="list_pic" value="$INFO[Container(450).ListItem.Thumb]" />
            <param name="list_label" value="$INFO[ListItem.Artist] - $INFO[ListItem.Label]" />
            <param name="include_name" value="RandomMusicVideoContent" />
        </include>
	</controls>
</window>