<?xml version="1.0" encoding="UTF-8"?>
<window>
	<defaultcontrol>1001</defaultcontrol>
	<animation effect="fade" time="300">WindowOpen</animation>
	<animation effect="fade" time="300">WindowClose</animation>
	<coordinates>
		<system>1</system>
		<posx>0</posx>
		<posy>0</posy>
	</coordinates>
	<controls>
		<!-- assume the context menu contains 1 button. code the size/position of all controls based on that -->
		<control type="image" id="999">
			<posx>460</posx>
			<posy>314</posy>
			<width>360</width>
			<height>94</height>
			<texture border="30,20,30,20">DialogBack.png</texture>
		</control>
		<control type="button" id="1001">
			<posx>480</posx>
			<posy>344</posy>
			<width>320</width>
			<height>38</height>
			<font>font-20</font>
			<align>center</align>
			<textcolor>88FFFFFF</textcolor>
			<focusedcolor>FFFFFFFF</focusedcolor>
			<texturefocus border="5">button-focus.png</texturefocus>
			<texturenofocus border="5">button-nofocus.png</texturenofocus>
			<onleft>1001</onleft>
			<onright>1001</onright>
			<onup>1003</onup>
			<ondown>1002</ondown>
		</control>
		<control type="button" id="1002">
			<posx>480</posx>
			<posy>382</posy>
			<width>320</width>
			<height>38</height>
			<font>font-20</font>
			<align>center</align>
			<textcolor>88FFFFFF</textcolor>
			<focusedcolor>FFFFFFFF</focusedcolor>
			<texturefocus border="5">button-focus.png</texturefocus>
			<texturenofocus border="5">button-nofocus.png</texturenofocus>
			<onleft>1002</onleft>
			<onright>1002</onright>
			<onup>1001</onup>
			<ondown>1003</ondown>
		</control>
		<control type="button" id="1003">
			<posx>480</posx>
			<posy>420</posy>
			<width>320</width>
			<height>38</height>
			<font>font-20</font>
			<align>center</align>
			<textcolor>88FFFFFF</textcolor>
			<focusedcolor>FFFFFFFF</focusedcolor>
			<texturefocus border="5">button-focus.png</texturefocus>
			<texturenofocus border="5">button-nofocus.png</texturenofocus>
			<onleft>1003</onleft>
			<onright>1003</onright>
			<onup>1002</onup>
			<ondown>1001</ondown>
		</control>
	</controls>
</window>
