<?xml version="1.0" encoding="UTF-8"?>
<window>
	<defaultcontrol>-</defaultcontrol>
	<coordinates>
		<system>1</system>
		<posx>0</posx>
		<posy>0</posy>
	</coordinates>
	<controls>
		<control type="list" id="100">
			<posx>-10</posx>
			<posy>-10</posy>
			<width>1</width>
			<height>1</height>
			<itemlayout width="1" height="1"/>
			<focusedlayout width="1" height="1"/>
		</control>
		<control type="group">
			<animation effect="fade" start="0" end="100" time="400">WindowOpen</animation>
			<animation effect="fade" start="100" end="0" time="400">WindowClose</animation>
			<control type="image">
				<posx>20</posx>
				<posy>48</posy>
				<width>1240</width>
				<height>623</height>
				<texture>black.png</texture>
			</control>
			<control type="image" id="199">
				<posx>20</posx>
				<posy>48</posy>
				<width>1240</width>
				<height>623</height>
				<colordiffuse>4FFFFFFF</colordiffuse>
				<aspectratio>scale</aspectratio>
				<texture>$INFO[Container(100).ListItem.Property(Fanart)]</texture>
			</control>
			<control type="image">
				<posx>20</posx>
				<posy>48</posy>
				<width>1240</width>
				<height>623</height>
				<texture>background.jpg</texture>
				<colordiffuse>4FFFFFFF</colordiffuse>
				<aspectratio>scale</aspectratio>
				<visible>IsEmpty(Control.GetLabel(199))</visible>
			</control>
			<control type="label">
				<posx>40</posx>
				<posy>58</posy>
				<width>1200</width>
				<height>30</height>
				<font>font24_title</font>
				<label>-</label>
				<align>center</align>
				<aligny>center</aligny>
				<textcolor>FFFFFFFF</textcolor>
				<shadowcolor>FF000000</shadowcolor>
				<label>$INFO[Container(100).ListItem.Label]</label>
			</control>
			<control type="image">
				<posx>40</posx>
				<posy>93</posy>
				<width>1200</width>
				<height>4</height>
				<aspectratio>stretch</aspectratio>
				<texture>separator.png</texture>
			</control>
			<control type="image">
				<posx>50</posx>
				<posy>108</posy>
				<width>360</width>
				<height>360</height>
				<aspectratio>keep</aspectratio>
				<texture>$INFO[Container(100).ListItem.Icon]</texture>
			</control>
			<control type="group">
				<visible>Control.IsVisible(110) | Control.IsVisible(140) | Control.IsVisible(150)</visible>
				<control type="image">
					<posx>80</posx>
					<posy>425</posy>
					<width>48</width>
					<height>36</height>
					<aspectratio>keep</aspectratio>
					<texture>mediaflags/videoresolution/$INFO[Container(100).ListItem.Property(VideoResolution),,.png]</texture>
				</control>
				<control type="image">
					<posx>130</posx>
					<posy>425</posy>
					<width>75</width>
					<height>36</height>
					<aspectratio>keep</aspectratio>
					<texture>mediaflags/videocodec/$INFO[Container(100).ListItem.Property(VideoCodec),,.png]</texture>
				</control>
				<control type="image">
					<posx>207</posx>
					<posy>425</posy>
					<width>48</width>
					<height>36</height>
					<aspectratio>keep</aspectratio>
					<texture>mediaflags/videoaspect/$INFO[Container(100).ListItem.Property(VideoAspect),,.png]</texture>
				</control>
				<control type="image">
					<posx>257</posx>
					<posy>425</posy>
					<width>75</width>
					<height>36</height>
					<aspectratio>keep</aspectratio>
					<texture>mediaflags/audiocodec/$INFO[Container(100).ListItem.Property(AudioCodec),,.png]</texture>
				</control>
				<control type="image">
					<posx>334</posx>
					<posy>425</posy>
					<width>48</width>
					<height>36</height>
					<aspectratio>keep</aspectratio>
					<texture>mediaflags/audiochannels/$INFO[Container(100).ListItem.Property(AudioChannels),,.png]</texture>
				</control>
			</control>
			<control type="group" id="101">
				<control type="list" id="200">
					<posx>430</posx>
					<posy>118</posy>
					<width>800</width>
					<height>330</height>
					<onleft>200</onleft>
					<onright>200</onright>
					<onup>190</onup>
					<ondown>195</ondown>
					<pagecontrol>-</pagecontrol>
					<scrolltime>200</scrolltime>
					<itemlayout width="800" height="30">
						<control type="label">
							<posx>0</posx>
							<posy>0</posy>
							<width>165</width>
							<height>30</height>
							<font>font13</font>
							<align>right</align>
							<aligny>center</aligny>
							<textcolor>FF4DBAFF</textcolor>
							<selectedcolor>FF4DBAFF</selectedcolor>
							<label>$INFO[ListItem.Label]</label>
						</control>
						<control type="label">
							<posx>175</posx>
							<posy>0</posy>
							<width>625</width>
							<height>30</height>
							<font>font13</font>
							<align>left</align>
							<aligny>center</aligny>
							<textcolor>FFFFFFFF</textcolor>
							<selectedcolor>FFFFFFFF</selectedcolor>
							<label>$INFO[ListItem.Label2]</label>
						</control>
					</itemlayout>
					<focusedlayout width="800" height="30">
						<control type="image">
							<posx>0</posx>
							<posy>0</posy>
							<width>800</width>
							<height>30</height>
							<texture>MenuItemFO.png</texture>
							<visible>Control.HasFocus(200)</visible>
						</control>
						<control type="label">
							<posx>0</posx>
							<posy>0</posy>
							<width>165</width>
							<height>30</height>
							<font>font13</font>
							<align>right</align>
							<aligny>center</aligny>
							<textcolor>FF4DBAFF</textcolor>
							<selectedcolor>FF4DBAFF</selectedcolor>
							<label>$INFO[ListItem.Label]</label>
						</control>
						<control type="label">
							<posx>175</posx>
							<posy>0</posy>
							<width>625</width>
							<height>30</height>
							<font>font13</font>
							<align>left</align>
							<aligny>center</aligny>
							<textcolor>FFFFFFFF</textcolor>
							<selectedcolor>FFFFFFFF</selectedcolor>
							<label>$INFO[ListItem.Label2]</label>
						</control>
					</focusedlayout>
					<content>
						<item>
							<label>$LOCALIZE[19080]:</label>
							<label2>$INFO[Container(100).ListItem.Property(StartTime)]</label2>
							<onclick>noop</onclick>
							<visible>!IsEmpty(Container(100).ListItem.Property(StartTime))</visible>
						</item>
						<item>
							<label>$LOCALIZE[19081]:</label>
							<label2>$INFO[Container(100).ListItem.Property(EndTime)]</label2>
							<onclick>noop</onclick>
							<visible>!IsEmpty(Container(100).ListItem.Property(EndTime))</visible>
						</item>
						<item>
							<label>$LOCALIZE[2050]:</label>
							<label2>$INFO[Container(100).ListItem.Property(Duration),, $LOCALIZE[12391]]</label2>
							<onclick>noop</onclick>
							<visible>!IsEmpty(Container(100).ListItem.Property(Duration))</visible>
						</item>
						<item>
							<label>$LOCALIZE[515]:</label>
							<label2>$INFO[Container(100).ListItem.Property(Genre)]</label2>
							<onclick>noop</onclick>
							<visible>!IsEmpty(Container(100).ListItem.Property(Genre))</visible>
						</item>
						<item>
							<label>$LOCALIZE[19148]:</label>
							<label2>$INFO[Container(100).ListItem.Property(ChannelNumber)]. $INFO[Container(100).ListItem.Property(ChannelName)]</label2>
							<onclick>noop</onclick>
							<visible>!IsEmpty(Container(100).ListItem.Property(ChannelName))</visible>
						</item>
						<item>
							<label>$LOCALIZE[15311]</label>
							<label2>$INFO[Container(100).ListItem.Property(Path)]</label2>
							<onclick>noop</onclick>
							<visible>!IsEmpty(Container(100).ListItem.Property(Path))</visible>
						</item>
					</content>
				</control>
				<control type="list" id="110">
					<posx>430</posx>
					<posy>118</posy>
					<width>800</width>
					<height>330</height>
					<onleft>110</onleft>
					<onright>110</onright>
					<onup>190</onup>
					<ondown>195</ondown>
					<pagecontrol>-</pagecontrol>
					<scrolltime>200</scrolltime>
					<itemlayout width="800" height="30">
						<control type="label">
							<posx>0</posx>
							<posy>0</posy>
							<width>165</width>
							<height>30</height>
							<font>font13</font>
							<align>right</align>
							<aligny>center</aligny>
							<textcolor>FF4DBAFF</textcolor>
							<selectedcolor>FF4DBAFF</selectedcolor>
							<label>$INFO[ListItem.Label]</label>
						</control>
						<control type="label">
							<posx>175</posx>
							<posy>0</posy>
							<width>625</width>
							<height>30</height>
							<font>font13</font>
							<align>left</align>
							<aligny>center</aligny>
							<textcolor>FFFFFFFF</textcolor>
							<selectedcolor>FFFFFFFF</selectedcolor>
							<label>$INFO[ListItem.Label2]</label>
						</control>
					</itemlayout>
					<focusedlayout width="800" height="30">
						<control type="image">
							<posx>0</posx>
							<posy>0</posy>
							<width>800</width>
							<height>30</height>
							<texture>MenuItemFO.png</texture>
							<visible>Control.HasFocus(110)</visible>
						</control>
						<control type="label">
							<posx>0</posx>
							<posy>0</posy>
							<width>165</width>
							<height>30</height>
							<font>font13</font>
							<align>right</align>
							<aligny>center</aligny>
							<textcolor>FF4DBAFF</textcolor>
							<selectedcolor>FF4DBAFF</selectedcolor>
							<label>$INFO[ListItem.Label]</label>
						</control>
						<control type="label">
							<posx>175</posx>
							<posy>0</posy>
							<width>625</width>
							<height>30</height>
							<font>font13</font>
							<align>left</align>
							<aligny>center</aligny>
							<textcolor>FFFFFFFF</textcolor>
							<selectedcolor>FFFFFFFF</selectedcolor>
							<label>$INFO[ListItem.Label2]</label>
						</control>
					</focusedlayout>
					<content>
						<item>
							<label>$LOCALIZE[20339]:</label>
							<label2>$INFO[Container(100).ListItem.Property(Director)]</label2>
							<onclick>noop</onclick>
							<visible>!IsEmpty(Container(100).ListItem.Property(Director))</visible>
						</item>
						<item>
							<label>$LOCALIZE[572]:</label>
							<label2>$INFO[Container(100).ListItem.Property(Studio)]</label2>
							<onclick>noop</onclick>
							<visible>!IsEmpty(Container(100).ListItem.Property(Studio))</visible>
						</item>
						<item>
							<label>$LOCALIZE[515]:</label>
							<label2>$INFO[Container(100).ListItem.Property(Genre)]</label2>
							<onclick>noop</onclick>
							<visible>!IsEmpty(Container(100).ListItem.Property(Genre))</visible>
						</item>
						<item>
							<label>$LOCALIZE[562]:</label>
							<label2>$INFO[Container(100).ListItem.Property(Year)]</label2>
							<onclick>noop</onclick>
							<visible>!IsEmpty(Container(100).ListItem.Property(Year))</visible>
						</item>
						<item>
							<label>$LOCALIZE[2050]:</label>
							<label2>$INFO[Container(100).ListItem.Property(Duration),, $LOCALIZE[12391]]</label2>
							<onclick>noop</onclick>
							<visible>!IsEmpty(Container(100).ListItem.Property(Duration)) + !SubString(Container(100).ListItem.Property(Duration),min)</visible>
						</item>
						<item>
							<label>$LOCALIZE[2050]:</label>
							<label2>$INFO[Container(100).ListItem.Property(Duration)]</label2>
							<onclick>noop</onclick>
							<visible>!IsEmpty(Container(100).ListItem.Property(Duration)) + SubString(Container(100).ListItem.Property(Duration),min)</visible>
						</item>
						<item>
							<label>$LOCALIZE[563]:</label>
							<label2>$INFO[Container(100).ListItem.Property(Rating)]</label2>
							<onclick>noop</onclick>
							<visible>!IsEmpty(Container(100).ListItem.Property(Rating))</visible>
						</item>
						<item>
							<label>$LOCALIZE[202]:</label>
							<label2>$INFO[Container(100).ListItem.Property(TagLine)]</label2>
							<onclick>noop</onclick>
							<visible>!IsEmpty(Container(100).ListItem.Property(TagLine))</visible>
						</item>
						<item>
							<label>$LOCALIZE[203]:</label>
							<label2>$INFO[Container(100).ListItem.Property(PlotOutline)]</label2>
							<onclick>noop</onclick>
							<visible>!IsEmpty(Container(100).ListItem.Property(PlotOutline))</visible>
						</item>
						<item>
							<label>$LOCALIZE[20074]:</label>
							<label2>$INFO[Container(100).ListItem.Property(Mpaa)]</label2>
							<onclick>noop</onclick>
							<visible>!IsEmpty(Container(100).ListItem.Property(Mpaa))</visible>
						</item>
						<item>
							<label>$LOCALIZE[567]:</label>
							<label2>$INFO[Container(100).ListItem.Property(Playcount)]</label2>
							<onclick>noop</onclick>
							<visible>!IsEmpty(Container(100).ListItem.Property(Playcount))</visible>
						</item>
						<item>
							<label>$LOCALIZE[15311]</label>
							<label2>$INFO[Container(100).ListItem.Property(Path)]</label2>
							<onclick>noop</onclick>
							<visible>!IsEmpty(Container(100).ListItem.Property(Path))</visible>
						</item>
					</content>
				</control>
				<control type="list" id="120">
					<posx>430</posx>
					<posy>118</posy>
					<width>800</width>
					<height>330</height>
					<onleft>120</onleft>
					<onright>120</onright>
					<onup>190</onup>
					<ondown>195</ondown>
					<pagecontrol>-</pagecontrol>
					<scrolltime>200</scrolltime>
					<itemlayout width="800" height="30">
						<control type="label">
							<posx>0</posx>
							<posy>0</posy>
							<width>165</width>
							<height>30</height>
							<font>font13</font>
							<align>right</align>
							<aligny>center</aligny>
							<textcolor>FF4DBAFF</textcolor>
							<selectedcolor>FF4DBAFF</selectedcolor>
							<label>$INFO[ListItem.Label]</label>
						</control>
						<control type="label">
							<posx>175</posx>
							<posy>0</posy>
							<width>625</width>
							<height>30</height>
							<font>font13</font>
							<align>left</align>
							<aligny>center</aligny>
							<textcolor>FFFFFFFF</textcolor>
							<selectedcolor>FFFFFFFF</selectedcolor>
							<label>$INFO[ListItem.Label2]</label>
						</control>
					</itemlayout>
					<focusedlayout width="800" height="30">
						<control type="image">
							<posx>0</posx>
							<posy>0</posy>
							<width>800</width>
							<height>30</height>
							<texture>MenuItemFO.png</texture>
							<visible>Control.HasFocus(120)</visible>
						</control>
						<control type="label">
							<posx>0</posx>
							<posy>0</posy>
							<width>165</width>
							<height>30</height>
							<font>font13</font>
							<align>right</align>
							<aligny>center</aligny>
							<textcolor>FF4DBAFF</textcolor>
							<selectedcolor>FF4DBAFF</selectedcolor>
							<label>$INFO[ListItem.Label]</label>
						</control>
						<control type="label">
							<posx>175</posx>
							<posy>0</posy>
							<width>625</width>
							<height>30</height>
							<font>font13</font>
							<align>left</align>
							<aligny>center</aligny>
							<textcolor>FFFFFFFF</textcolor>
							<selectedcolor>FFFFFFFF</selectedcolor>
							<label>$INFO[ListItem.Label2]</label>
						</control>
					</focusedlayout>
					<content>
						<item>
							<label>$LOCALIZE[20360]:</label>
							<label2>$INFO[Container(100).ListItem.Property(Episode)]</label2>
							<onclick>noop</onclick>
							<visible>!IsEmpty(Container(100).ListItem.Property(Episode))</visible>
						</item>
						<item>
							<label>$LOCALIZE[20416]:</label>
							<label2>$INFO[Container(100).ListItem.Property(Premiered)]</label2>
							<onclick>noop</onclick>
							<visible>!IsEmpty(Container(100).ListItem.Property(Premiered))</visible>
						</item>
						<item>
							<label>$LOCALIZE[572]:</label>
							<label2>$INFO[Container(100).ListItem.Property(Studio)]</label2>
							<onclick>noop</onclick>
							<visible>!IsEmpty(Container(100).ListItem.Property(Studio))</visible>
						</item>
						<item>
							<label>$LOCALIZE[515]:</label>
							<label2>$INFO[Container(100).ListItem.Property(Genre)]</label2>
							<onclick>noop</onclick>
							<visible>!IsEmpty(Container(100).ListItem.Property(Genre))</visible>
						</item>
						<item>
							<label>$LOCALIZE[562]:</label>
							<label2>$INFO[Container(100).ListItem.Property(Year)]</label2>
							<onclick>noop</onclick>
							<visible>!IsEmpty(Container(100).ListItem.Property(Year))</visible>
						</item>
						<item>
							<label>$LOCALIZE[563]:</label>
							<label2>$INFO[Container(100).ListItem.Property(Rating)]</label2>
							<onclick>noop</onclick>
							<visible>!IsEmpty(Container(100).ListItem.Property(Rating))</visible>
						</item>
						<item>
							<label>$LOCALIZE[20074]:</label>
							<label2>$INFO[Container(100).ListItem.Property(Mpaa)]</label2>
							<onclick>noop</onclick>
							<visible>!IsEmpty(Container(100).ListItem.Property(Mpaa))</visible>
						</item>
						<item>
							<label>$LOCALIZE[567]:</label>
							<label2>$INFO[Container(100).ListItem.Property(Playcount)]</label2>
							<onclick>noop</onclick>
							<visible>!IsEmpty(Container(100).ListItem.Property(Playcount))</visible>
						</item>
						<item>
							<label>$LOCALIZE[15311]</label>
							<label2>$INFO[Container(100).ListItem.Property(Path)]</label2>
							<onclick>noop</onclick>
							<visible>!IsEmpty(Container(100).ListItem.Property(Path))</visible>
						</item>
					</content>
				</control>
				<control type="list" id="130">
					<posx>430</posx>
					<posy>118</posy>
					<width>800</width>
					<height>330</height>
					<onleft>130</onleft>
					<onright>130</onright>
					<onup>190</onup>
					<ondown>195</ondown>
					<pagecontrol>-</pagecontrol>
					<scrolltime>200</scrolltime>
					<itemlayout width="800" height="30">
						<control type="label">
							<posx>0</posx>
							<posy>0</posy>
							<width>165</width>
							<height>30</height>
							<font>font13</font>
							<align>right</align>
							<aligny>center</aligny>
							<textcolor>FF4DBAFF</textcolor>
							<selectedcolor>FF4DBAFF</selectedcolor>
							<label>$INFO[ListItem.Label]</label>
						</control>
						<control type="label">
							<posx>175</posx>
							<posy>0</posy>
							<width>625</width>
							<height>30</height>
							<font>font13</font>
							<align>left</align>
							<aligny>center</aligny>
							<textcolor>FFFFFFFF</textcolor>
							<selectedcolor>FFFFFFFF</selectedcolor>
							<label>$INFO[ListItem.Label2]</label>
						</control>
					</itemlayout>
					<focusedlayout width="800" height="30">
						<control type="image">
							<posx>0</posx>
							<posy>0</posy>
							<width>800</width>
							<height>30</height>
							<texture>MenuItemFO.png</texture>
							<visible>Control.HasFocus(130)</visible>
						</control>
						<control type="label">
							<posx>0</posx>
							<posy>0</posy>
							<width>165</width>
							<height>30</height>
							<font>font13</font>
							<align>right</align>
							<aligny>center</aligny>
							<textcolor>FF4DBAFF</textcolor>
							<selectedcolor>FF4DBAFF</selectedcolor>
							<label>$INFO[ListItem.Label]</label>
						</control>
						<control type="label">
							<posx>175</posx>
							<posy>0</posy>
							<width>625</width>
							<height>30</height>
							<font>font13</font>
							<align>left</align>
							<aligny>center</aligny>
							<textcolor>FFFFFFFF</textcolor>
							<selectedcolor>FFFFFFFF</selectedcolor>
							<label>$INFO[ListItem.Label2]</label>
						</control>
					</focusedlayout>
					<content>
						<item>
							<label>$LOCALIZE[20364]:</label>
							<label2>$INFO[Container(100).ListItem.Property(TVShowTitle)]</label2>
							<onclick>noop</onclick>
							<visible>!IsEmpty(Container(100).ListItem.Property(TVShowTitle))</visible>
						</item>
						<item>
							<label>$LOCALIZE[20360]:</label>
							<label2>$INFO[Container(100).ListItem.Property(Episode)]</label2>
							<onclick>noop</onclick>
							<visible>!IsEmpty(Container(100).ListItem.Property(Episode))</visible>
						</item>
						<item>
							<label>$LOCALIZE[567]:</label>
							<label2>$INFO[Container(100).ListItem.Property(Playcount)]</label2>
							<onclick>noop</onclick>
							<visible>!IsEmpty(Container(100).ListItem.Property(Playcount))</visible>
						</item>
						<item>
							<label>$LOCALIZE[15311]</label>
							<label2>$INFO[Container(100).ListItem.Property(Path)]</label2>
							<onclick>noop</onclick>
							<visible>!IsEmpty(Container(100).ListItem.Property(Path))</visible>
						</item>
					</content>
				</control>
				<control type="list" id="140">
					<posx>430</posx>
					<posy>118</posy>
					<width>800</width>
					<height>330</height>
					<onleft>140</onleft>
					<onright>140</onright>
					<onup>190</onup>
					<ondown>195</ondown>
					<pagecontrol>-</pagecontrol>
					<scrolltime>200</scrolltime>
					<itemlayout width="800" height="30">
						<control type="label">
							<posx>0</posx>
							<posy>0</posy>
							<width>165</width>
							<height>30</height>
							<font>font13</font>
							<align>right</align>
							<aligny>center</aligny>
							<textcolor>FF4DBAFF</textcolor>
							<selectedcolor>FF4DBAFF</selectedcolor>
							<label>$INFO[ListItem.Label]</label>
						</control>
						<control type="label">
							<posx>175</posx>
							<posy>0</posy>
							<width>625</width>
							<height>30</height>
							<font>font13</font>
							<align>left</align>
							<aligny>center</aligny>
							<textcolor>FFFFFFFF</textcolor>
							<selectedcolor>FFFFFFFF</selectedcolor>
							<label>$INFO[ListItem.Label2]</label>
						</control>
					</itemlayout>
					<focusedlayout width="800" height="30">
						<control type="image">
							<posx>0</posx>
							<posy>0</posy>
							<width>800</width>
							<height>30</height>
							<texture>MenuItemFO.png</texture>
							<visible>Control.HasFocus(140)</visible>
						</control>
						<control type="label">
							<posx>0</posx>
							<posy>0</posy>
							<width>165</width>
							<height>30</height>
							<font>font13</font>
							<align>right</align>
							<aligny>center</aligny>
							<textcolor>FF4DBAFF</textcolor>
							<selectedcolor>FF4DBAFF</selectedcolor>
							<label>$INFO[ListItem.Label]</label>
						</control>
						<control type="label">
							<posx>175</posx>
							<posy>0</posy>
							<width>625</width>
							<height>30</height>
							<font>font13</font>
							<align>left</align>
							<aligny>center</aligny>
							<textcolor>FFFFFFFF</textcolor>
							<selectedcolor>FFFFFFFF</selectedcolor>
							<label>$INFO[ListItem.Label2]</label>
						</control>
					</focusedlayout>
					<content>
						<item>
							<label>$LOCALIZE[20364]:</label>
							<label2>$INFO[Container(100).ListItem.Property(TVShowTitle)]</label2>
							<onclick>noop</onclick>
							<visible>!IsEmpty(Container(100).ListItem.Property(TVShowTitle))</visible>
						</item>
						<item>
							<label>$LOCALIZE[20373]:</label>
							<label2>$INFO[Container(100).ListItem.Property(Season)]</label2>
							<onclick>noop</onclick>
							<visible>!IsEmpty(Container(100).ListItem.Property(Season))</visible>
						</item>
						<item>
							<label>$LOCALIZE[20360]:</label>
							<label2>$INFO[Container(100).ListItem.Property(Episode)]</label2>
							<onclick>noop</onclick>
							<visible>!IsEmpty(Container(100).ListItem.Property(Episode))</visible>
						</item>
						<item>
							<label>$LOCALIZE[20339]:</label>
							<label2>$INFO[Container(100).ListItem.Property(Director)]</label2>
							<onclick>noop</onclick>
							<visible>!IsEmpty(Container(100).ListItem.Property(Director))</visible>
						</item>
						<item>
							<label>$LOCALIZE[20416]:</label>
							<label2>$INFO[Container(100).ListItem.Property(Premiered)]</label2>
							<onclick>noop</onclick>
							<visible>!IsEmpty(Container(100).ListItem.Property(Premiered))</visible>
						</item>
						<item>
							<label>$LOCALIZE[2050]:</label>
							<label2>$INFO[Container(100).ListItem.Property(Duration),, $LOCALIZE[12391]]</label2>
							<onclick>noop</onclick>
							<visible>!IsEmpty(Container(100).ListItem.Property(Duration)) + !SubString(Container(100).ListItem.Property(Duration),min)</visible>
						</item>
						<item>
							<label>$LOCALIZE[2050]:</label>
							<label2>$INFO[Container(100).ListItem.Property(Duration)]</label2>
							<onclick>noop</onclick>
							<visible>!IsEmpty(Container(100).ListItem.Property(Duration)) + SubString(Container(100).ListItem.Property(Duration),min)</visible>
						</item>
						<item>
							<label>$LOCALIZE[563]:</label>
							<label2>$INFO[Container(100).ListItem.Property(Rating)]</label2>
							<onclick>noop</onclick>
							<visible>!IsEmpty(Container(100).ListItem.Property(Rating))</visible>
						</item>
						<item>
							<label>$LOCALIZE[567]:</label>
							<label2>$INFO[Container(100).ListItem.Property(Playcount)]</label2>
							<onclick>noop</onclick>
							<visible>!IsEmpty(Container(100).ListItem.Property(Playcount))</visible>
						</item>
						<item>
							<label>$LOCALIZE[15311]</label>
							<label2>$INFO[Container(100).ListItem.Property(Path)]</label2>
							<onclick>noop</onclick>
							<visible>!IsEmpty(Container(100).ListItem.Property(Path))</visible>
						</item>
					</content>
				</control>
				<control type="list" id="150">
					<posx>430</posx>
					<posy>118</posy>
					<width>800</width>
					<height>330</height>
					<onleft>150</onleft>
					<onright>150</onright>
					<onup>190</onup>
					<ondown>195</ondown>
					<pagecontrol>-</pagecontrol>
					<scrolltime>200</scrolltime>
					<itemlayout width="800" height="30">
						<control type="label">
							<posx>0</posx>
							<posy>0</posy>
							<width>165</width>
							<height>30</height>
							<font>font13</font>
							<align>right</align>
							<aligny>center</aligny>
							<textcolor>FF4DBAFF</textcolor>
							<selectedcolor>FF4DBAFF</selectedcolor>
							<label>$INFO[ListItem.Label]</label>
						</control>
						<control type="label">
							<posx>175</posx>
							<posy>0</posy>
							<width>625</width>
							<height>30</height>
							<font>font13</font>
							<align>left</align>
							<aligny>center</aligny>
							<textcolor>FFFFFFFF</textcolor>
							<selectedcolor>FFFFFFFF</selectedcolor>
							<label>$INFO[ListItem.Label2]</label>
						</control>
					</itemlayout>
					<focusedlayout width="800" height="30">
						<control type="image">
							<posx>0</posx>
							<posy>0</posy>
							<width>800</width>
							<height>30</height>
							<texture>MenuItemFO.png</texture>
							<visible>Control.HasFocus(150)</visible>
						</control>
						<control type="label">
							<posx>0</posx>
							<posy>0</posy>
							<width>165</width>
							<height>30</height>
							<font>font13</font>
							<align>right</align>
							<aligny>center</aligny>
							<textcolor>FF4DBAFF</textcolor>
							<selectedcolor>FF4DBAFF</selectedcolor>
							<label>$INFO[ListItem.Label]</label>
						</control>
						<control type="label">
							<posx>175</posx>
							<posy>0</posy>
							<width>625</width>
							<height>30</height>
							<font>font13</font>
							<align>left</align>
							<aligny>center</aligny>
							<textcolor>FFFFFFFF</textcolor>
							<selectedcolor>FFFFFFFF</selectedcolor>
							<label>$INFO[ListItem.Label2]</label>
						</control>
					</focusedlayout>
					<content>
						<item>
							<label>$LOCALIZE[557]:</label>
							<label2>$INFO[Container(100).ListItem.Property(Artist)]</label2>
							<onclick>noop</onclick>
							<visible>!IsEmpty(Container(100).ListItem.Property(Artist))</visible>
						</item>
						<item>
							<label>$LOCALIZE[558]:</label>
							<label2>$INFO[Container(100).ListItem.Property(Album)]</label2>
							<onclick>noop</onclick>
							<visible>!IsEmpty(Container(100).ListItem.Property(Album))</visible>
						</item>
						<item>
							<label>$LOCALIZE[515]:</label>
							<label2>$INFO[Container(100).ListItem.Property(Genre)]</label2>
							<onclick>noop</onclick>
							<visible>!IsEmpty(Container(100).ListItem.Property(Genre))</visible>
						</item>
						<item>
							<label>$LOCALIZE[572]:</label>
							<label2>$INFO[Container(100).ListItem.Property(Studio)]</label2>
							<onclick>noop</onclick>
							<visible>!IsEmpty(Container(100).ListItem.Property(Studio))</visible>
						</item>
						<item>
							<label>$LOCALIZE[20339]:</label>
							<label2>$INFO[Container(100).ListItem.Property(Director)]</label2>
							<onclick>noop</onclick>
							<visible>!IsEmpty(Container(100).ListItem.Property(Director))</visible>
						</item>
						<item>
							<label>$LOCALIZE[562]:</label>
							<label2>$INFO[Container(100).ListItem.Property(Year)]</label2>
							<onclick>noop</onclick>
							<visible>!IsEmpty(Container(100).ListItem.Property(Year))</visible>
						</item>
						<item>
							<label>$LOCALIZE[2050]:</label>
							<label2>$INFO[Container(100).ListItem.Property(Duration)]</label2>
							<onclick>noop</onclick>
							<visible>!IsEmpty(Container(100).ListItem.Property(Duration))</visible>
						</item>
						<item>
							<label>$LOCALIZE[567]:</label>
							<label2>$INFO[Container(100).ListItem.Property(Playcount)]</label2>
							<onclick>noop</onclick>
							<visible>!IsEmpty(Container(100).ListItem.Property(Playcount))</visible>
						</item>
						<item>
							<label>$LOCALIZE[15311]</label>
							<label2>$INFO[Container(100).ListItem.Property(Path)]</label2>
							<onclick>noop</onclick>
							<visible>!IsEmpty(Container(100).ListItem.Property(Path))</visible>
						</item>
					</content>
				</control>
				<control type="list" id="160">
					<posx>430</posx>
					<posy>118</posy>
					<width>800</width>
					<height>330</height>
					<onleft>160</onleft>
					<onright>160</onright>
					<onup>190</onup>
					<ondown>195</ondown>
					<pagecontrol>-</pagecontrol>
					<scrolltime>200</scrolltime>
					<itemlayout width="800" height="30">
						<control type="label">
							<posx>0</posx>
							<posy>0</posy>
							<width>165</width>
							<height>30</height>
							<font>font13</font>
							<align>right</align>
							<aligny>center</aligny>
							<textcolor>FF4DBAFF</textcolor>
							<selectedcolor>FF4DBAFF</selectedcolor>
							<label>$INFO[ListItem.Label]</label>
						</control>
						<control type="label">
							<posx>175</posx>
							<posy>0</posy>
							<width>625</width>
							<height>30</height>
							<font>font13</font>
							<align>left</align>
							<aligny>center</aligny>
							<textcolor>FFFFFFFF</textcolor>
							<selectedcolor>FFFFFFFF</selectedcolor>
							<label>$INFO[ListItem.Label2]</label>
						</control>
					</itemlayout>
					<focusedlayout width="800" height="30">
						<control type="image">
							<posx>0</posx>
							<posy>0</posy>
							<width>800</width>
							<height>30</height>
							<texture>MenuItemFO.png</texture>
							<visible>Control.HasFocus(160)</visible>
						</control>
						<control type="label">
							<posx>0</posx>
							<posy>0</posy>
							<width>165</width>
							<height>30</height>
							<font>font13</font>
							<align>right</align>
							<aligny>center</aligny>
							<textcolor>FF4DBAFF</textcolor>
							<selectedcolor>FF4DBAFF</selectedcolor>
							<label>$INFO[ListItem.Label]</label>
						</control>
						<control type="label">
							<posx>175</posx>
							<posy>0</posy>
							<width>625</width>
							<height>30</height>
							<font>font13</font>
							<align>left</align>
							<aligny>center</aligny>
							<textcolor>FFFFFFFF</textcolor>
							<selectedcolor>FFFFFFFF</selectedcolor>
							<label>$INFO[ListItem.Label2]</label>
						</control>
					</focusedlayout>
					<content>
						<item>
							<label>$LOCALIZE[21893]:</label>
							<label2>$INFO[Container(100).ListItem.Property(Artist_Born)]</label2>
							<onclick>noop</onclick>
							<visible>!IsEmpty(Container(100).ListItem.Property(Artist_Born))</visible>
						</item>
						<item>
							<label>$LOCALIZE[21894]:</label>
							<label2>$INFO[Container(100).ListItem.Property(Artist_Formed)]</label2>
							<onclick>noop</onclick>
							<visible>!IsEmpty(Container(100).ListItem.Property(Artist_Formed))</visible>
						</item>
						<item>
							<label>$LOCALIZE[21897]:</label>
							<label2>$INFO[Container(100).ListItem.Property(Artist_Died)]</label2>
							<onclick>noop</onclick>
							<visible>!IsEmpty(Container(100).ListItem.Property(Artist_Died))</visible>
						</item>
						<item>
							<label>$LOCALIZE[21896]:</label>
							<label2>$INFO[Container(100).ListItem.Property(Artist_Disbanded)]</label2>
							<onclick>noop</onclick>
							<visible>!IsEmpty(Container(100).ListItem.Property(Artist_Disbanded))</visible>
						</item>
						<item>
							<label>$LOCALIZE[21898]:</label>
							<label2>$INFO[Container(100).ListItem.Property(Artist_YearsActive)]</label2>
							<onclick>noop</onclick>
							<visible>!IsEmpty(Container(100).ListItem.Property(Artist_YearsActive))</visible>
						</item>
						<item>
							<label>$LOCALIZE[175]:</label>
							<label2>$INFO[Container(100).ListItem.Property(Artist_Mood)]</label2>
							<onclick>noop</onclick>
							<visible>!IsEmpty(Container(100).ListItem.Property(Artist_Mood))</visible>
						</item>
						<item>
							<label>$LOCALIZE[176]:</label>
							<label2>$INFO[Container(100).ListItem.Property(Artist_Style)]</label2>
							<onclick>noop</onclick>
							<visible>!IsEmpty(Container(100).ListItem.Property(Artist_Style))</visible>
						</item>
						<item>
							<label>$LOCALIZE[515]:</label>
							<label2>$INFO[Container(100).ListItem.Property(Genre)]</label2>
							<onclick>noop</onclick>
							<visible>!IsEmpty(Container(100).ListItem.Property(Genre))</visible>
						</item>
						<item>
							<label>$LOCALIZE[15311]:</label>
							<label2>$INFO[Container(100).ListItem.Property(Path)]</label2>
							<onclick>noop</onclick>
							<visible>!IsEmpty(Container(100).ListItem.Property(Path))</visible>
						</item>
					</content>
				</control>
				<control type="list" id="170">
					<posx>430</posx>
					<posy>118</posy>
					<width>800</width>
					<height>330</height>
					<onleft>170</onleft>
					<onright>170</onright>
					<onup>190</onup>
					<ondown>195</ondown>
					<pagecontrol>-</pagecontrol>
					<scrolltime>200</scrolltime>
					<itemlayout width="800" height="30">
						<control type="label">
							<posx>0</posx>
							<posy>0</posy>
							<width>165</width>
							<height>30</height>
							<font>font13</font>
							<align>right</align>
							<aligny>center</aligny>
							<textcolor>FF4DBAFF</textcolor>
							<selectedcolor>FF4DBAFF</selectedcolor>
							<label>$INFO[ListItem.Label]</label>
						</control>
						<control type="label">
							<posx>175</posx>
							<posy>0</posy>
							<width>625</width>
							<height>30</height>
							<font>font13</font>
							<align>left</align>
							<aligny>center</aligny>
							<textcolor>FFFFFFFF</textcolor>
							<selectedcolor>FFFFFFFF</selectedcolor>
							<label>$INFO[ListItem.Label2]</label>
						</control>
					</itemlayout>
					<focusedlayout width="800" height="30">
						<control type="image">
							<posx>0</posx>
							<posy>0</posy>
							<width>800</width>
							<height>30</height>
							<texture>MenuItemFO.png</texture>
							<visible>Control.HasFocus(170)</visible>
						</control>
						<control type="label">
							<posx>0</posx>
							<posy>0</posy>
							<width>165</width>
							<height>30</height>
							<font>font13</font>
							<align>right</align>
							<aligny>center</aligny>
							<textcolor>FF4DBAFF</textcolor>
							<selectedcolor>FF4DBAFF</selectedcolor>
							<label>$INFO[ListItem.Label]</label>
						</control>
						<control type="label">
							<posx>175</posx>
							<posy>0</posy>
							<width>625</width>
							<height>30</height>
							<font>font13</font>
							<align>left</align>
							<aligny>center</aligny>
							<textcolor>FFFFFFFF</textcolor>
							<selectedcolor>FFFFFFFF</selectedcolor>
							<label>$INFO[ListItem.Label2]</label>
						</control>
					</focusedlayout>
					<content>
						<item>
							<label>$LOCALIZE[557]:</label>
							<label2>$INFO[Container(100).ListItem.Property(Artist)]</label2>
							<onclick>noop</onclick>
							<visible>!IsEmpty(Container(100).ListItem.Property(Artist))</visible>
						</item>
						<item>
							<label>$LOCALIZE[515]:</label>
							<label2>$INFO[Container(100).ListItem.Property(Genre)]</label2>
							<onclick>noop</onclick>
							<visible>!IsEmpty(Container(100).ListItem.Property(Genre))</visible>
						</item>
						<item>
							<label>$LOCALIZE[563]:</label>
							<label2>$INFO[Container(100).ListItem.Property(Album_Rating)]</label2>
							<onclick>noop</onclick>
							<visible>!IsEmpty(Container(100).ListItem.Property(Album_Rating))</visible>
						</item>
						<item>
							<label>$LOCALIZE[175]:</label>
							<label2>$INFO[Container(100).ListItem.Property(Album_Mood)]</label2>
							<onclick>noop</onclick>
							<visible>!IsEmpty(Container(100).ListItem.Property(Album_Mood))</visible>
						</item>
						<item>
							<label>$LOCALIZE[176]:</label>
							<label2>$INFO[Container(100).ListItem.Property(Album_Style)]</label2>
							<onclick>noop</onclick>
							<visible>!IsEmpty(Container(100).ListItem.Property(Album_Style))</visible>
						</item>
						<item>
							<label>$LOCALIZE[21895]:</label>
							<label2>$INFO[Container(100).ListItem.Property(Album_Theme)]</label2>
							<onclick>noop</onclick>
							<visible>!IsEmpty(Container(100).ListItem.Property(Album_Theme))</visible>
						</item>
						<item>
							<label>$LOCALIZE[146]</label>
							<label2>$INFO[Container(100).ListItem.Property(Album_Type)]</label2>
							<onclick>noop</onclick>
							<visible>!IsEmpty(Container(100).ListItem.Property(Album_Type))</visible>
						</item>
						<item>
							<label>$LOCALIZE[21899]:</label>
							<label2>$INFO[Container(100).ListItem.Property(Album_Label)]</label2>
							<onclick>noop</onclick>
							<visible>!IsEmpty(Container(100).ListItem.Property(Album_Label))</visible>
						</item>
						<item>
							<label>$LOCALIZE[562]:</label>
							<label2>$INFO[Container(100).ListItem.Property(Year)]</label2>
							<onclick>noop</onclick>
							<visible>!IsEmpty(Container(100).ListItem.Property(Year))</visible>
						</item>
						<item>
							<label>$LOCALIZE[15311]</label>
							<label2>$INFO[Container(100).ListItem.Property(Path)]</label2>
							<onclick>noop</onclick>
							<visible>!IsEmpty(Container(100).ListItem.Property(Path))</visible>
						</item>
					</content>
				</control>
				<control type="list" id="180">
					<posx>430</posx>
					<posy>118</posy>
					<width>800</width>
					<height>330</height>
					<onleft>180</onleft>
					<onright>180</onright>
					<onup>190</onup>
					<ondown>195</ondown>
					<pagecontrol>-</pagecontrol>
					<scrolltime>200</scrolltime>
					<itemlayout width="800" height="30">
						<control type="label">
							<posx>0</posx>
							<posy>0</posy>
							<width>165</width>
							<height>30</height>
							<font>font13</font>
							<align>right</align>
							<aligny>center</aligny>
							<textcolor>FF4DBAFF</textcolor>
							<selectedcolor>FF4DBAFF</selectedcolor>
							<label>$INFO[ListItem.Label]</label>
						</control>
						<control type="label">
							<posx>175</posx>
							<posy>0</posy>
							<width>625</width>
							<height>30</height>
							<font>font13</font>
							<align>left</align>
							<aligny>center</aligny>
							<textcolor>FFFFFFFF</textcolor>
							<selectedcolor>FFFFFFFF</selectedcolor>
							<label>$INFO[ListItem.Label2]</label>
						</control>
					</itemlayout>
					<focusedlayout width="800" height="30">
						<control type="image">
							<posx>0</posx>
							<posy>0</posy>
							<width>800</width>
							<height>30</height>
							<texture>MenuItemFO.png</texture>
							<visible>Control.HasFocus(180)</visible>
						</control>
						<control type="label">
							<posx>0</posx>
							<posy>0</posy>
							<width>165</width>
							<height>30</height>
							<font>font13</font>
							<align>right</align>
							<aligny>center</aligny>
							<textcolor>FF4DBAFF</textcolor>
							<selectedcolor>FF4DBAFF</selectedcolor>
							<label>$INFO[ListItem.Label]</label>
						</control>
						<control type="label">
							<posx>175</posx>
							<posy>0</posy>
							<width>625</width>
							<height>30</height>
							<font>font13</font>
							<align>left</align>
							<aligny>center</aligny>
							<textcolor>FFFFFFFF</textcolor>
							<selectedcolor>FFFFFFFF</selectedcolor>
							<label>$INFO[ListItem.Label2]</label>
						</control>
					</focusedlayout>
					<content>
						<item>
							<label>$LOCALIZE[557]:</label>
							<label2>$INFO[Container(100).ListItem.Property(Artist)]</label2>
							<onclick>noop</onclick>
							<visible>!IsEmpty(Container(100).ListItem.Property(Artist))</visible>
						</item>
						<item>
							<label>$LOCALIZE[558]</label>
							<label2>$INFO[Container(100).ListItem.Property(Album)]</label2>
							<onclick>noop</onclick>
							<visible>!IsEmpty(Container(100).ListItem.Property(Album))</visible>
						</item>
						<item>
							<label>$LOCALIZE[554]:</label>
							<label2>$INFO[Container(100).ListItem.Property(Track)]</label2>
							<onclick>noop</onclick>
							<visible>!IsEmpty(Container(100).ListItem.Property(Track))</visible>
						</item>
						<item>
							<label>$LOCALIZE[2050]:</label>
							<label2>$INFO[Container(100).ListItem.Property(Duration),, $LOCALIZE[12391]]</label2>
							<onclick>noop</onclick>
							<visible>!IsEmpty(Container(100).ListItem.Property(Duration)) + !SubString(Container(100).ListItem.Property(Duration),min)</visible>
						</item>
						<item>
							<label>$LOCALIZE[2050]:</label>
							<label2>$INFO[Container(100).ListItem.Property(Duration)]</label2>
							<onclick>noop</onclick>
							<visible>!IsEmpty(Container(100).ListItem.Property(Duration)) + SubString(Container(100).ListItem.Property(Duration),min)</visible>
						</item>
						<item>
							<label>$LOCALIZE[563]:</label>
							<label2>$INFO[Container(100).ListItem.Property(Rating)]</label2>
							<onclick>noop</onclick>
							<visible>!IsEmpty(Container(100).ListItem.Property(Rating))</visible>
						</item>
						<item>
							<label>$LOCALIZE[515]:</label>
							<label2>$INFO[Container(100).ListItem.Property(Genre)]</label2>
							<onclick>noop</onclick>
							<visible>!IsEmpty(Container(100).ListItem.Property(Genre))</visible>
						</item>
						<item>
							<label>$LOCALIZE[562]:</label>
							<label2>$INFO[Container(100).ListItem.Property(Year)]</label2>
							<onclick>noop</onclick>
							<visible>!IsEmpty(Container(100).ListItem.Property(Year))</visible>
						</item>
						<item>
							<label>$LOCALIZE[567]:</label>
							<label2>$INFO[Container(100).ListItem.Property(Playcount)]</label2>
							<onclick>noop</onclick>
							<visible>!IsEmpty(Container(100).ListItem.Property(Playcount))</visible>
						</item>
						<item>
							<label>$LOCALIZE[15311]</label>
							<label2>$INFO[Container(100).ListItem.Property(Path)]</label2>
							<onclick>noop</onclick>
							<visible>!IsEmpty(Container(100).ListItem.Property(Path))</visible>
						</item>
					</content>
				</control>
			</control>
			<control type="image">
				<posx>40</posx>
				<posy>478</posy>
				<width>1200</width>
				<height>4</height>
				<aspectratio>stretch</aspectratio>
				<texture>separator.png</texture>
			</control>
			<control type="textbox">
				<posx>60</posx>
				<posy>488</posy>
				<width>1160</width>
				<height>100</height>
				<font>font12</font>
				<align>justify</align>
				<textcolor>FFFFFFFF</textcolor>
				<pagecontrol>195</pagecontrol>
				<label>$INFO[Container(100).ListItem.Property(Plot)]</label>
				<autoscroll time="3000" delay="20000" repeat="5000">true</autoscroll>
				<visible>Control.IsVisible(110) | Control.IsVisible(120) | Control.IsVisible(140) | Control.IsVisible(150) | Control.IsVisible(200)</visible>
			</control>
			<control type="textbox">
				<posx>60</posx>
				<posy>488</posy>
				<width>1160</width>
				<height>100</height>
				<font>font12</font>
				<align>justify</align>
				<textcolor>FFFFFFFF</textcolor>
				<pagecontrol>195</pagecontrol>
				<label>$INFO[Container(100).ListItem.Property(Artist_Description)]</label>
				<autoscroll time="3000" delay="20000" repeat="5000">true</autoscroll>
				<visible>Control.IsVisible(160)</visible>
			</control>
			<control type="textbox">
				<posx>60</posx>
				<posy>488</posy>
				<width>1160</width>
				<height>100</height>
				<font>font12</font>
				<align>justify</align>
				<textcolor>FFFFFFFF</textcolor>
				<pagecontrol>195</pagecontrol>
				<label>$INFO[Container(100).ListItem.Property(Album_Description)]</label>
				<autoscroll time="3000" delay="20000" repeat="5000">true</autoscroll>
				<visible>Control.IsVisible(170)</visible>
			</control>
			<control type="textbox">
				<posx>60</posx>
				<posy>488</posy>
				<width>1160</width>
				<height>100</height>
				<font>font12</font>
				<align>justify</align>
				<textcolor>FFFFFFFF</textcolor>
				<pagecontrol>195</pagecontrol>
				<label>$INFO[Container(100).ListItem.Property(Comment)]</label>
				<autoscroll time="3000" delay="20000" repeat="5000">true</autoscroll>
				<visible>Control.IsVisible(180)</visible>
			</control>
			<control type="spincontrol" id="195">
				<posx>1152</posx>
				<posy>598</posy>
				<font>-</font>
				<spinwidth>33</spinwidth>
				<spinheight>22</spinheight>
				<textureup>scroll-up-2.png</textureup>
				<texturedown>scroll-down-2.png</texturedown>
				<textureupfocus>scroll-up-focus-2.png</textureupfocus>
				<texturedownfocus>scroll-down-focus-2.png</texturedownfocus>
				<subtype>page</subtype>
				<showonepage>false</showonepage>
				<onup>101</onup>
				<ondown>190</ondown>
				<onleft>180</onleft>
				<onright>180</onright>
				<textcolor>-</textcolor>
			</control>
			<control type="grouplist" id="190">
				<posx>40</posx>
				<posy>618</posy>
				<width>1200</width>
				<height>40</height>
				<itemgap>2</itemgap>
				<align>center</align>
				<orientation>horizontal</orientation>
				<onleft>190</onleft>
				<onright>190</onright>
				<onup>195</onup>
				<ondown>101</ondown>
				<control type="button" id="191">
					<width>250</width>
					<height>40</height>
					<label>$LOCALIZE[186]</label>
					<font>font12</font>
					<textcolor>FFFFFFFF</textcolor>
					<align>center</align>
					<aligny>center</aligny>
					<texturefocus border="5">button-focus.png</texturefocus>
					<texturenofocus border="5">button-nofocus.png</texturenofocus>
				</control>
				<control type="button" id="192">
					<width>250</width>
					<height>40</height>
					<label>-</label>
					<font>font12</font>
					<textcolor>FFFFFFFF</textcolor>
					<align>center</align>
					<aligny>center</aligny>
					<texturefocus border="5">button-focus.png</texturefocus>
					<texturenofocus border="5">button-nofocus.png</texturenofocus>
				</control>
				<control type="button" id="193">
					<width>250</width>
					<height>40</height>
					<label>-</label>
					<font>font12</font>
					<textcolor>FFFFFFFF</textcolor>
					<align>center</align>
					<aligny>center</aligny>
					<texturefocus border="5">button-focus.png</texturefocus>
					<texturenofocus border="5">button-nofocus.png</texturenofocus>
				</control>
			</control>
		</control>
	</controls>
</window>
