<?xml version="1.0" encoding="UTF-8"?>
<window>
	<defaultcontrol>90010</defaultcontrol>
	<backgroundcolor>background</backgroundcolor>
	<controls>
        <include>DefaultBackground</include>
		<control type="group">
			<left>110</left>
            <include>OpenClose_Left</include>
            <control type="image">
                <description>Menu Panel</description>
                <left>-20</left>
                <top>138</top>
                <width>440</width>
                <height>792</height>
                <texture border="22">dialogs/dialog-bg.png</texture>
            </control>
            <control type="group">
                <visible>Control.IsVisible(211)</visible>
                <control type="button">
                    <left>176</left>
                    <top>105</top>
                    <width>48</width>
                    <height>24</height>
                    <texturefocus colordiffuse="button_focus" flipy="true">overlays/arrowdown.png</texturefocus>
                    <texturenofocus colordiffuse="button_focus" flipy="true">overlays/arrowdown.png</texturenofocus>
                    <animation effect="zoom" start="100,0" end="100,100" center="auto" time="200" delay="10">VisibleChange</animation>
                    <animation effect="zoom" start="100,0" end="100,100" delay="500" center="auto" time="200">WindowOpen</animation>
                    <animation effect="zoom" start="100,100" end="100,0" center="auto" time="200">WindowClose</animation>
                    <onclick>SetFocus(211)</onclick>
                    <onclick>PageUp</onclick>
                    <animation effect="fade" time="200">VisibleChange</animation>
                    <visible>Container(211).HasPrevious</visible>
                </control>
                <control type="button">
                    <left>176</left>
                    <top>940</top>
                    <width>48</width>
                    <height>24</height>
                    <texturefocus colordiffuse="button_focus">overlays/arrowdown.png</texturefocus>
                    <texturenofocus colordiffuse="button_focus">overlays/arrowdown.png</texturenofocus>
                    <animation effect="zoom" start="100,0" end="100,100" center="auto" time="200" delay="10">VisibleChange</animation>
                    <animation effect="zoom" start="100,0" end="100,100" delay="500" center="auto" time="200">WindowOpen</animation>
                    <animation effect="zoom" start="100,100" end="100,0" center="auto" time="200">WindowClose</animation>
                    <onclick>SetFocus(211)</onclick>
                    <onclick>PageDown</onclick>
                    <animation effect="fade" time="200">VisibleChange</animation>
                    <visible>Container(211).HasNext</visible>
                </control>                
                <control type="list" id="211">
                    <left>0</left>
                    <top>160</top>
                    <width>400</width>
                    <height>740</height>
                    <onleft>61</onleft>
                    <onright>90010</onright>
                    <onup>211</onup>
                    <ondown>211</ondown>
                    <itemlayout height="74">
                        <control type="image">
                            <left>0</left>
                            <top>0</top>
                            <width>400</width>
                            <height>75</height>
                            <texture border="90,3,90,3">lists/separator.png</texture>
                        </control>
                        <control type="image">
                            <left>0</left>
                            <top>0</top>
                            <width>74</width>
                            <height>73</height>
                            <texture>$INFO[ListItem.Icon]</texture>
                        </control>
                        <control type="label">
                            <left>80</left>
                            <top>0</top>
                            <height>70</height>
                            <width>320</width>
                            <aligny>center</aligny>
                            <font>font14</font>
                            <label>$INFO[ListItem.Label]</label>
                            <shadowcolor>text_shadow</shadowcolor>
                        </control>
                    </itemlayout>
                    <focusedlayout height="74">
                        <control type="image">
                            <left>0</left>
                            <top>0</top>
                            <width>400</width>
                            <height>75</height>
                            <texture border="90,3,90,3">lists/separator.png</texture>
                            <visible>!Control.HasFocus(211)</visible>
                        </control>
                        <control type="group">
                            <control type="image">
                                <left>0</left>
                                <top>0</top>
                                <width>400</width>
                                <height>73</height>
                                <texture colordiffuse="button_focus">lists/focus.png</texture>
                                <animation effect="fade" start="100" end="30" time="0" condition="!Control.HasFocus(211)">Conditional</animation>
                            </control>
                            <control type="image">
                                <left>0</left>
                                <top>0</top>
                                <width>74</width>
                                <height>73</height>
                                <texture colordiffuse="button_focus">$INFO[ListItem.Icon]</texture>
                                <animation effect="fade" start="0" end="100" time="300" reversible="false">Focus</animation>
                            </control>
                            <control type="image">
                                <left>0</left>
                                <top>0</top>
                                <width>74</width>
                                <height>73</height>
                                <texture colordiffuse="51FFFFFF">colors/black.png</texture>
                                <animation effect="fade" start="100" end="0" time="0" condition="Control.HasFocus(90010)">Conditional</animation>
                            </control>
                        </control>
                        <control type="image">
                            <left>0</left>
                            <top>0</top>
                            <width>74</width>
                            <height>73</height>
                            <texture>$INFO[ListItem.Icon]</texture>
                        </control>
                        <control type="label">
                            <left>80</left>
                            <top>0</top>
                            <height>70</height>
                            <width>320</width>
                            <aligny>center</aligny>
                            <font>font14</font>
                            <scroll>yes</scroll>
                            <label>$INFO[ListItem.Label]</label>
                            <shadowcolor>text_shadow</shadowcolor>
                        </control>
                    </focusedlayout>
                </control>
			</control>
		</control>
        <control type="group">
            <left>110</left>
            <include>OpenClose_Right</include>
            <control type="image">
                <left>420</left>
                <top>138</top>
                <width>1300</width>
                <height>792</height>
                <texture border="22">dialogs/dialog-bg.png</texture>
            </control>
            <control type="image">
                <left>442</left>
                <top>802</top>
                <width>1256</width>
                <height>3</height>
                <texture colordiffuse="button_focus" border="2">dialogs/separator.png</texture>
            </control>
            <control type="button">
                <left>1045</left>
                <top>105</top>
                <width>48</width>
                <height>24</height>
                <texturefocus colordiffuse="button_focus" flipy="true">overlays/arrowdown.png</texturefocus>
                <texturenofocus colordiffuse="button_focus" flipy="true">overlays/arrowdown.png</texturenofocus>
                <animation effect="zoom" start="100,0" end="100,100" center="auto" time="200" delay="10">VisibleChange</animation>
                <animation effect="zoom" start="100,0" end="100,100" delay="500" center="auto" time="200">WindowOpen</animation>
                <animation effect="zoom" start="100,100" end="100,0" center="auto" time="200">WindowClose</animation>
                <onclick>SetFocus(90010)</onclick>
                <onclick>PageUp</onclick>
                <animation effect="fade" time="200">VisibleChange</animation>
                <visible>Container(90010).HasPrevious</visible>
            </control>
            <control type="button">
                <left>1045</left>
                <top>940</top>
                <width>48</width>
                <height>24</height>
                <texturefocus colordiffuse="button_focus">overlays/arrowdown.png</texturefocus>
                <texturenofocus colordiffuse="button_focus">overlays/arrowdown.png</texturenofocus>
                <animation effect="zoom" start="100,0" end="100,100" center="auto" time="200" delay="10">VisibleChange</animation>
                <animation effect="zoom" start="100,0" end="100,100" delay="500" center="auto" time="200">WindowOpen</animation>
                <animation effect="zoom" start="100,100" end="100,0" center="auto" time="200">WindowClose</animation>
                <onclick>SetFocus(90010)</onclick>
                <onclick>PageDown</onclick>
                <animation effect="fade" time="200">VisibleChange</animation>
                <visible>Container(90010).HasNext</visible>
            </control>
            <control type="scrollbar" id="60">
                <right>0</right>
                <top>80</top>
                <width>12</width>
                <height>920</height>
                <onleft>90010</onleft>
                <onright>211</onright>
                <orientation>vertical</orientation>
            </control>
            <control type="grouplist" id="90010">
                <left>442</left>
                <top>160</top>
                <width>1256</width>
                <height>630</height>
                <onleft>211</onleft>
                <onright>60</onright>
                <onup>90010</onup>
                <ondown>90010</ondown>
                <pagecontrol>60</pagecontrol>
                <control type="button" id="401">
                    <description>Choose shortcut</description>
                    <width>1256</width>
                    <include>DefaultSettingButton</include>
                    <label>$ADDON[script.skinshortcuts 32048]</label>
                    <label2>$INFO[Container(211).ListItem.Label]</label2>
                </control>
                <control type="button" id="307">
                    <description>Change action</description>
                    <width>1256</width>
                    <include>DefaultSettingButton</include>
                    <label>$ADDON[script.skinshortcuts 32027]</label>
                    <label2>$INFO[Container(211).ListItem.Property(displaypath)]</label2>
                </control>
                <control type="button" id="305">
                    <description>Change label</description>
                    <width>1256</width>
                    <include>DefaultSettingButton</include>
                    <label>$ADDON[script.skinshortcuts 32025]</label>
                    <label2>$INFO[Container(211).ListItem.Label]</label2>
                </control>
                <control type="button" id="306">
                    <description>Browse for thumbnail</description>
                    <width>1256</width>
                    <include>DefaultSettingButton</include>
                    <label>$ADDON[script.skinshortcuts 32026]</label>
                    <label2>$INFO[Container(211).ListItem.Icon]</label2>
                </control>
                <control type="button" id="310">
                    <description>Browse for background</description>
                    <width>1256</width>
                    <include>DefaultSettingButton</include>
                    <label>$ADDON[script.skinshortcuts 32045]</label>
                    <label2>$VAR[Label_SkinSetting_Backgrounds]</label2>
                    <visible>StringCompare(Window.Property(groupname),mainmenu)</visible>
                </control>
                <control type="button" id="405">
                    <description>Edit submenu</description>
                    <width>1256</width>
                    <include>DefaultSettingButton</include>
                    <label>$ADDON[script.skinshortcuts 32072]</label>
                    <visible>StringCompare(Window.Property(groupname),mainmenu)</visible>
                </control>
                <control type="button" id="312">
                    <description>Edit widget name</description>
                    <width>1256</width>
                    <include>DefaultSettingButton</include>
                    <label></label>
                    <label2></label2> 
                    <visible>false</visible>
                </control>
                <control type="button" id="350">
                    <description>Select widget type</description>
                    <width>1256</width>
                    <include>DefaultSettingButton</include>
                    <label>90030</label>
                    <label2>$VAR[SkinSettingWidgetName]</label2>
                    <onclick>SetProperty(WidgetVisibility,True,home)</onclick>
                    <onclick>SendClick(312)</onclick>
                    <visible>StringCompare(Window.Property(groupname),mainmenu)</visible>
                </control>				
                <!-- Widgets -->
                <control type="button" id="351">
                    <width>1256</width>
                    <include>DefaultSettingButton</include>
                    <label>$ADDON[script.skinshortcuts 32044] 1</label>
                    <label2>$VAR[WidgetName1Label2]</label2>
                    <onclick>ClearProperty(WidgetVisibility,home)</onclick>
                    <onclick>SetProperty(widgetID, widget1)</onclick>
                    <onclick>SendClick(312)</onclick>
                    <visible>StringCompare(Window.Property(groupname),mainmenu)</visible>
                    <visible>StringCompare(Container(211).ListItem.Property(widget),UserWidget) | StringCompare(Container(211).ListItem.Property(widget),MediaWidget)</visible>
                </control>
                <control type="button" id="352">
                    <width>1256</width>
                    <include>DefaultSettingButton</include>
                    <label>$ADDON[script.skinshortcuts 32044] 2</label>
                    <label2>$VAR[WidgetName2Label2]</label2>
                    <onclick>ClearProperty(WidgetVisibility,home)</onclick>
                    <onclick>SetProperty(widgetID, widget2)</onclick>
                    <onclick>SendClick(312)</onclick>
                    <visible>StringCompare(Window.Property(groupname),mainmenu)</visible>
                    <visible>StringCompare(Container(211).ListItem.Property(widget),UserWidget) | StringCompare(Container(211).ListItem.Property(widget),MediaWidget)</visible>
                </control>
                <control type="button" id="353">
                    <width>1256</width>
                    <include>DefaultSettingButton</include>
                    <label>$ADDON[script.skinshortcuts 32044] 3</label>
                    <label2>$VAR[WidgetName3Label2]</label2>
                    <onclick>ClearProperty(WidgetVisibility,home)</onclick>
                    <onclick>SetProperty(widgetID, widget3)</onclick>
                    <onclick>SendClick(312)</onclick>
                    <visible>StringCompare(Window.Property(groupname),mainmenu)</visible>
                    <visible>StringCompare(Container(211).ListItem.Property(widget),UserWidget) | StringCompare(Container(211).ListItem.Property(widget),MediaWidget)</visible>
                </control>
                <control type="button" id="354">
                    <width>1256</width>
                    <include>DefaultSettingButton</include>
                    <label>$ADDON[script.skinshortcuts 32044] 4</label>
                    <label2>$VAR[WidgetName4Label2]</label2>
                    <onclick>ClearProperty(WidgetVisibility,home)</onclick>
                    <onclick>SetProperty(widgetID, widget4)</onclick>
                    <onclick>SendClick(312)</onclick>
                    <visible>StringCompare(Window.Property(groupname),mainmenu)</visible>
                    <visible>StringCompare(Container(211).ListItem.Property(widget),UserWidget) | StringCompare(Container(211).ListItem.Property(widget),MediaWidget)</visible>
                </control>
                <control type="button" id="355">
                    <width>1256</width>
                    <include>DefaultSettingButton</include>
                    <label>$ADDON[script.skinshortcuts 32044] 5</label>
                    <label2>$VAR[WidgetName5Label2]</label2>
                    <onclick>ClearProperty(WidgetVisibility,home)</onclick>
                    <onclick>SetProperty(widgetID, widget5)</onclick>
                    <onclick>SendClick(312)</onclick>
                    <visible>StringCompare(Window.Property(groupname),mainmenu)</visible>
                    <visible>StringCompare(Container(211).ListItem.Property(widget),UserWidget) | StringCompare(Container(211).ListItem.Property(widget),MediaWidget)</visible>
                </control>
                <control type="button" id="356">
                    <width>1256</width>
                    <include>DefaultSettingButton</include>
                    <label>$ADDON[script.skinshortcuts 32044] 6</label>
                    <label2>$VAR[WidgetName6Label2]</label2>
                    <onclick>ClearProperty(WidgetVisibility,home)</onclick>
                    <onclick>SetProperty(widgetID, widget6)</onclick>
                    <onclick>SendClick(312)</onclick>
                    <visible>StringCompare(Window.Property(groupname),mainmenu)</visible>
                    <visible>StringCompare(Container(211).ListItem.Property(widget),UserWidget) | StringCompare(Container(211).ListItem.Property(widget),MediaWidget)</visible>
                </control>
                <control type="image" id="600">
                    <description>Separator image</description>
                    <height>3</height>
                    <texture colordiffuse="AAAAAAAA" border="3">dialogs/separator-grey.png</texture>
		        </control>
                <control type="label" id="599">
                    <description>Disable menu item label</description>
                    <width>1256</width>
                    <include>DefaultSettingLabel</include>
                    <label>Is$INFO[Container(211).ListItem.Property(skinshortcuts-disabled)]</label>
                    <visible>false</visible>
                </control>
                <control type="radiobutton" id="313">
                    <description>Disable menu item</description>
                    <width>1256</width>
                    <include>DefaultSettingButton</include>
                    <label>$LOCALIZE[90044]</label>
                    <selected>StringCompare(Control.GetLabel(599),IsTrue)</selected>
                </control>
                <control type="image" id="601">
                    <description>Separator image</description>
                    <height>3</height>
                    <texture colordiffuse="AAAAAAAA" border="3">dialogs/separator-grey.png</texture>
		        </control>
                <control type="button" id="303">
                    <description>Move up</description>                    
                    <width>1256</width>
                    <include>DefaultSettingButton</include>
                    <label>$LOCALIZE[31159]</label>
                </control>
                <control type="button" id="304">
                    <description>Move down</description>                    
                    <width>1256</width>
                    <include>DefaultSettingButton</include>
                    <label>$LOCALIZE[31160]</label>
                </control>
                <control type="image" id="602">
                    <description>Separator image</description>
                    <height>3</height>
                    <texture colordiffuse="AAAAAAAA" border="3">dialogs/separator-grey.png</texture>
		        </control>
                <control type="button" id="301">
                    <description>Add shortcut</description>
                    <width>1256</width>
                    <include>DefaultSettingButton</include>
                    <label>$ADDON[script.skinshortcuts 32000]</label>
                </control>                
                <control type="button" id="302">
                    <description>Delete shortcut</description>
                    <width>1256</width>
                    <include>DefaultSettingButton</include>
                    <label>$ADDON[script.skinshortcuts 32001]</label>
                </control>
                <control type="image" id="603">
                    <description>Separator image</description>
                    <height>3</height>
                    <texture colordiffuse="AAAAAAAA" border="3">dialogs/separator-grey.png</texture>
		        </control>
                <control type="button" id="308">
                    <description>Restore shortcuts</description>
                    <width>1256</width>
                    <include>DefaultSettingButton</include>
                    <label>$ADDON[script.skinshortcuts 32028]</label>
                </control>
            </control>
            <control type="textbox" id="6">
                <description>description area</description>
                <left>590</left>
                <top>810</top>
                <width>1150</width>
                <height>83</height>
                <font>font12</font>
                <align>justify</align>
                <textcolor>button_focus</textcolor>
                <label>$VAR[SkinSettingsHelpTextVar]</label>
                <autoscroll time="3000" delay="4000" repeat="5000">true</autoscroll>
            </control>
        </control>
		<include name="TopBar">
			<param name="breadcrumbs_label" value="$LOCALIZE[5] / $LOCALIZE[20077]$VAR[SkinShortcutsTitle]" />
			<param name="breadcrumbs_icon" value="icons/settings/skin.png" />
		</include>
		<include>BottomBar</include>
	</controls>
</window>
