<?xml version="1.0" encoding="UTF-8"?>
<addon id="skin.estuary2-extended-s" version="3.0.2.279" name="Estuary v2 Extended Shortcuts" provider-name="phil65, Ichabod Fletchman, YLLOW_DRAGON, Guilouz">
	<requires>
		<import addon="xbmc.gui" version="5.15.0"/>
		<import addon="script.pvr.favourites" version="2.0.0"/>
		<import addon="script.image.resource.select" version="3.0.2"/>
		<import addon="script.skinshortcuts" version="1.0.20"/>
		<import addon="script.skin.helper.service" version="1.1.26"/>
		<import addon="script.skin.helper.skinbackup" version="1.0.20"/>
		<import addon="script.skin.helper.widgets" version="1.0.39"/>
		<import addon="script.skin.helper.backgrounds" version="1.0.34"/>
		<import addon="script.skin.helper.colorpicker" version="1.0.13"/>
		<import addon="resource.images.skinicons.estuary" version="1.0.0"/>
		<import addon="resource.images.busyspinners.estuary" version="1.0.0"/>
	</requires>
	<extension point="xbmc.gui.skin" debugging="false">
		<res width="1920" height="1440" aspect="4:3" default="false" folder="xml" />
		<res width="1920" height="1280" aspect="3:2" default="false" folder="xml" />
		<res width="1920" height="1200" aspect="16:10" default="false" folder="xml" />
		<res width="2040" height="1080" aspect="17:9" default="false" folder="xml" />
		<res width="1920" height="1080" aspect="16:9" default="true" folder="xml" />
		<res width="2560" height="1080" aspect="21:9" default="false" folder="xml" />
		<res width="2338" height="1080" aspect="19.5:9" default="false" folder="xml" />
		<res width="2160" height="1080" aspect="18:9" default="false" folder="xml" />
	</extension>
	<extension point="xbmc.addon.metadata">
		<summary lang="en_GB">Estuary v2 Extended Shortcuts skin by phil65, Piers, YLLOW_DRAGON, Guilouz.</summary>
		<summary lang="ru_RU">Обложка Estuary v2 Extended Shortcuts. Авторы: phil65, Piers, YLLOW_DRAGON, Guilouz.</summary>
		<summary lang="uk_UA">Обкладинка Estuary v2 Extended Shortcuts від phil65, Piers, YLLOW_DRAGON, Guilouz.</summary>
		<description lang="en_GB">Estuary v2 Extended Shortcuts - is the modernized skin for KODI.</description>
		<description lang="ru_RU">Estuary v2 Extended Shortcuts - это модернизированная обложка KODI.</description>
		<description lang="uk_UA">Estuary v2 Extended Shortcuts — це модернізована обкладинка KODI.</description>
		<disclaimer lang="en_GB">Estuary v2 Extended Shortcuts - is the modernized skin for KODI.</disclaimer>
		<disclaimer lang="ru_RU">Estuary v2 Extended Shortcuts - это модернизированная обложка KODI.</disclaimer>
		<disclaimer lang="uk_UA">Estuary v2 Extended Shortcuts — це модернізована обкладинка KODI.</disclaimer>
		<platform>all</platform>
		<license>CC BY-SA 4.0, GNU GENERAL PUBLIC LICENSE Version 2.0</license>
		<forum>http://forum.kodi.tv/</forum>
		<email>nkvoronov@gmail.com</email>
		<source>https://github.com/nkvoronov/skin.estuary2-extended.git</source>
		<assets>
			<icon>resources/icon.png</icon>
			<fanart>resources/fanart.jpg</fanart>
			<screenshot>resources/screenshot-01.png</screenshot>
			<screenshot>resources/screenshot-02.png</screenshot>
			<screenshot>resources/screenshot-03.png</screenshot>
			<screenshot>resources/screenshot-04.png</screenshot>
			<screenshot>resources/screenshot-05.png</screenshot>
			<screenshot>resources/screenshot-06.png</screenshot>
			<screenshot>resources/screenshot-07.png</screenshot>
			<screenshot>resources/screenshot-08.png</screenshot>
			<screenshot>resources/screenshot-09.png</screenshot>
			<screenshot>resources/screenshot-10.png</screenshot>
			<screenshot>resources/screenshot-11.png</screenshot>
			<screenshot>resources/screenshot-12.png</screenshot>
			<screenshot>resources/screenshot-13.png</screenshot>
		</assets>
	</extension>
</addon>
