<?xml version="1.0" encoding="UTF-8"?>
<window>
	<defaultcontrol>9000</defaultcontrol>
	<onload>SetProperty(FanartHomeType,settings,home)</onload>
	<backgroundcolor>background</backgroundcolor>
    <onunload>RunScript(script.skinshortcuts,type=buildxml&amp;mainmenuID=9000&amp;group=mainmenu|powermenu)</onunload>
	<controls>
		<!-- Background -->
		<include>DefaultBackground</include>
		<control type="group">
			<left>110</left>
			<include>OpenClose_Left</include>
			<control type="image">
				<description>Menu Panel</description>
				<left>-20</left>
				<top>138</top>
				<width>440</width>
				<height>792</height>
				<texture border="22">dialogs/dialog-bg.png</texture>
			</control>
			<control type="list" id="9000">
				<description>button area</description>
				<left>0</left>
				<top>160</top>
				<width>400</width>
				<height>700</height>
				<onleft>10000</onleft>
				<onright>10000</onright>
				<onup>9000</onup>
				<ondown>9000</ondown>                
                <itemlayout height="75">
                    <control type="image">
                        <left>0</left>
                        <top>0</top>
                        <width>400</width>
                        <height>75</height>
                        <texture border="40">lists/separator.png</texture>
                    </control>
                    <control type="label">
                        <left>0</left>
                        <textoffsetx>20</textoffsetx>
                        <top>0</top>
                        <width>400</width>
                        <height>75</height>
                        <aligny>center</aligny>
                        <font>font13_title</font>                        
                        <textcolor>white</textcolor>
                        <label>$INFO[ListItem.Label]</label>
                    </control>
                </itemlayout>
                <focusedlayout height="75">
                    <control type="image">
                        <left>0</left>
                        <top>0</top>
                        <width>400</width>
                        <height>75</height>
                        <texture border="40">lists/separator.png</texture>
                        <visible>!Control.HasFocus(9000)</visible>
                    </control>
                    <control type="image">
                        <left>0</left>
                        <top>0</top>
                        <width>400</width>
                        <height>75</height>
                        <texture colordiffuse="button_focus">lists/focus.png</texture>
                        <animation effect="fade" start="100" end="30" time="0" condition="!Control.HasFocus(9000)">conditional</animation>
                    </control>
                    <control type="label">
                        <left>0</left>
                        <textoffsetx>20</textoffsetx>
                        <top>0</top>
                        <width>400</width>
                        <height>75</height>
                        <aligny>center</aligny>
                        <font>font13_title</font>
                        <scroll>true</scroll>
                        <label>$INFO[ListItem.Label]</label>
                    </control>
                </focusedlayout>
				<content>
					<item id="1">
						<label>$LOCALIZE[128]</label>
						<onclick>noop</onclick>
					</item>
					<item id="2">
						<label>$LOCALIZE[84217]</label>
						<onclick>noop</onclick>
					</item>
					<item id="3">
						<label>$LOCALIZE[31061]</label>
						<onclick>noop</onclick>
					</item>
                    <item id="4">
						<label>$LOCALIZE[84200]</label>
                        <visible>Skin.HasSetting(enable_custom_list_addons) | Skin.HasSetting(enable_custom_list_channels)</visible>
						<onclick>noop</onclick>
					</item>
                    <item id="5">
						<label>$LOCALIZE[19190]</label>
						<onclick>noop</onclick>
					</item>
                    <item id="6">
						<label>$LOCALIZE[10035]</label>
						<onclick>noop</onclick>
					</item>
				</content>
			</control>
		</control>
		<control type="group" id="10000">
			<left>110</left>
			<include>OpenClose_Right</include>
			<control type="image">
				<left>420</left>
				<top>138</top>
				<width>1300</width>
				<height>792</height>
				<texture border="22">dialogs/dialog-bg.png</texture>
			</control>
			<control type="image">
				<left>442</left>
				<top>802</top>
				<width>1256</width>
				<height>3</height>
				<texture colordiffuse="button_focus" border="2">dialogs/separator.png</texture>
			</control>
            <!-- General -->
			<control type="grouplist" id="100">
				<left>442</left>
				<top>160</top>
				<width>1256</width>
				<height>630</height>
				<onleft>9000</onleft>
				<onright>10</onright>
				<onup>100</onup>
				<ondown>100</ondown>
                <pagecontrol>10</pagecontrol>
				<visible>Container(9000).HasFocus(1)</visible>
				<control type="radiobutton" id="101">
                    <description>No slide animations</description>					
					<width>1256</width>
					<include>DefaultSettingButton</include>
                    <label>$LOCALIZE[31095]</label>
                    <onclick>Skin.ToggleSetting(no_slide_animations)</onclick>
					<selected>!Skin.HasSetting(no_slide_animations)</selected>					
				</control>
				<control type="radiobutton" id="102">
                    <description>Autoscroll</description>					
					<width>1256</width>
					<include>DefaultSettingButton</include>
                    <label>$LOCALIZE[20189]</label>
					<onclick>Skin.ToggleSetting(autoscroll)</onclick>
					<selected>Skin.HasSetting(autoscroll)</selected>
				</control>
				<control type="radiobutton" id="103">
                    <description>Show weatherinfo</description>					
					<width>1256</width>
					<include>DefaultSettingButton</include>
                    <label>$LOCALIZE[31093]</label>
					<onclick>Skin.ToggleSetting(show_weatherinfo)</onclick>
					<selected>Skin.HasSetting(show_weatherinfo)</selected>
				</control>
				<control type="radiobutton" id="104">
                    <description>Show mediaflags</description>					
					<width>1256</width>
					<include>DefaultSettingButton</include>
                    <label>$LOCALIZE[31094]</label>
					<onclick>Skin.ToggleSetting(show_mediaflags)</onclick>
					<selected>Skin.HasSetting(show_mediaflags)</selected>
				</control>
			</control>
			<include name="UpDownArrows">
				<param name="container_id" value="100" />
				<param name="posx" value="1045" />
                <param name="up_posy" value="105" />
                <param name="down_posy" value="940" />
				<param name="visible" value="!System.HasModalDialog" />
			</include>
            <control type="scrollbar" id="10">
                <right>0</right>
                <top>80</top>
                <width>12</width>
                <height>920</height>
                <onleft>100</onleft>
                <onright>100</onright>
                <orientation>vertical</orientation>
                <visible>Container(9000).HasFocus(1)</visible>
            </control>
            <!-- Options -->
			<control type="grouplist" id="200">
				<left>442</left>
				<top>160</top>
				<width>1256</width>
				<height>630</height>
				<onleft>9000</onleft>
				<onright>20</onright>
				<onup>200</onup>
				<ondown>200</ondown>
                <pagecontrol>20</pagecontrol>
				<visible>Container(9000).HasFocus(2)</visible>
                <control type="radiobutton" id="201">
                    <description>Full Screen Clock</description>					
					<width>1256</width>
					<include>DefaultSettingButton</include>
                    <label>$LOCALIZE[89501]</label>
					<onclick>Skin.ToggleSetting(FullScreenClock)</onclick>
					<selected>Skin.HasSetting(FullScreenClock)</selected>
				</control>
                <control type="radiobutton" id="202">
                    <description>Slide Show Info</description>					
					<width>1256</width>
					<include>DefaultSettingButton</include>
                    <label>$LOCALIZE[89502]</label>
					<onclick>Skin.ToggleSetting(SlideShowInfo)</onclick>
					<selected>Skin.HasSetting(SlideShowInfo)</selected>
				</control>
                <control type="radiobutton" id="203">
                    <description>Enable Stats Bar</description>					
					<width>1256</width>
					<include>DefaultSettingButton</include>
                    <label>$LOCALIZE[88071]</label>
					<onclick>Skin.ToggleSetting(EnableHomeStats)</onclick>
					<selected>Skin.HasSetting(EnableHomeStats)</selected>
				</control>
                <control type="image" id="204">
                    <description>Separator image</description>
                    <height>3</height>
                    <texture colordiffuse="AAAAAAAA" border="3">dialogs/separator-grey.png</texture>
		        </control>
                <control type="radiobutton" id="205">
                    <description>Show studio logos</description>                    
                    <width>1256</width>
                    <include>DefaultSettingButton</include>
                    <label>$LOCALIZE[84210]</label>
                    <onclick>Skin.ToggleSetting(show_studiologos)</onclick>
                    <selected>Skin.HasSetting(show_studiologos)</selected>                    
                    <visible>System.HasAddon(script.image.resource.select)</visible>
                </control>
				<control type="button" id="206">
                    <description>Studios images</description>					
					<width>1256</width>
					<include>DefaultSettingButton</include>
                    <label>- $LOCALIZE[84211]</label>
					<label2>$VAR[StudiosImagesName]</label2>
                    <onclick>RunScript(script.image.resource.select,property=StudiosImages&amp;type=resource.images.studios)</onclick>
                    <visible>System.HasAddon(script.image.resource.select)</visible>
                    <visible>Skin.HasSetting(show_studiologos)</visible>
				</control>
                <control type="button" id="207">
                    <description>Language Flags</description>					
					<width>1256</width>
					<include>DefaultSettingButton</include>
                    <label>$LOCALIZE[84213]</label>
					<label2>$VAR[LanguageFlagsName]</label2>
					<onclick>RunScript(script.image.resource.select,property=LanguageFlags&amp;type=resource.images.languageflags)</onclick>
                    <visible>System.HasAddon(script.image.resource.select)</visible>
				</control>
                <control type="button" id="208">
                    <description>Weather icons</description>					
					<width>1256</width>
					<include>DefaultSettingButton</include>
                    <label>$LOCALIZE[84214]</label>
					<label2>$VAR[WeatherIconsName]</label2>
					<onclick>RunScript(script.image.resource.select,property=WeatherIcons&amp;type=resource.images.weathericons)</onclick>
                    <visible>System.HasAddon(script.image.resource.select)</visible>
				</control>
                <control type="image" id="209">
                    <description>Separator image</description>
                    <height>3</height>
                    <texture colordiffuse="AAAAAAAA" border="3">dialogs/separator-grey.png</texture>
		        </control>
                <control type="radiobutton" id="210">
                    <description>Enable custom list addons</description>					
					<width>1256</width>
					<include>DefaultSettingButton</include>
                    <label>$LOCALIZE[84204]</label>
					<onclick>Skin.ToggleSetting(enable_custom_list_addons)</onclick>
					<selected>Skin.HasSetting(enable_custom_list_addons)</selected>
				</control>
                <control type="radiobutton" id="211">
                    <description>Enable custom list channels</description>					
					<width>1256</width>
					<include>DefaultSettingButton</include>
                    <label>$LOCALIZE[84205]</label>
					<onclick>Skin.ToggleSetting(enable_custom_list_channels)</onclick>
					<selected>Skin.HasSetting(enable_custom_list_channels)</selected>
                    <visible>System.HasAddon(script.pvr.favourites)</visible>
                    <visible>PVR.HasTVChannels | PVR.HasRadioChannels</visible>
				</control>
			</control>
            <include name="UpDownArrows">
				<param name="container_id" value="200" />
				<param name="posx" value="1045" />
                <param name="up_posy" value="105" />
                <param name="down_posy" value="940" />
				<param name="visible" value="!System.HasModalDialog" />
			</include>
            <control type="scrollbar" id="20">
                <right>0</right>
                <top>80</top>
                <width>12</width>
                <height>920</height>
                <onleft>200</onleft>
                <onright>200</onright>
                <orientation>vertical</orientation>
                <visible>Container(9000).HasFocus(2)</visible>
            </control>
            <!-- Main menu -->
			<control type="grouplist" id="300">
				<left>442</left>
				<top>160</top>
				<width>1256</width>
				<height>630</height>
				<onleft>9000</onleft>
				<onright>30</onright>
				<onup>300</onup>
				<ondown>300</ondown>
                <pagecontrol>30</pagecontrol>
				<visible>Container(9000).HasFocus(3)</visible>
                <control type="button" id="301">
                    <description>Manage main menu</description>                    
                    <width>1256</width>
                    <include>DefaultSettingButton</include>
                    <label>$ADDON[script.skinshortcuts 32071]</label>
                    <onclick>RunScript(script.skinshortcuts,type=manage&amp;group=mainmenu)</onclick>
                </control>
               <control type="button" id="302">
                    <description>Manage power menu</description>                    
                    <width>1256</width>
                    <include>DefaultSettingButton</include>
                    <label>$LOCALIZE[85216]</label>
                    <onclick>RunScript(script.skinshortcuts,type=manage&amp;group=powermenu)</onclick>
               </control>
			</control>
            <include name="UpDownArrows">
				<param name="container_id" value="300" />
				<param name="posx" value="1045" />
                <param name="up_posy" value="105" />
                <param name="down_posy" value="940" />
				<param name="visible" value="!System.HasModalDialog" />
			</include>
            <control type="scrollbar" id="30">
                <right>0</right>
                <top>80</top>
                <width>12</width>
                <height>920</height>
                <onleft>300</onleft>
                <onright>300</onright>
                <orientation>vertical</orientation>
                <visible>Container(9000).HasFocus(3)</visible>
            </control>
            <!-- User Widgets -->
            <control type="grouplist" id="400">
				<left>442</left>
				<top>160</top>
				<width>1256</width>
				<height>630</height>
				<onleft>9000</onleft>
				<onright>40</onright>
				<onup>400</onup>
				<ondown>400</ondown>
                <pagecontrol>40</pagecontrol>
				<visible>Container(9000).HasFocus(4)</visible>
				<control type="label" id="401">
                    <description>Custom List Addons</description>
                    <width>1256</width>
                    <include>DefaultSettingLabel</include>
                    <label>$LOCALIZE[84202]</label>
					<visible>Skin.HasSetting(enable_custom_list_addons)</visible>
                </control>
                <include name="HomeMainCustomWidgetsAddonsSettings">
                    <param name="id1" value="11" />
                    <param name="title" value="$LOCALIZE[1037]" />
                    <param name="flags" value="enable_custom_list_addons_video" />
                    <param name="setadonnstype" value="Video" />
                    <param name="type" value="xbmc.addon.video" />
					<param name="visible" value="Skin.HasSetting(enable_custom_list_addons)" />
                </include>
                <include name="HomeMainCustomWidgetsAddonsSettings">
                    <param name="id1" value="12" />
                    <param name="title" value="$LOCALIZE[1038]" />
                    <param name="flags" value="enable_custom_list_addons_audio" />
                    <param name="setadonnstype" value="Audio" />
                    <param name="type" value="xbmc.addon.audio" />
					<param name="visible" value="Skin.HasSetting(enable_custom_list_addons)" />
                </include>
                <include name="HomeMainCustomWidgetsAddonsSettings">
                    <param name="id1" value="13" />
                    <param name="title" value="$LOCALIZE[1043]" />
                    <param name="flags" value="enable_custom_list_addons_programs" />
                    <param name="setadonnstype" value="Programs" />
                    <param name="type" value="xbmc.addon.executable" />
					<param name="visible" value="Skin.HasSetting(enable_custom_list_addons)" />
                </include>
                <control type="radiobutton" id="1400">
                    <description>Enable custom list addons android apps</description>                    
                    <width>1256</width>
					<include>DefaultSettingButton</include>
                    <label>$LOCALIZE[20244]</label>
                    <onclick>Skin.ToggleSetting(enable_custom_list_addons_apps)</onclick>
                    <selected>Skin.HasSetting(enable_custom_list_addons_apps)</selected>					
                    <visible>System.Platform.Android</visible>
                </control>
                <include name="HomeMainCustomWidgetsAddonsSettings">
                    <param name="id1" value="15" />
                    <param name="title" value="$LOCALIZE[1039]" />
                    <param name="flags" value="enable_custom_list_addons_image" />
                    <param name="setadonnstype" value="Image" />
                    <param name="type" value="xbmc.addon.image" />
					<param name="visible" value="Skin.HasSetting(enable_custom_list_addons)" />
                </include>
				<control type="label" id="1600">
                    <description>PVR Channels</description>
                    <width>1256</width>
                    <include>DefaultSettingLabel</include>
                    <label>$LOCALIZE[84203]</label>
					<visible>Skin.HasSetting(enable_custom_list_channels)</visible>
                </control>
				<include name="HomeMainCustomWidgetsChannelsSettings">
                    <param name="id1" value="21" />
                    <param name="title" value="$LOCALIZE[19020]" />
                    <param name="flags" value="enable_custom_list_channels_tv" />
                    <param name="setchannelstype" value="TV" />
                    <param name="type" value="0" />
                    <param name="visible" value="PVR.HasTVChannels + Skin.HasSetting(enable_custom_list_channels)" />
                </include>
                <include name="HomeMainCustomWidgetsChannelsSettings">
                    <param name="id1" value="22" />
                    <param name="title" value="$LOCALIZE[19021]" />
                    <param name="flags" value="enable_custom_list_channels_radio" />
                    <param name="setchannelstype" value="Radio" />
                    <param name="type" value="1" />
                    <param name="visible" value="PVR.HasRadioChannels + Skin.HasSetting(enable_custom_list_channels)" />
                </include>
            </control>
            <include name="UpDownArrows">
				<param name="container_id" value="400" />
				<param name="posx" value="1045" />
                <param name="up_posy" value="105" />
                <param name="down_posy" value="940" />
				<param name="visible" value="!System.HasModalDialog" />
			</include>
            <control type="scrollbar" id="40">
                <right>0</right>
                <top>80</top>
                <width>12</width>
                <height>920</height>
                <onleft>400</onleft>
                <onright>400</onright>
                <orientation>vertical</orientation>
                <visible>Container(9000).HasFocus(4)</visible>
            </control>
            <!-- Background -->
			<control type="grouplist" id="500">
				<left>442</left>
				<top>160</top>
				<width>1256</width>
				<height>630</height>
				<onleft>9000</onleft>
				<onright>50</onright>
				<onup>500</onup>
				<ondown>500</ondown>
                <pagecontrol>50</pagecontrol>
				<visible>Container(9000).HasFocus(5)</visible>
				<control type="radiobutton" id="501">
                    <description>No fanart</description>					
					<width>1256</width>
					<include>DefaultSettingButton</include>
                    <label>$LOCALIZE[31002]</label>
					<onclick>Skin.ToggleSetting(no_fanart)</onclick>
					<selected>!Skin.HasSetting(no_fanart)</selected>
				</control>
				<control type="radiobutton" id="502">
                    <description>Use custom background</description>					
					<width>1256</width>
					<include>DefaultSettingButton</include>
                    <label>$LOCALIZE[31108]</label>
					<onclick>Skin.ToggleSetting(use_custom_bg)</onclick>
					<selected>Skin.HasSetting(use_custom_bg)</selected>
				</control>
				<control type="button" id="503">
                    <description>Custom background</description>					
					<width>1256</width>
					<include>DefaultSettingButton</include>
                    <label>$LOCALIZE[31109]</label>
					<label2>$INFO[Skin.String(custom_background)]</label2>
					<onclick>Skin.SetImage(custom_background)</onclick>
					<enable>Skin.HasSetting(use_custom_bg)</enable>
				</control>
                <control type="button" id="504">
                    <description>Home Fanart</description>					
					<width>1256</width>
					<include>DefaultSettingButton</include>
                    <label>$LOCALIZE[84216]</label>
					<label2>$VAR[HomeFanartName]</label2>
					<onclick>RunScript(script.image.resource.select,property=HomeFanart&amp;type=resource.images.skinbackgrounds)</onclick>
                    <visible>System.HasAddon(script.image.resource.select)</visible>
					<enable>!Skin.HasSetting(no_fanart)</enable>
				</control>
                <control type="button" id="505">
                    <description>Weather Fanart</description>					
					<width>1256</width>
					<include>DefaultSettingButton</include>
                    <label>$LOCALIZE[84209]</label>
					<label2>$VAR[WeatherFanartName]</label2>
					<onclick>RunScript(script.image.resource.select,property=WeatherFanart&amp;type=resource.images.weatherfanart)</onclick>
                    <visible>System.HasAddon(script.image.resource.select)</visible>
                    <enable>!Skin.HasSetting(no_fanart)</enable>
				</control>
            </control>
            <include name="UpDownArrows">
				<param name="container_id" value="500" />
				<param name="posx" value="1045" />
                <param name="up_posy" value="105" />
                <param name="down_posy" value="940" />
				<param name="visible" value="!System.HasModalDialog" />
			</include>
            <control type="scrollbar" id="50">
                <right>0</right>
                <top>80</top>
                <width>12</width>
                <height>920</height>
                <onleft>500</onleft>
                <onright>500</onright>
                <orientation>vertical</orientation>
                <visible>Container(9000).HasFocus(5)</visible>                
            </control>
            <!-- Reset -->
			<control type="grouplist" id="600">
				<left>442</left>
				<top>160</top>
				<width>1256</width>
				<height>630</height>
				<onleft>9000</onleft>
				<onright>60</onright>
				<onup>600</onup>
				<ondown>600</ondown>
                <pagecontrol>60</pagecontrol>
				<visible>Container(9000).HasFocus(6)</visible>
                <control type="label" id="601">
                    <description>Restory label</description>
                    <width>1256</width>
                    <include>DefaultSettingLabel</include>
                    <label>$LOCALIZE[10035]</label>
                </control>
                <control type="button" id="602">
                    <description>Restore skin</description>
                    <width>1256</width>
                    <include>DefaultSettingButton</include>
                    <label>10045</label>
                    <onclick>RunScript(script.skin.helper.service,action=reset)</onclick>
                </control>
                <control type="button" id="603">
                    <description>Restore main menu</description>                    
                    <width>1256</width>
                    <include>DefaultSettingButton</include>
                    <label>$ADDON[script.skinshortcuts 32037]</label>
                    <onclick>RunScript(script.skinshortcuts,type=resetall)</onclick>
               </control>
                <control type="image" id="604">
                    <description>Separator image</description>
                    <height>3</height>
                    <texture colordiffuse="AAAAAAAA" border="3">dialogs/separator-grey.png</texture>
                </control>
                <control type="label" id="605">
                    <description>Backup label</description>
                    <width>1256</width>
                    <include>DefaultSettingLabel</include>
                    <label>$LOCALIZE[90020]</label>
                </control>
                <control type="button" id="606">
                    <description>Create backup</description>
                    <width>1256</width>
                    <include>DefaultSettingButton</include>
                    <label>$LOCALIZE[90021]</label>
                    <onclick>RunScript(script.skin.helper.service,action=backup)</onclick>
                </control>
                <control type="button" id="607">
                    <description>Restore backup</description>
                    <width>1256</width>
                    <include>DefaultSettingButton</include>
                    <label>$LOCALIZE[90022]</label>
                    <onclick>RunScript(script.skin.helper.service,action=restore)</onclick>
                </control>
			</control>
            <include name="UpDownArrows">
				<param name="container_id" value="600" />
				<param name="posx" value="1045" />
                <param name="up_posy" value="105" />
                <param name="down_posy" value="940" />
				<param name="visible" value="!System.HasModalDialog" />
			</include>
            <control type="scrollbar" id="60">
                <right>0</right>
                <top>80</top>
                <width>12</width>
                <height>920</height>
                <onleft>600</onleft>
                <onright>600</onright>
                <orientation>vertical</orientation>
                <visible>Container(9000).HasFocus(6)</visible>
            </control>            
			<control type="textbox" id="6">
				<description>description area</description>
				<left>480</left>
				<top>810</top>
				<width>1150</width>
				<height>83</height>
				<font>font12</font>
				<align>justify</align>
				<textcolor>button_focus</textcolor>
				<label>$VAR[SkinSettingsHelpTextVar]</label>
				<autoscroll time="3000" delay="4000" repeat="5000">true</autoscroll>
			</control>
		</control>
		<include name="TopBar">
			<param name="breadcrumbs_label" value="$LOCALIZE[5] / $LOCALIZE[20077]" />
			<param name="breadcrumbs_icon" value="icons/settings/skin.png" />
		</include>
		<include>BottomBar</include>
	</controls>
</window>
