<?xml version="1.0" encoding="utf-8"?>
<includes>
	<include name="HomeSubMenuDisplay">
		<control type="group" id="9001">
        	<depth>DepthMenu-</depth>
			<left>0</left>
			<top>70</top>            
			<include>HomeSubMenuUpDown</include>
            <!-- SubMenu01 -->
            <include name="HomeSubMenuCommonControls">
                <param name="list_id" value="9010" />
                <param name="id2" value="01" />
                <param name="include_name" value="HomeSubMenuItems" />
            </include>
            <!-- SubMenu02 -->
            <include name="HomeSubMenuCommonControls">
                <param name="list_id" value="9011" />
                <param name="id2" value="02" />
                <param name="include_name" value="HomeSubMenuItems" />
            </include>
            <!-- SubMenu03 -->
            <include name="HomeSubMenuCommonControls">
                <param name="list_id" value="9012" />
                <param name="id2" value="03" />
                <param name="include_name" value="HomeSubMenuItems" />
            </include>
            <!-- SubMenu04 -->
            <include name="HomeSubMenuCommonControls">
                <param name="list_id" value="9013" />
                <param name="id2" value="04" />
                <param name="include_name" value="HomeSubMenuItems" />
            </include>
            <!-- SubMenu05 -->
            <include name="HomeSubMenuCommonControls">
                <param name="list_id" value="9014" />
                <param name="id2" value="05" />
                <param name="include_name" value="HomeSubMenuItems" />
            </include>
            <!-- SubMenu06 -->
            <include name="HomeSubMenuCommonControls">
                <param name="list_id" value="9015" />
                <param name="id2" value="06" />
                <param name="include_name" value="HomeSubMenuItems" />
            </include>
            <!-- SubMenu07 -->
            <include name="HomeSubMenuCommonControls">
                <param name="list_id" value="9016" />
                <param name="id2" value="07" />
                <param name="include_name" value="HomeSubMenuItems" />
            </include>
            <!-- SubMenu08 -->
            <include name="HomeSubMenuCommonControls">
                <param name="list_id" value="9017" />
                <param name="id2" value="08" />
                <param name="include_name" value="HomeSubMenuItems" />
            </include>
            <!-- SubMenu09 -->
            <include name="HomeSubMenuCommonControls">
                <param name="list_id" value="9018" />
                <param name="id2" value="09" />
                <param name="include_name" value="HomeSubMenuItems" />
            </include>
            <!-- SubMenu10 -->
            <include name="HomeSubMenuCommonControls">
                <param name="list_id" value="9019" />
                <param name="id2" value="10" />
                <param name="include_name" value="HomeSubMenuItems" />
            </include>
            <!-- SubMenu11 -->
            <include name="HomeSubMenuCommonControls">
                <param name="list_id" value="9020" />
                <param name="id2" value="11" />
                <param name="include_name" value="HomeSubMenuItems" />
            </include>
            <!-- SubMenu12 -->
            <include name="HomeSubMenuCommonControls">
                <param name="list_id" value="9021" />
                <param name="id2" value="12" />
                <param name="include_name" value="HomeSubMenuItems" />
            </include>
            <!-- SubMenu13 -->
            <include name="HomeSubMenuCommonControls">
                <param name="list_id" value="9022" />
                <param name="id2" value="13" />
                <param name="include_name" value="HomeSubMenuItems" />
            </include>
            <!-- SubMenu14 -->
            <include name="HomeSubMenuCommonControls">
                <param name="list_id" value="9023" />
                <param name="id2" value="14" />
                <param name="include_name" value="HomeSubMenuItems" />
            </include>
            <!-- SubMenu15 -->
            <include name="HomeSubMenuCommonControls">
                <param name="list_id" value="9024" />
                <param name="id2" value="15" />
                <param name="include_name" value="HomeSubMenuItems" />
            </include>
            <!-- SubMenu16 -->
            <include name="HomeSubMenuCommonControls">
                <param name="list_id" value="9025" />
                <param name="id2" value="16" />
                <param name="include_name" value="HomeSubMenuItems" />
            </include>            
            <!-- SubMenu17 -->
            <include name="HomeSubMenuCommonControls">
                <param name="list_id" value="9026" />
                <param name="id2" value="17" />
                <param name="include_name" value="HomeSubMenuItems" />
            </include> 
            <!-- SubMenu18 -->
            <include name="HomeSubMenuCommonControls">
                <param name="list_id" value="9027" />
                <param name="id2" value="18" />
                <param name="include_name" value="HomeSubMenuItems" />
            </include> 
            <!-- SubMenu19 -->
            <include name="HomeSubMenuCommonControls">
                <param name="list_id" value="9028" />
                <param name="id2" value="19" />
                <param name="include_name" value="HomeSubMenuItems" />
            </include> 
            <!-- SubMenu20 -->
            <include name="HomeSubMenuCommonControls">
                <param name="list_id" value="9029" />
                <param name="id2" value="20" />
                <param name="include_name" value="HomeSubMenuItems" />
            </include>             
            <!-- SubMenu21 -->
            <include name="HomeSubMenuCommonControls">
                <param name="list_id" value="9030" />
                <param name="id2" value="21" />
                <param name="include_name" value="HomeSubMenuItemsFavourites" />
            </include>  
		</control>
	</include>
    <include name="HomeSubMenuCommonControls">
        <control type="group">
            <visible>StringCompare(Container(9000).ListItem.Property(SubMenu),SubMenu$PARAM[id2])</visible>
            <include>HomeSubMenuCommonAnimation</include>
            <animation effect="slide" start="0,0" end="95,0" time="0" condition="StringCompare(Container($PARAM[list_id]).NumItems,5)">conditional</animation>
            <animation effect="slide" start="0,0" end="190,0" time="0" condition="StringCompare(Container($PARAM[list_id]).NumItems,4)">conditional</animation>
            <animation effect="slide" start="0,0" end="285,0" time="0" condition="StringCompare(Container($PARAM[list_id]).NumItems,3)">conditional</animation>
            <animation effect="slide" start="0,0" end="380,0" time="0" condition="StringCompare(Container($PARAM[list_id]).NumItems,2)">conditional</animation>
            <animation effect="slide" start="0,0" end="475,0" time="0" condition="StringCompare(Container($PARAM[list_id]).NumItems,1)">conditional</animation>
            <control type="list" id="$PARAM[list_id]">
                <include>HomeSubMenuCommonValues</include>
                <onleft>$PARAM[list_id]</onleft>
                <onright>$PARAM[list_id]</onright>
                <include>HomeSubMenuCommonLayout</include>         
                <include name="$PARAM[include_name]">
                    <param name="id2" value="$PARAM[id2]" />
                </include>
            </control>
            <control type="image">
                <left>5</left>
                <top>0</top>
                <width>35</width>
                <height>35</height>
                <texture border="0,0,0,3" flipx="true">HomeSubEnd.png</texture>
                <animation effect="slide" start="0,0" end="30,0" time="0" condition="!IntegerGreaterThan(Container($PARAM[list_id]).NumItems,6) | !Container($PARAM[list_id]).HasPrevious">conditional</animation>
                <visible>IntegerGreaterThan(Container($PARAM[list_id]).NumItems,0)</visible>
            </control>
            <control type="image">
                <left>40</left>
                <top>0</top>
                <width>35</width>
                <height>35</height>
                <texture border="5">HomeSubNF.png</texture>
                <visible>IntegerGreaterThan(Container($PARAM[list_id]).NumItems,6) + Container($PARAM[list_id]).HasPrevious</visible>
            </control>
            <control type="button" id="800">
                <left>45</left>
                <top>5</top>
                <width>25</width>
                <height>25</height>
                <texturefocus border="0,0,0,3">arrow-big-left.png</texturefocus>
                <texturenofocus border="0,0,0,3">arrow-big-left.png</texturenofocus>
                <onleft>$PARAM[list_id]</onleft>
                <onright>$PARAM[list_id]</onright>
                <include>HomeSubMenuUpDown</include>
                <onclick>Control.Move($PARAM[list_id],-1)</onclick>
                <visible>IntegerGreaterThan(Container($PARAM[list_id]).NumItems,6) + Container($PARAM[list_id]).HasPrevious</visible>
            </control>
            <control type="image">
                <left>1240</left>
                <top>0</top>
                <width>35</width>
                <height>35</height>
                <texture border="0,0,0,3">HomeSubEnd.png</texture>
                <animation effect="slide" start="0,0" end="-30,0" time="0" condition="!IntegerGreaterThan(Container($PARAM[list_id]).NumItems,6) |  !Container($PARAM[list_id]).HasNext">conditional</animation>
                <animation effect="slide" start="0,0" end="-190,0" time="0" condition="StringCompare(Container($PARAM[list_id]).NumItems,5)">conditional</animation>
                <animation effect="slide" start="0,0" end="-380,0" time="0" condition="StringCompare(Container($PARAM[list_id]).NumItems,4)">conditional</animation>
                <animation effect="slide" start="0,0" end="-570,0" time="0" condition="StringCompare(Container($PARAM[list_id]).NumItems,3)">conditional</animation>
                <animation effect="slide" start="0,0" end="-760,0" time="0" condition="StringCompare(Container($PARAM[list_id]).NumItems,2)">conditional</animation>
                <animation effect="slide" start="0,0" end="-950,0" time="0" condition="StringCompare(Container($PARAM[list_id]).NumItems,1)">conditional</animation>
                <visible>IntegerGreaterThan(Container($PARAM[list_id]).NumItems,0)</visible>
            </control>
            <control type="image">
                <left>1205</left>
                <top>0</top>
                <width>35</width>
                <height>35</height>
                <texture border="5">HomeSubNF.png</texture>
                <visible>IntegerGreaterThan(Container($PARAM[list_id]).NumItems,6) + Container($PARAM[list_id]).HasNext</visible>
            </control>
            <control type="button" id="801">
                <left>1210</left>
                <top>5</top>
                <width>25</width>
                <height>25</height>
                <texturefocus border="0,0,0,3">arrow-big-right.png</texturefocus>
                <texturenofocus border="0,0,0,3">arrow-big-right.png</texturenofocus>
                <onleft>$PARAM[list_id]</onleft>
                <onright>$PARAM[list_id]</onright>
                <include>HomeSubMenuUpDown</include>
                <onclick>Control.Move($PARAM[list_id],1)</onclick>
                <animation effect="slide" start="0,0" end="-205,0" time="0" condition="StringCompare(Container($PARAM[list_id]).NumItems,5)">conditional</animation>
                <animation effect="slide" start="0,0" end="-410,0" time="0" condition="StringCompare(Container($PARAM[list_id]).NumItems,4)">conditional</animation>
                <animation effect="slide" start="0,0" end="-615,0" time="0" condition="StringCompare(Container($PARAM[list_id]).NumItems,3)">conditional</animation>
                <animation effect="slide" start="0,0" end="-820,0" time="0" condition="StringCompare(Container($PARAM[list_id]).NumItems,2)">conditional</animation>
                <animation effect="slide" start="0,0" end="-1025,0" time="0" condition="StringCompare(Container($PARAM[list_id]).NumItems,1)">conditional</animation>
                <visible>IntegerGreaterThan(Container($PARAM[list_id]).NumItems,6) + Container($PARAM[list_id]).HasNext</visible>
            </control>
        </control>
    </include>
	<include name="HomeSubMenuCommonValues">
		<left>70</left>
		<top>0</top>
		<width>1140</width>
		<height>35</height>
		<viewtype label="535">list</viewtype>
		<pagecontrol>-</pagecontrol>
		<scrolltime>200</scrolltime>
		<orientation>Horizontal</orientation>
		<include>HomeSubMenuUpDown</include>
	</include>
	<include name="HomeSubMenuCommonAnimation">
        <animation effect="slide" start="0,-40" end="0,0" delay="200" time="200" tween="quadratic" easing="out" condition="!Skin.HasSetting(NoSlide)">Visible</animation>
		<animation effect="slide" start="0,0" end="0,-40" time="200" tween="quadratic" easing="out" condition="!Skin.HasSetting(NoSlide)">Hidden</animation>
		<animation effect="fade" start="100" end="0" time="300" condition="!ControlGroup(9001).HasFocus + Skin.HasSetting(NoSlide)">conditional</animation>
		<animation effect="slide" start="0,-40" end="0,0" delay="200" time="200" tween="quadratic" easing="out"  condition="ControlGroup(9001).HasFocus + Skin.HasSetting(NoSlide)">conditional</animation>
		<animation effect="slide" start="0,0" end="0,-40" time="200" tween="quadratic" easing="out" condition="ControlGroup(9001).HasFocus + Skin.HasSetting(NoSlide)">Hidden</animation>       
		<animation effect="fade" start="100" end="65" time="200" condition="Window.IsVisible(2123) | Window.IsVisible(2124) | Window.IsVisible(2125) | Window.IsVisible(2126) | Window.IsVisible(Favourites)">conditional</animation>
	</include>
	<include name="HomeSubMenuCommonLayout">
		<itemlayout height="35" width="190">
			<control type="image">
				<left>0</left>
				<top>0</top>
				<width>190</width>
				<height>35</height>
				<texture border="5">HomeSubNF.png</texture>
			</control>
			<control type="label">
				<left>10</left>
				<top>0</top>
				<height>35</height>
				<width>170</width>
				<font>font12</font>
				<textcolor>grey2</textcolor>
				<align>center</align>
				<aligny>center</aligny>
				<label>$INFO[ListItem.Label]</label>
			</control>
		</itemlayout>
		<focusedlayout height="35" width="190">
			<control type="image">
				<left>0</left>
				<top>0</top>
				<width>190</width>
				<height>35</height>
				<texture border="5">HomeSubNF.png</texture>
			</control>
			<control type="image">
				<left>0</left>
				<top>0</top>
				<width>190</width>
				<height>35</height>
				<texture border="5">HomeSubFO.png</texture>
				<visible>ControlGroup(9001).HasFocus</visible>
			</control>
			<control type="label">
				<left>10</left>
				<top>0</top>
				<height>35</height>
				<width>170</width>
				<font>font12</font>
				<textcolor>grey2</textcolor>
				<align>center</align>
				<aligny>center</aligny>
				<label>$INFO[ListItem.Label]</label>
			</control>
			<control type="label">
				<left>10</left>
				<top>0</top>
				<height>35</height>
				<width>170</width>
				<font>font12</font>
				<textcolor>white</textcolor>
				<align>center</align>
				<aligny>center</aligny>
				<label>$INFO[ListItem.Label]</label>
				<visible>ControlGroup(9001).HasFocus</visible>
			</control>
		</focusedlayout>
	</include>    
	<include name="HomeSubMenuItems">
        <content>
            <item id="1">
                <label>$INFO[Skin.String(SubMenu$PARAM[id2].1.Label)]</label>
                <onclick>SetProperty(MenuBackground,$VAR[SubMenuItemBackground],Home)</onclick>
                <onclick>SetProperty(MenuBackgroundHomeFanart,$VAR[SubMenuItemBackgroundHomeFanart],Home)</onclick>
                <onclick condition="!IsEmpty(Skin.String(SubMenu$PARAM[id2].1.Path))">$INFO[Skin.String(SubMenu$PARAM[id2].1.Path)]</onclick>
                <visible>!IsEmpty(Skin.String(SubMenu$PARAM[id2].1.Path))</visible>
            </item>
            <item id="2">
                <label>$INFO[Skin.String(SubMenu$PARAM[id2].2.Label)]</label>
                <onclick>SetProperty(MenuBackground,$VAR[SubMenuItemBackground],Home)</onclick>
                <onclick>SetProperty(MenuBackgroundHomeFanart,$VAR[SubMenuItemBackgroundHomeFanart],Home)</onclick>
                <onclick condition="!IsEmpty(Skin.String(SubMenu$PARAM[id2].2.Path))">$INFO[Skin.String(SubMenu$PARAM[id2].2.Path)]</onclick>
                <visible>!IsEmpty(Skin.String(SubMenu$PARAM[id2].2.Path))</visible>
            </item>
            <item id="3">
                <label>$INFO[Skin.String(SubMenu$PARAM[id2].3.Label)]</label>
                <onclick>SetProperty(MenuBackground,$VAR[SubMenuItemBackground],Home)</onclick>
                <onclick>SetProperty(MenuBackgroundHomeFanart,$VAR[SubMenuItemBackgroundHomeFanart],Home)</onclick>
                <onclick condition="!IsEmpty(Skin.String(SubMenu$PARAM[id2].3.Path))">$INFO[Skin.String(SubMenu$PARAM[id2].3.Path)]</onclick>
                <visible>!IsEmpty(Skin.String(SubMenu$PARAM[id2].3.Path))</visible>
            </item>
            <item id="4">
                <label>$INFO[Skin.String(SubMenu$PARAM[id2].4.Label)]</label>
                <onclick>SetProperty(MenuBackground,$VAR[SubMenuItemBackground],Home)</onclick>
                <onclick>SetProperty(MenuBackgroundHomeFanart,$VAR[SubMenuItemBackgroundHomeFanart],Home)</onclick>
                <onclick condition="!IsEmpty(Skin.String(SubMenu$PARAM[id2].4.Path))">$INFO[Skin.String(SubMenu$PARAM[id2].4.Path)]</onclick>
                <visible>!IsEmpty(Skin.String(SubMenu$PARAM[id2].4.Path))</visible>
            </item>
            <item id="5">
                <label>$INFO[Skin.String(SubMenu$PARAM[id2].5.Label)]</label>
                <onclick>SetProperty(MenuBackground,$VAR[SubMenuItemBackground],Home)</onclick>
                <onclick>SetProperty(MenuBackgroundHomeFanart,$VAR[SubMenuItemBackgroundHomeFanart],Home)</onclick>
                <onclick condition="!IsEmpty(Skin.String(SubMenu$PARAM[id2].5.Path))">$INFO[Skin.String(SubMenu$PARAM[id2].5.Path)]</onclick>
                <visible>!IsEmpty(Skin.String(SubMenu$PARAM[id2].5.Path))</visible>
            </item>
            <item id="6">
                <label>$INFO[Skin.String(SubMenu$PARAM[id2].6.Label)]</label>
                <onclick>SetProperty(MenuBackground,$VAR[SubMenuItemBackground],Home)</onclick>
                <onclick>SetProperty(MenuBackgroundHomeFanart,$VAR[SubMenuItemBackgroundHomeFanart],Home)</onclick>
                <onclick condition="!IsEmpty(Skin.String(SubMenu$PARAM[id2].6.Path))">$INFO[Skin.String(SubMenu$PARAM[id2].6.Path)]</onclick>
                <visible>!IsEmpty(Skin.String(SubMenu$PARAM[id2].6.Path))</visible>
            </item>
            <item id="7">
                <label>$INFO[Skin.String(SubMenu$PARAM[id2].7.Label)]</label>
                <onclick>SetProperty(MenuBackground,$VAR[SubMenuItemBackground],Home)</onclick>
                <onclick>SetProperty(MenuBackgroundHomeFanart,$VAR[SubMenuItemBackgroundHomeFanart],Home)</onclick>
                <onclick condition="!IsEmpty(Skin.String(SubMenu$PARAM[id2].7.Path))">$INFO[Skin.String(SubMenu$PARAM[id2].7.Path)]</onclick>
                <visible>!IsEmpty(Skin.String(SubMenu$PARAM[id2].7.Path))</visible>
            </item>
            <item id="8">
                <label>$INFO[Skin.String(SubMenu$PARAM[id2].8.Label)]</label>
                <onclick>SetProperty(MenuBackground,$VAR[SubMenuItemBackground],Home)</onclick>
                <onclick>SetProperty(MenuBackgroundHomeFanart,$VAR[SubMenuItemBackgroundHomeFanart],Home)</onclick>
                <onclick condition="!IsEmpty(Skin.String(SubMenu$PARAM[id2].8.Path))">$INFO[Skin.String(SubMenu$PARAM[id2].8.Path)]</onclick>
                <visible>!IsEmpty(Skin.String(SubMenu$PARAM[id2].8.Path))</visible>
            </item>
            <item id="9">
                <label>$INFO[Skin.String(SubMenu$PARAM[id2].9.Label)]</label>
                <onclick>SetProperty(MenuBackground,$VAR[SubMenuItemBackground],Home)</onclick>
                <onclick>SetProperty(MenuBackgroundHomeFanart,$VAR[SubMenuItemBackgroundHomeFanart],Home)</onclick>
                <onclick condition="!IsEmpty(Skin.String(SubMenu$PARAM[id2].9.Path))">$INFO[Skin.String(SubMenu$PARAM[id2].9.Path)]</onclick>
                <visible>!IsEmpty(Skin.String(SubMenu$PARAM[id2].9.Path))</visible>
            </item>
            <item id="10">
                <label>$INFO[Skin.String(SubMenu$PARAM[id2].10.Label)]</label>
                <onclick>SetProperty(MenuBackground,$VAR[SubMenuItemBackground],Home)</onclick>
                <onclick>SetProperty(MenuBackgroundHomeFanart,$VAR[SubMenuItemBackgroundHomeFanart],Home)</onclick>
                <onclick condition="!IsEmpty(Skin.String(SubMenu$PARAM[id2].10.Path))">$INFO[Skin.String(SubMenu$PARAM[id2].10.Path)]</onclick>
                <visible>!IsEmpty(Skin.String(SubMenu$PARAM[id2].10.Path))</visible>
            </item>
        </content>
    </include>    
    <include name="HomeSubMenuItemsFavourites">
		<content>
			<item id="1">
				<label>$INFO[Window(0).Property(favourite.1.name)]</label>
				<onclick>SetProperty(MenuBackground,$VAR[SubMenuItemBackground],Home)</onclick>
				<onclick>$INFO[Window(0).Property(favourite.1.path)]</onclick>
				<visible>!IsEmpty(Window(0).Property(favourite.1.name))</visible>
				<visible>!IsEmpty(Window(0).Property(favourite.1.path))</visible>
			</item>
			<item id="2">
				<label>$INFO[Window(0).Property(favourite.2.name)]</label>
				<onclick>SetProperty(MenuBackground,$VAR[SubMenuItemBackground],Home)</onclick>
				<onclick>$INFO[Window(0).Property(favourite.2.path)]</onclick>
				<visible>!IsEmpty(Window(0).Property(favourite.2.name))</visible>
				<visible>!IsEmpty(Window(0).Property(favourite.2.path))</visible>
			</item>
			<item id="3">
				<label>$INFO[Window(0).Property(favourite.3.name)]</label>				
				<onclick>SetProperty(MenuBackground,$VAR[SubMenuItemBackground],Home)</onclick>
                <onclick>$INFO[Window(0).Property(favourite.3.path)]</onclick>
				<visible>!IsEmpty(Window(0).Property(favourite.3.name))</visible>
				<visible>!IsEmpty(Window(0).Property(favourite.3.path))</visible>
			</item>
			<item id="4">
				<label>$INFO[Window(0).Property(favourite.4.name)]</label>				
				<onclick>SetProperty(MenuBackground,$VAR[SubMenuItemBackground],Home)</onclick>
                <onclick>$INFO[Window(0).Property(favourite.4.path)]</onclick>
				<visible>!IsEmpty(Window(0).Property(favourite.4.name))</visible>
				<visible>!IsEmpty(Window(0).Property(favourite.4.path))</visible>
			</item>
			<item id="5">
				<label>$INFO[Window(0).Property(favourite.5.name)]</label>
				<onclick>SetProperty(MenuBackground,$VAR[SubMenuItemBackground],Home)</onclick>
				<onclick>$INFO[Window(0).Property(favourite.5.path)]</onclick>
				<visible>!IsEmpty(Window(0).Property(favourite.5.name))</visible>
				<visible>!IsEmpty(Window(0).Property(favourite.5.path))</visible>
			</item>
			<item id="6">
				<label>$INFO[Window(0).Property(favourite.6.name)]</label>
				<onclick>SetProperty(MenuBackground,$VAR[SubMenuItemBackground],Home)</onclick>
				<onclick>$INFO[Window(0).Property(favourite.6.path)]</onclick>
				<visible>!IsEmpty(Window(0).Property(favourite.6.name))</visible>
				<visible>!IsEmpty(Window(0).Property(favourite.6.path))</visible>
			</item>
			<item id="7">
				<label>$INFO[Window(0).Property(favourite.7.name)]</label>
				<onclick>SetProperty(MenuBackground,$VAR[SubMenuItemBackground],Home)</onclick>
				<onclick>$INFO[Window(0).Property(favourite.7.path)]</onclick>
				<visible>!IsEmpty(Window(0).Property(favourite.7.name))</visible>
				<visible>!IsEmpty(Window(0).Property(favourite.7.path))</visible>
			</item>
			<item id="8">
				<label>$INFO[Window(0).Property(favourite.8.name)]</label>
				<onclick>SetProperty(MenuBackground,$VAR[SubMenuItemBackground],Home)</onclick>
				<onclick>$INFO[Window(0).Property(favourite.8.path)]</onclick>
				<visible>!IsEmpty(Window(0).Property(favourite.8.name))</visible>
				<visible>!IsEmpty(Window(0).Property(favourite.8.path))</visible>
			</item>
			<item id="9">
				<label>$INFO[Window(0).Property(favourite.9.name)]</label>
				<onclick>SetProperty(MenuBackground,$VAR[SubMenuItemBackground],Home)</onclick>
				<onclick>$INFO[Window(0).Property(favourite.9.path)]</onclick>
				<visible>!IsEmpty(Window(0).Property(favourite.9.name))</visible>
				<visible>!IsEmpty(Window(0).Property(favourite.9.path))</visible>
			</item>
			<item id="10">
				<label>$INFO[Window(0).Property(favourite.10.name)]</label>
				<onclick>SetProperty(MenuBackground,$VAR[SubMenuItemBackground],Home)</onclick>
				<onclick>$INFO[Window(0).Property(favourite.10.path)]</onclick>
				<visible>!IsEmpty(Window(0).Property(favourite.10.name))</visible>
				<visible>!IsEmpty(Window(0).Property(favourite.10.path))</visible>
			</item>
		</content>
	</include>
    <include name="HomeSubMenuUpDown">
        <onup>9000</onup>
		<ondown condition="!Skin.HasSetting(LowerMenu)">9002</ondown>
        <ondown condition="Skin.HasSetting(LowerMenu) + !Skin.HasSetting(HidePowerButton) + Skin.HasSetting(HideFavoritesButton)">22</ondown>
        <ondown condition="Skin.HasSetting(LowerMenu) + Skin.HasSetting(HidePowerButton) + !Skin.HasSetting(HideFavoritesButton)">21</ondown>
		<ondown condition="Skin.HasSetting(LowerMenu)">20</ondown>
    </include>
    <include name="ResetSubMenuItem">
        <onclick condition="IsEmpty(Skin.String(SubMenu$PARAM[id2].Label))">Skin.Reset(SubMenu$PARAM[id2].1.Label)</onclick>
        <onclick condition="IsEmpty(Skin.String(SubMenu$PARAM[id2].Label))">Skin.Reset(SubMenu$PARAM[id2].1.Path)</onclick>
        <onclick condition="IsEmpty(Skin.String(SubMenu$PARAM[id2].Label))">Skin.Reset(SubMenu$PARAM[id2].2.Label)</onclick>
        <onclick condition="IsEmpty(Skin.String(SubMenu$PARAM[id2].Label))">Skin.Reset(SubMenu$PARAM[id2].2.Path)</onclick>
        <onclick condition="IsEmpty(Skin.String(SubMenu$PARAM[id2].Label))">Skin.Reset(SubMenu$PARAM[id2].3.Label)</onclick>
        <onclick condition="IsEmpty(Skin.String(SubMenu$PARAM[id2].Label))">Skin.Reset(SubMenu$PARAM[id2].3.Path)</onclick>
        <onclick condition="IsEmpty(Skin.String(SubMenu$PARAM[id2].Label))">Skin.Reset(SubMenu$PARAM[id2].4.Label)</onclick>
        <onclick condition="IsEmpty(Skin.String(SubMenu$PARAM[id2].Label))">Skin.Reset(SubMenu$PARAM[id2].4.Path)</onclick>
        <onclick condition="IsEmpty(Skin.String(SubMenu$PARAM[id2].Label))">Skin.Reset(SubMenu$PARAM[id2].5.Label)</onclick>
        <onclick condition="IsEmpty(Skin.String(SubMenu$PARAM[id2].Label))">Skin.Reset(SubMenu$PARAM[id2].5.Path)</onclick>
        <onclick condition="IsEmpty(Skin.String(SubMenu$PARAM[id2].Label))">Skin.Reset(SubMenu$PARAM[id2].6.Label)</onclick>
        <onclick condition="IsEmpty(Skin.String(SubMenu$PARAM[id2].Label))">Skin.Reset(SubMenu$PARAM[id2].6.Path)</onclick>
        <onclick condition="IsEmpty(Skin.String(SubMenu$PARAM[id2].Label))">Skin.Reset(SubMenu$PARAM[id2].7.Label)</onclick>
        <onclick condition="IsEmpty(Skin.String(SubMenu$PARAM[id2].Label))">Skin.Reset(SubMenu$PARAM[id2].7.Path)</onclick>
        <onclick condition="IsEmpty(Skin.String(SubMenu$PARAM[id2].Label))">Skin.Reset(SubMenu$PARAM[id2].8.Label)</onclick>
        <onclick condition="IsEmpty(Skin.String(SubMenu$PARAM[id2].Label))">Skin.Reset(SubMenu$PARAM[id2].8.Path)</onclick>
        <onclick condition="IsEmpty(Skin.String(SubMenu$PARAM[id2].Label))">Skin.Reset(SubMenu$PARAM[id2].9.Label)</onclick>
        <onclick condition="IsEmpty(Skin.String(SubMenu$PARAM[id2].Label))">Skin.Reset(SubMenu$PARAM[id2].9.Path)</onclick>
        <onclick condition="IsEmpty(Skin.String(SubMenu$PARAM[id2].Label))">Skin.Reset(SubMenu$PARAM[id2].10.Label)</onclick>
        <onclick condition="IsEmpty(Skin.String(SubMenu$PARAM[id2].Label))">Skin.Reset(SubMenu$PARAM[id2].10.Path)</onclick>        
        <onclick condition="IsEmpty(Skin.String(SubMenu$PARAM[id2].Label)) + StringCompare(Skin.String(HomeItem.1.Sub),SubMenu$PARAM[id2])">Skin.Reset(HomeItem.1.Sub)</onclick>
        <onclick condition="IsEmpty(Skin.String(SubMenu$PARAM[id2].Label)) + StringCompare(Skin.String(HomeItem.2.Sub),SubMenu$PARAM[id2])">Skin.Reset(HomeItem.2.Sub)</onclick>
        <onclick condition="IsEmpty(Skin.String(SubMenu$PARAM[id2].Label)) + StringCompare(Skin.String(HomeItem.3.Sub),SubMenu$PARAM[id2])">Skin.Reset(HomeItem.3.Sub)</onclick>
        <onclick condition="IsEmpty(Skin.String(SubMenu$PARAM[id2].Label)) + StringCompare(Skin.String(HomeItem.4.Sub),SubMenu$PARAM[id2])">Skin.Reset(HomeItem.4.Sub)</onclick>
        <onclick condition="IsEmpty(Skin.String(SubMenu$PARAM[id2].Label)) + StringCompare(Skin.String(HomeItem.5.Sub),SubMenu$PARAM[id2])">Skin.Reset(HomeItem.5.Sub)</onclick>
        <onclick condition="IsEmpty(Skin.String(SubMenu$PARAM[id2].Label)) + StringCompare(Skin.String(HomeItem.6.Sub),SubMenu$PARAM[id2])">Skin.Reset(HomeItem.6.Sub)</onclick>
        <onclick condition="IsEmpty(Skin.String(SubMenu$PARAM[id2].Label)) + StringCompare(Skin.String(HomeItem.7.Sub),SubMenu$PARAM[id2])">Skin.Reset(HomeItem.7.Sub)</onclick>
        <onclick condition="IsEmpty(Skin.String(SubMenu$PARAM[id2].Label)) + StringCompare(Skin.String(HomeItem.8.Sub),SubMenu$PARAM[id2])">Skin.Reset(HomeItem.8.Sub)</onclick>
        <onclick condition="IsEmpty(Skin.String(SubMenu$PARAM[id2].Label)) + StringCompare(Skin.String(HomeItem.9.Sub),SubMenu$PARAM[id2])">Skin.Reset(HomeItem.9.Sub)</onclick>
        <onclick condition="IsEmpty(Skin.String(SubMenu$PARAM[id2].Label)) + StringCompare(Skin.String(HomeItem.10.Sub),SubMenu$PARAM[id2])">Skin.Reset(HomeItem.10.Sub)</onclick>
        <onclick condition="IsEmpty(Skin.String(SubMenu$PARAM[id2].Label)) + StringCompare(Skin.String(HomeItem.11.Sub),SubMenu$PARAM[id2])">Skin.Reset(HomeItem.11.Sub)</onclick>
        <onclick condition="IsEmpty(Skin.String(SubMenu$PARAM[id2].Label)) + StringCompare(Skin.String(HomeItem.12.Sub),SubMenu$PARAM[id2])">Skin.Reset(HomeItem.12.Sub)</onclick>
        <onclick condition="IsEmpty(Skin.String(SubMenu$PARAM[id2].Label)) + StringCompare(Skin.String(HomeItem.13.Sub),SubMenu$PARAM[id2])">Skin.Reset(HomeItem.13.Sub)</onclick>
        <onclick condition="IsEmpty(Skin.String(SubMenu$PARAM[id2].Label)) + StringCompare(Skin.String(HomeItem.14.Sub),SubMenu$PARAM[id2])">Skin.Reset(HomeItem.14.Sub)</onclick>
        <onclick condition="IsEmpty(Skin.String(SubMenu$PARAM[id2].Label)) + StringCompare(Skin.String(HomeItem.15.Sub),SubMenu$PARAM[id2])">Skin.Reset(HomeItem.15.Sub)</onclick>
        <onclick condition="IsEmpty(Skin.String(SubMenu$PARAM[id2].Label)) + StringCompare(Skin.String(HomeItem.16.Sub),SubMenu$PARAM[id2])">Skin.Reset(HomeItem.16.Sub)</onclick>
        <onclick condition="IsEmpty(Skin.String(SubMenu$PARAM[id2].Label)) + StringCompare(Skin.String(HomeItem.17.Sub),SubMenu$PARAM[id2])">Skin.Reset(HomeItem.17.Sub)</onclick>
        <onclick condition="IsEmpty(Skin.String(SubMenu$PARAM[id2].Label)) + StringCompare(Skin.String(HomeItem.18.Sub),SubMenu$PARAM[id2])">Skin.Reset(HomeItem.18.Sub)</onclick>
        <onclick condition="IsEmpty(Skin.String(SubMenu$PARAM[id2].Label)) + StringCompare(Skin.String(HomeItem.19.Sub),SubMenu$PARAM[id2])">Skin.Reset(HomeItem.19.Sub)</onclick>
        <onclick condition="IsEmpty(Skin.String(SubMenu$PARAM[id2].Label)) + StringCompare(Skin.String(HomeItem.20.Sub),SubMenu$PARAM[id2])">Skin.Reset(HomeItem.20.Sub)</onclick>
    </include>
    <include name="HomeMainSubMenusItemSettings">
        <control type="button" id="2$PARAM[id2]00">
            <width>750</width>
            <height>40</height>
            <font>font13</font>
            <label>[B]$LOCALIZE[89002] - $PARAM[id2][/B]</label>
            <label2>[COLOR=selected]$VAR[UsersSubMenu$PARAM[id2]Name][/COLOR]</label2>
            <textcolor>blue</textcolor>
            <focusedcolor>blue</focusedcolor>
            <texturefocus>MenuItemFO.png</texturefocus>
            <texturenofocus>MenuItemNF.png</texturenofocus>
            <onclick>Skin.SetString(SubMenu$PARAM[id2].Label)</onclick>
            <include name="ResetSubMenuItem">
                <param name="id2" value="$PARAM[id2]" />
            </include>
        </control>
        <control type="button" id="2$PARAM[id2]01">
            <width>750</width>
            <height>40</height>
            <font>font13</font>
            <label>- $LOCALIZE[89500] [B]1[/B]</label>
            <label2>[COLOR=selected]$INFO[Skin.String(SubMenu$PARAM[id2].1.Label)][/COLOR]</label2>
            <textcolor>grey</textcolor>
            <focusedcolor>white</focusedcolor>
            <texturefocus>MenuItemFO.png</texturefocus>
            <texturenofocus>MenuItemNF.png</texturenofocus>
            <onclick>SetProperty(UsrSelectBtn,SubMenu$PARAM[id2].1,Home)</onclick>
            <onclick condition="Skin.String(SubMenu$PARAM[id2].1.Label)">SetProperty(UsrSelectBtnClear,Clear,Home)</onclick>
            <onclick>ActivateWindow(2115)</onclick>
            <visible>!IsEmpty(Skin.String(SubMenu$PARAM[id2].Label))</visible>
        </control>
        <control type="button" id="2$PARAM[id2]02">
            <width>750</width>
            <height>40</height>
            <font>font13</font>
            <label>- $LOCALIZE[89500] [B]2[/B]</label>
            <label2>[COLOR=selected]$INFO[Skin.String(SubMenu$PARAM[id2].2.Label)][/COLOR]</label2>
            <textcolor>grey</textcolor>
            <focusedcolor>white</focusedcolor>
            <texturefocus>MenuItemFO.png</texturefocus>
            <texturenofocus>MenuItemNF.png</texturenofocus>
            <onclick>SetProperty(UsrSelectBtn,SubMenu$PARAM[id2].2,Home)</onclick>
            <onclick condition="Skin.String(SubMenu$PARAM[id2].2.Label)">SetProperty(UsrSelectBtnClear,Clear,Home)</onclick>
            <onclick>ActivateWindow(2115)</onclick>
            <visible>!IsEmpty(Skin.String(SubMenu$PARAM[id2].Label))</visible>
            <visible>!IsEmpty(Skin.String(SubMenu$PARAM[id2].1.Label))</visible>
        </control>
        <control type="button" id="2$PARAM[id2]03">
            <width>750</width>
            <height>40</height>
            <font>font13</font>
            <label>- $LOCALIZE[89500] [B]3[/B]</label>
            <label2>[COLOR=selected]$INFO[Skin.String(SubMenu$PARAM[id2].3.Label)][/COLOR]</label2>
            <textcolor>grey</textcolor>
            <focusedcolor>white</focusedcolor>
            <texturefocus>MenuItemFO.png</texturefocus>
            <texturenofocus>MenuItemNF.png</texturenofocus>
            <onclick>SetProperty(UsrSelectBtn,SubMenu$PARAM[id2].3,Home)</onclick>
            <onclick condition="Skin.String(SubMenu$PARAM[id2].3.Label)">SetProperty(UsrSelectBtnClear,Clear,Home)</onclick>
            <onclick>ActivateWindow(2115)</onclick>
            <visible>!IsEmpty(Skin.String(SubMenu$PARAM[id2].Label))</visible>
            <visible>!IsEmpty(Skin.String(SubMenu$PARAM[id2].2.Label))</visible>
        </control>
        <control type="button" id="2$PARAM[id2]04">
            <width>750</width>
            <height>40</height>
            <font>font13</font>
            <label>- $LOCALIZE[89500] [B]4[/B]</label>
            <label2>[COLOR=selected]$INFO[Skin.String(SubMenu$PARAM[id2].4.Label)][/COLOR]</label2>
            <textcolor>grey</textcolor>
            <focusedcolor>white</focusedcolor>
            <texturefocus>MenuItemFO.png</texturefocus>
            <texturenofocus>MenuItemNF.png</texturenofocus>
            <onclick>SetProperty(UsrSelectBtn,SubMenu$PARAM[id2].4,Home)</onclick>
            <onclick condition="Skin.String(SubMenu$PARAM[id2].4.Label)">SetProperty(UsrSelectBtnClear,Clear,Home)</onclick>
            <onclick>ActivateWindow(2115)</onclick>
            <visible>!IsEmpty(Skin.String(SubMenu$PARAM[id2].Label))</visible>
            <visible>!IsEmpty(Skin.String(SubMenu$PARAM[id2].3.Label))</visible>
        </control>
        <control type="button" id="2$PARAM[id2]05">
            <width>750</width>
            <height>40</height>
            <font>font13</font>
            <label>- $LOCALIZE[89500] [B]5[/B]</label>
            <label2>[COLOR=selected]$INFO[Skin.String(SubMenu$PARAM[id2].5.Label)][/COLOR]</label2>
            <textcolor>grey</textcolor>
            <focusedcolor>white</focusedcolor>
            <texturefocus>MenuItemFO.png</texturefocus>
            <texturenofocus>MenuItemNF.png</texturenofocus>
            <onclick>SetProperty(UsrSelectBtn,SubMenu$PARAM[id2].5,Home)</onclick>
            <onclick condition="Skin.String(SubMenu$PARAM[id2].5.Label)">SetProperty(UsrSelectBtnClear,Clear,Home)</onclick>
            <onclick>ActivateWindow(2115)</onclick>
            <visible>!IsEmpty(Skin.String(SubMenu$PARAM[id2].Label))</visible>
            <visible>!IsEmpty(Skin.String(SubMenu$PARAM[id2].4.Label))</visible>
        </control>
        <control type="button" id="2$PARAM[id2]06">
            <width>750</width>
            <height>40</height>
            <font>font13</font>
            <label>- $LOCALIZE[89500] [B]6[/B]</label>
            <label2>[COLOR=selected]$INFO[Skin.String(SubMenu$PARAM[id2].6.Label)][/COLOR]</label2>
            <textcolor>grey</textcolor>
            <focusedcolor>white</focusedcolor>
            <texturefocus>MenuItemFO.png</texturefocus>
            <texturenofocus>MenuItemNF.png</texturenofocus>
            <onclick>SetProperty(UsrSelectBtn,SubMenu$PARAM[id2].6,Home)</onclick>
            <onclick condition="Skin.String(SubMenu$PARAM[id2].6.Label)">SetProperty(UsrSelectBtnClear,Clear,Home)</onclick>
            <onclick>ActivateWindow(2115)</onclick>
            <visible>!IsEmpty(Skin.String(SubMenu$PARAM[id2].Label))</visible>
            <visible>!IsEmpty(Skin.String(SubMenu$PARAM[id2].5.Label))</visible>
        </control>
        <control type="button" id="2$PARAM[id2]07">
            <width>750</width>
            <height>40</height>
            <font>font13</font>
            <label>- $LOCALIZE[89500] [B]7[/B]</label>
            <label2>[COLOR=selected]$INFO[Skin.String(SubMenu$PARAM[id2].7.Label)][/COLOR]</label2>
            <textcolor>grey</textcolor>
            <focusedcolor>white</focusedcolor>
            <texturefocus>MenuItemFO.png</texturefocus>
            <texturenofocus>MenuItemNF.png</texturenofocus>
            <onclick>SetProperty(UsrSelectBtn,SubMenu$PARAM[id2].7,Home)</onclick>
            <onclick condition="Skin.String(SubMenu$PARAM[id2].7.Label)">SetProperty(UsrSelectBtnClear,Clear,Home)</onclick>
            <onclick>ActivateWindow(2115)</onclick>
            <visible>!IsEmpty(Skin.String(SubMenu$PARAM[id2].Label))</visible>
            <visible>!IsEmpty(Skin.String(SubMenu$PARAM[id2].6.Label))</visible>
        </control>
        <control type="button" id="2$PARAM[id2]08">
            <width>750</width>
            <height>40</height>
            <font>font13</font>
            <label>- $LOCALIZE[89500] [B]8[/B]</label>
            <label2>[COLOR=selected]$INFO[Skin.String(SubMenu$PARAM[id2].8.Label)][/COLOR]</label2>
            <textcolor>grey</textcolor>
            <focusedcolor>white</focusedcolor>
            <texturefocus>MenuItemFO.png</texturefocus>
            <texturenofocus>MenuItemNF.png</texturenofocus>
            <onclick>SetProperty(UsrSelectBtn,SubMenu$PARAM[id2].8,Home)</onclick>
            <onclick condition="Skin.String(SubMenu$PARAM[id2].8.Label)">SetProperty(UsrSelectBtnClear,Clear,Home)</onclick>
            <onclick>ActivateWindow(2115)</onclick>
            <visible>!IsEmpty(Skin.String(SubMenu$PARAM[id2].Label))</visible>
            <visible>!IsEmpty(Skin.String(SubMenu$PARAM[id2].7.Label))</visible>
        </control>
        <control type="button" id="2$PARAM[id2]09">
            <width>750</width>
            <height>40</height>
            <font>font13</font>
            <label>- $LOCALIZE[89500] [B]9[/B]</label>
            <label2>[COLOR=selected]$INFO[Skin.String(SubMenu$PARAM[id2].9.Label)][/COLOR]</label2>
            <textcolor>grey</textcolor>
            <focusedcolor>white</focusedcolor>
            <texturefocus>MenuItemFO.png</texturefocus>
            <texturenofocus>MenuItemNF.png</texturenofocus>
            <onclick>SetProperty(UsrSelectBtn,SubMenu$PARAM[id2].9,Home)</onclick>
            <onclick condition="Skin.String(SubMenu$PARAM[id2].9.Label)">SetProperty(UsrSelectBtnClear,Clear,Home)</onclick>
            <onclick>ActivateWindow(2115)</onclick>
            <visible>!IsEmpty(Skin.String(SubMenu$PARAM[id2].Label))</visible>
            <visible>!IsEmpty(Skin.String(SubMenu$PARAM[id2].8.Label))</visible>
        </control>
        <control type="button" id="2$PARAM[id2]10">
            <width>750</width>
            <height>40</height>
            <font>font13</font>
            <label>- $LOCALIZE[89500] [B]10[/B]</label>
            <label2>[COLOR=selected]$INFO[Skin.String(SubMenu$PARAM[id2].10.Label)][/COLOR]</label2>
            <textcolor>grey</textcolor>
            <focusedcolor>white</focusedcolor>
            <texturefocus>MenuItemFO.png</texturefocus>
            <texturenofocus>MenuItemNF.png</texturenofocus>
            <onclick>SetProperty(UsrSelectBtn,SubMenu$PARAM[id2].10,Home)</onclick>
            <onclick condition="Skin.String(SubMenu$PARAM[id2].10.Label)">SetProperty(UsrSelectBtnClear,Clear,Home)</onclick>
            <onclick>ActivateWindow(2115)</onclick>
            <visible>!IsEmpty(Skin.String(SubMenu$PARAM[id2].Label))</visible>
            <visible>!IsEmpty(Skin.String(SubMenu$PARAM[id2].9.Label))</visible>
        </control>
    </include>
    <include name="SubMenuTypeChoices">
        <content>
            <item>
                <description>Clear Setting</description>
                <label>$LOCALIZE[89013]</label>
                <onclick>Dialog.Close($PARAM[id_win])</onclick>
                <onclick>Skin.SetString($INFO[Window(Home).Property(UsrSelectBtn)].Sub,None)</onclick>
                <onclick>ClearProperty(UsrSelectBtn,Home)</onclick>
                <visible>StringCompare(Window(Home).Property(UsrSelectBtnClear),Clear)</visible>
            </item>
            <item>
                <description>Submenu set 01</description>
                <label>$VAR[UsersSubMenu01Name]</label>
                <onclick>Dialog.Close($PARAM[id_win])</onclick>
                <onclick>Skin.SetString($INFO[Window(Home).Property(UsrSelectBtn)].Sub,SubMenu01)</onclick>
                <onclick>ClearProperty(UsrSelectBtn,Home)</onclick>
                <visible>!IsEmpty(Skin.String(SubMenu01.Label))</visible>
            </item>
            <item>
                <description>Submenu set 02</description>
                <label>$VAR[UsersSubMenu02Name]</label>
                <onclick>Dialog.Close($PARAM[id_win])</onclick>
                <onclick>Skin.SetString($INFO[Window(Home).Property(UsrSelectBtn)].Sub,SubMenu02)</onclick>
                <onclick>ClearProperty(UsrSelectBtn,Home)</onclick>
                <visible>!IsEmpty(Skin.String(SubMenu02.Label))</visible>
            </item>
            <item>
                <description>Submenu set 03</description>
                <label>$VAR[UsersSubMenu03Name]</label>
                <onclick>Dialog.Close($PARAM[id_win])</onclick>
                <onclick>Skin.SetString($INFO[Window(Home).Property(UsrSelectBtn)].Sub,SubMenu03)</onclick>
                <onclick>ClearProperty(UsrSelectBtn,Home)</onclick>
                <visible>!IsEmpty(Skin.String(SubMenu03.Label))</visible>
            </item>
            <item>
                <description>Submenu set 04</description>
                <label>$VAR[UsersSubMenu04Name]</label>
                <onclick>Dialog.Close($PARAM[id_win])</onclick>
                <onclick>Skin.SetString($INFO[Window(Home).Property(UsrSelectBtn)].Sub,SubMenu04)</onclick>
                <onclick>ClearProperty(UsrSelectBtn,Home)</onclick>
                <visible>!IsEmpty(Skin.String(SubMenu04.Label))</visible>
            </item>
            <item>
                <description>Submenu set 05</description>
                <label>$VAR[UsersSubMenu05Name]</label>
                <onclick>Dialog.Close($PARAM[id_win])</onclick>
                <onclick>Skin.SetString($INFO[Window(Home).Property(UsrSelectBtn)].Sub,SubMenu05)</onclick>
                <onclick>ClearProperty(UsrSelectBtn,Home)</onclick>
                <visible>!IsEmpty(Skin.String(SubMenu05.Label))</visible>
            </item>
            <item>
                <description>Submenu set 06</description>
                <label>$VAR[UsersSubMenu06Name]</label>
                <onclick>Dialog.Close($PARAM[id_win])</onclick>
                <onclick>Skin.SetString($INFO[Window(Home).Property(UsrSelectBtn)].Sub,SubMenu06)</onclick>
                <onclick>ClearProperty(UsrSelectBtn,Home)</onclick>
                <visible>!IsEmpty(Skin.String(SubMenu06.Label))</visible>
            </item>
            <item>
                <description>Submenu set 07</description>
                <label>$VAR[UsersSubMenu07Name]</label>
                <onclick>Dialog.Close($PARAM[id_win])</onclick>
                <onclick>Skin.SetString($INFO[Window(Home).Property(UsrSelectBtn)].Sub,SubMenu07)</onclick>
                <onclick>ClearProperty(UsrSelectBtn,Home)</onclick>
                <visible>!IsEmpty(Skin.String(SubMenu07.Label))</visible>
            </item>
            <item>
                <description>Submenu set 08</description>
                <label>$VAR[UsersSubMenu08Name]</label>
                <onclick>Dialog.Close($PARAM[id_win])</onclick>
                <onclick>Skin.SetString($INFO[Window(Home).Property(UsrSelectBtn)].Sub,SubMenu08)</onclick>
                <onclick>ClearProperty(UsrSelectBtn,Home)</onclick>
                <visible>!IsEmpty(Skin.String(SubMenu08.Label))</visible>
            </item>
            <item>
                <description>Submenu set 09</description>
                <label>$VAR[UsersSubMenu09Name]</label>
                <onclick>Dialog.Close($PARAM[id_win])</onclick>
                <onclick>Skin.SetString($INFO[Window(Home).Property(UsrSelectBtn)].Sub,SubMenu09)</onclick>
                <onclick>ClearProperty(UsrSelectBtn,Home)</onclick>
                <visible>!IsEmpty(Skin.String(SubMenu09.Label))</visible>
            </item>
            <item>
                <description>Submenu set 10</description>
                <label>$VAR[UsersSubMenu10Name]</label>
                <onclick>Dialog.Close($PARAM[id_win])</onclick>
                <onclick>Skin.SetString($INFO[Window(Home).Property(UsrSelectBtn)].Sub,SubMenu10)</onclick>
                <onclick>ClearProperty(UsrSelectBtn,Home)</onclick>
                <visible>!IsEmpty(Skin.String(SubMenu10.Label))</visible>
            </item>
            <item>
                <description>Submenu set 11</description>
                <label>$VAR[UsersSubMenu11Name]</label>
                <onclick>Dialog.Close($PARAM[id_win])</onclick>
                <onclick>Skin.SetString($INFO[Window(Home).Property(UsrSelectBtn)].Sub,SubMenu11)</onclick>
                <onclick>ClearProperty(UsrSelectBtn,Home)</onclick>
                <visible>!IsEmpty(Skin.String(SubMenu11.Label))</visible>
            </item>
            <item>
                <description>Submenu set 12</description>
                <label>$VAR[UsersSubMenu12Name]</label>
                <onclick>Dialog.Close($PARAM[id_win])</onclick>
                <onclick>Skin.SetString($INFO[Window(Home).Property(UsrSelectBtn)].Sub,SubMenu12)</onclick>
                <onclick>ClearProperty(UsrSelectBtn,Home)</onclick>
                <visible>!IsEmpty(Skin.String(SubMenu12.Label))</visible>
            </item>
            <item>
                <description>Submenu set 13</description>
                <label>$VAR[UsersSubMenu13Name]</label>
                <onclick>Dialog.Close($PARAM[id_win])</onclick>
                <onclick>Skin.SetString($INFO[Window(Home).Property(UsrSelectBtn)].Sub,SubMenu13)</onclick>
                <onclick>ClearProperty(UsrSelectBtn,Home)</onclick>
                <visible>!IsEmpty(Skin.String(SubMenu13.Label))</visible>
            </item>
            <item>
                <description>Submenu set 14</description>
                <label>$VAR[UsersSubMenu14Name]</label>
                <onclick>Dialog.Close($PARAM[id_win])</onclick>
                <onclick>Skin.SetString($INFO[Window(Home).Property(UsrSelectBtn)].Sub,SubMenu14)</onclick>
                <onclick>ClearProperty(UsrSelectBtn,Home)</onclick>
                <visible>!IsEmpty(Skin.String(SubMenu14.Label))</visible>
            </item>
            <item>
                <description>Submenu set 15</description>
                <label>$VAR[UsersSubMenu15Name]</label>
                <onclick>Dialog.Close($PARAM[id_win])</onclick>
                <onclick>Skin.SetString($INFO[Window(Home).Property(UsrSelectBtn)].Sub,SubMenu15)</onclick>
                <onclick>ClearProperty(UsrSelectBtn,Home)</onclick>
                <visible>!IsEmpty(Skin.String(SubMenu16.Label))</visible>
            </item>
            <item>
                <description>Submenu set 16</description>
                <label>$VAR[UsersSubMenu16Name]</label>
                <onclick>Dialog.Close($PARAM[id_win])</onclick>
                <onclick>Skin.SetString($INFO[Window(Home).Property(UsrSelectBtn)].Sub,SubMenu16)</onclick>
                <onclick>ClearProperty(UsrSelectBtn,Home)</onclick>
                <visible>!IsEmpty(Skin.String(SubMenu16.Label))</visible>
            </item>
            <item>
                <description>Submenu set 17</description>
                <label>$VAR[UsersSubMenu17Name]</label>
                <onclick>Dialog.Close($PARAM[id_win])</onclick>
                <onclick>Skin.SetString($INFO[Window(Home).Property(UsrSelectBtn)].Sub,SubMenu17)</onclick>
                <onclick>ClearProperty(UsrSelectBtn,Home)</onclick>
                <visible>!IsEmpty(Skin.String(SubMenu17.Label))</visible>
            </item>
            <item>
                <description>Submenu set 18</description>
                <label>$VAR[UsersSubMenu18Name]</label>
                <onclick>Dialog.Close($PARAM[id_win])</onclick>
                <onclick>Skin.SetString($INFO[Window(Home).Property(UsrSelectBtn)].Sub,SubMenu18)</onclick>
                <onclick>ClearProperty(UsrSelectBtn,Home)</onclick>
                <visible>!IsEmpty(Skin.String(SubMenu18.Label))</visible>
            </item>
            <item>
                <description>Submenu set 19</description>
                <label>$VAR[UsersSubMenu19Name]</label>
                <onclick>Dialog.Close($PARAM[id_win])</onclick>
                <onclick>Skin.SetString($INFO[Window(Home).Property(UsrSelectBtn)].Sub,SubMenu19)</onclick>
                <onclick>ClearProperty(UsrSelectBtn,Home)</onclick>
                <visible>!IsEmpty(Skin.String(SubMenu19.Label))</visible>
            </item>
            <item>
                <description>Submenu set 20</description>
                <label>$VAR[UsersSubMenu20Name]</label>
                <onclick>Dialog.Close($PARAM[id_win])</onclick>
                <onclick>Skin.SetString($INFO[Window(Home).Property(UsrSelectBtn)].Sub,SubMenu20)</onclick>
                <onclick>ClearProperty(UsrSelectBtn,Home)</onclick>
                <visible>!IsEmpty(Skin.String(SubMenu20.Label))</visible>
            </item>
            <item>
                <description>Submenu Favourites</description>
                <label>$LOCALIZE[1036]</label>
                <onclick>Dialog.Close($PARAM[id_win])</onclick>
                <onclick>Skin.SetString($INFO[Window(Home).Property(UsrSelectBtn)].Sub,SubMenu21)</onclick>
                <onclick>ClearProperty(UsrSelectBtn,Home)</onclick>
            </item>
        </content>
    </include>    
</includes>