<?xml version="1.0" encoding="UTF-8"?>
<window>
	<defaultcontrol>2</defaultcontrol>
	<controls>
        <control type="label">
            <description>SlideShow Info</description>
            <left>5</left>
            <top>5</top>
            <width>600</width>
            <height>25</height>
            <font>font12</font>
            <textcolor>grey</textcolor>
            <shadowcolor>black</shadowcolor>
            <scroll>false</scroll>
            <align>left</align>
            <aligny>center</aligny>
            <label>([COLOR=blue]$INFO[Slideshow.SlideIndex][/COLOR]) $INFO[Slideshow.Filename]</label>
            <visible>Skin.HasSetting(SlideShowInfo)</visible>
        </control>
        <control type="label">
            <description>Clock label</description>
            <left>450</left>
            <top>5</top>
            <width>800</width>
            <height>25</height>
            <align>right</align>
            <aligny>center</aligny>
            <font>font13</font>
            <textcolor>white</textcolor>
            <shadowcolor>black</shadowcolor>
            <label>$INFO[System.Time]</label>
            <animation effect="slide" start="0,0" end="-30,0" time="0" condition="Window.IsVisible(Mutebug)">conditional</animation>
            <animation effect="slide" start="0,0" end="-40,0" time="0" condition="SlideShow.IsPaused">conditional</animation>
            <visible>Skin.HasSetting(FullScreenClock)</visible>
        </control>
		<control type="group" id="13">
			<left>50r</left>
			<top>2</top>
			<visible>!Skin.HasSetting(Show_SlideShow_Paused)</visible>
			<control type="image">
				<left>0</left>
				<top>0</top>
				<width>45</width>
				<height>45</height>
                <aspectratio>keep</aspectratio>				
                <texture>OSDPause.png</texture>
                <animation effect="slide" start="0,0" end="-45,0" time="0" condition="Window.IsVisible(Mutebug)">conditional</animation>
			</control>
		</control>
		<!-- media infos -->
		<control type="group">
			<left>20</left>
			<top>180r</top>
			<visible>Player.ShowInfo + Player.HasMedia</visible>
			<include>VisibleFadeEffect</include>
			<include>SmallMusicInfo</include>
		</control>
		<control type="button">
			<visible>SlideShow.IsVideo + [!SlideShow.IsActive | SlideShow.IsPaused]</visible>
			<description>Video Play Button</description>
			<left>540</left>
			<top>260</top>
			<width>200</width>
			<height>200</height>
			<font>-</font>
			<onclick>play</onclick>
			<texturefocus>arrow-big-right.png</texturefocus>
			<texturenofocus>arrow-big-right.png</texturenofocus>
		</control>
	</controls>
</window>
