<?xml version="1.0" encoding="UTF-8" standalone="yes"?>
<addon id="service.skin.widgets" name="Skin Widgets" version="0.0.35.013" provider-name="Martijn, phil65, YLLOW_DRAGON">
	<requires>
		<import addon="xbmc.python" version="3.0.0"/>
		<import addon="xbmc.json" version="6.0.0"/>
		<import addon="script.module.simplejson" version="3.17.0"/>
	</requires>
	<extension point="xbmc.service" library="default.py" start="login"/>
	<extension point="xbmc.addon.metadata">
		<summary lang="en_GB">Skin widgets</summary>
		<summary lang="ru_RU">Виджеты обложки</summary>
		<summary lang="uk_UA">Віджети обкладинки</summary>
		<description lang="en_GB">Skin widgets</description>
		<description lang="ru_RU">Виджеты обложки</description>
		<description lang="uk_UA">Віджети обкладинки</description>
		<disclaimer lang="en_GB">For information visit the wiki page or XBMC forum.</disclaimer>
		<disclaimer lang="ru_RU">Для получения дополнительной информации посетите вики-страницу или XBMC форум.</disclaimer>
		<disclaimer lang="uk_UA">Для отримання додаткової інформації відвідайте вікі-сторінку або XBMC форум.</disclaimer>
		<platform>all</platform>
		<license>GNU GENERAL PUBLIC LICENSE. Version 2, June 1991</license>
		<website></website>
		<forum>http://forum.xbmc.org/showthread.php?tid=142389</forum>
		<email>nkvoronov@gmail.com</email>
		<source>https://github.com/nkvoronov/service.skin.widgets.git</source>
		<email></email>
		<assets>
			<icon>resources/icon.png</icon>
		</assets>
	</extension>
</addon>
