<?xml version="1.0" encoding="UTF-8"?>
<addon id="repository.yellowdragon" name="Yellow Dragon Repository" version="20.0" provider-name="YLLOW_DRAGON">
	<requires>
		<import addon="xbmc.addon" version="12.0.0"/>
	</requires>
	<extension point="xbmc.addon.repository" name="Yellow Dragon Repository">
        <dir>
            <info compressed="false">https://raw.githubusercontent.com/nkvoronov/repository.yellowdragon/nexus/repo/addons.xml</info>
            <checksum>https://raw.githubusercontent.com/nkvoronov/repository.yellowdragon/nexus/repo/addons.xml.md5</checksum>
            <datadir zip="true">https://raw.githubusercontent.com/nkvoronov/repository.yellowdragon/nexus/repo/</datadir>
            <hashes>false</hashes>
        </dir>
	</extension>
	<extension point="xbmc.addon.metadata">
		<summary lang="en_GB">YLLOW_DRAGON addons repository for KODI Nexus</summary>
		<summary lang="ru_RU">Репозиторий дополнений YLLOW_DRAGON для KODI Nexus</summary>
		<summary lang="uk_UA">Репозиторій доповнень YLLOW_DRAGON для KODI Nexus</summary>
		<description  lang="en_GB">Download and install YLLOW_DRAGON addons repository.</description>
		<description  lang="ru_RU">Загружайте и устанавливайте дополнения из репозитория YLLOW_DRAGON.</description>
		<description  lang="uk_UA">Завантажуйте та встановлюйте доповненя з репозиторію YLLOW_DRAGON.</description>
		<platform>all</platform>
		<assets>
			<icon>resources/icon.png</icon>
			<fanart>resources/fanart.jpg</fanart>
		</assets>
		<news></news>
	</extension>
</addon>