<?xml version="1.0" encoding="UTF-8" standalone="yes"?>
<addon id="script.module.metadatautils"
		name="Metadata and Artwork module"
		version="1.0.36.031"
		provider-name="marcelveldt, finkleandeinhorn, cartmandos, YLLOW_DRAGON">
	<requires>
		<import addon="xbmc.python" version="3.0.0"/>
		<import addon="script.module.requests" version="2.3.0"/>
		<import addon="script.module.beautifulsoup4" version="4.6.3" />
		<import addon="script.module.thetvdb" version="1.0.28" />
		<import addon="script.module.musicbrainz" version="0.6.2" />
		<import addon="script.module.simplecache" version="2.0.0"/>
		<import addon="script.module.arrow" version="0.15.5"/>
	</requires>
	<extension point="xbmc.python.module" library="lib" />
	<extension point="xbmc.addon.metadata">
		<summary lang="en_GB">Metadata and artwork from common sources TMDB, IMDB and fanart.tv</summary>
		<summary lang="ru_RU">Метаданные и иллюстраций из общих источников TMDb, IMDB и fanart.tv</summary>
		<summary lang="uk_UA">Метадані і ілюстрацій із загальних джерел TMDb, IMDB та fanart.tv</summary>
		<description lang="en_GB">The artwork and metadata module provides rich metadata, including artwork for various metatypes by scraping this information from sites like TMDB, musicbrainz and fanart.tv.</description>
		<description lang="ru_RU">Модуль artwork and metadata получает метаданные и иллюстраций для различные метатипов с сайтов TMDb, MusicBrainz и fanart.tv.</description>
		<description lang="uk_UA">Модуль artwork and metadata отримує метадані та ілюстрацій для різні метатіпов з сайтів TMDb, MusicBrainz та fanart.tv.</description>
        <news>
v1.0.36
- Fix for theaudiodb scraper,Add some new Art thumb and label

v1.0.35 (wuff)
- Remove BeautifulSoup3 dependency and use BeautifulSoup4 on Kodi 18 and 19 instead
            
v1.0.34 (wuff)
- Set BeautifulSoup3 and MusicBrainz dependency as optional to allow install on Matrix
            
v1.0.33 (wuff)
- replace xbmc.LOGNOTICE with xbmc.LOGINFO as LOGNOTICE was removed

v1.0.32 (wuff)
- Remove python requirement for Kodi 18/19 compat
- Change imdb Top250 parsing from lxml to html.parser
- replace xbmc.translatePath with xmbcvfs.translatePath
v1.0.31 (berkhornet)
- Further fixes for PVR artwork
v1.0.30 (berkhornet)
- Kodi 19/Python 3 
- Fixes for PVR artwork
- Fix display of artwork when manually selecting from TVDB
- Fixes for animated art and google
v1.0.29 (wuff)
- Remove python requirement for Kodi 18/19 compat
v1.0.28 (wuff)
- Kodi 19/Python 3 fixes
v1.0.27 (finkleandeinhorn)
- update omdb api key
v1.0.26 (finkleandeinhorn, cartmandos)
- enable caching of omdb/tmdb data
- remove duplicate "Title" parameter
v1.0.25 (marcelveldt)
- Last version 30 Mar 2018
        </news>
        <license>Apache 2.0</license>
		<email>nkvoronov@gmail.com</email>
		<source>https://github.com/nkvoronov/script.module.metadatautils.git</source>
        <platform>all</platform>
		<assets>
			<icon>resources/icon.png</icon>
			<fanart>resources/fanart.jpg</fanart>
			<screenshot>resources/screenshot-01.jpg</screenshot>
			<screenshot>resources/screenshot-02.jpg</screenshot>
			<screenshot>resources/screenshot-03.jpg</screenshot>
			<screenshot>resources/screenshot-04.jpg</screenshot>
			<screenshot>resources/screenshot-05.jpg</screenshot>
		</assets>
    </extension>
</addon>
