﻿<?xml version="1.0" encoding="UTF-8" standalone="yes"?>
	<addon id="script.skin.helper.widgets" name="Skin Helper Service Widgets" version="1.0.39.028" provider-name="marcelveldt, YLLOW_DRAGON">
	<requires>
		<import addon="xbmc.python" version="2.24.0"/>
		<import addon="xbmc.addon" version="12.0.0"/>
		<import addon="script.module.metadatautils" version="1.0.0" />
		<import addon="script.module.simplecache" version="1.0.0"/>
	</requires>
	<extension point="xbmc.python.pluginsource" library="plugin.py">
		<provides>video audio</provides>
	</extension>
	<extension library="service.py" point="xbmc.service" start="login" />
	<extension point="xbmc.addon.metadata">
		<summary lang="en_GB">Ready to use widgets for all kind of media types</summary>
		<summary lang="ru_RU">Готовые к использованию виджеты для всех типов медиа-типов</summary>
		<summary lang="uk_UA">Готові до використання віджети для всіх типів медіа-типів</summary>
		<description lang="en_GB">Ready to use widgets for all kind of media types</description>
		<description lang="ru_RU">Готовые к использованию виджеты для всех типов медиа-типов</description>
		<description lang="uk_UA">Готові до використання віджети для всіх типів медіа-типів</description>
		<description></description>
		<language></language>
		<platform>all</platform>
		<license>GPL v2.0</license>
		<forum>http://forum.kodi.tv/showthread.php?tid=235676</forum>
		<website></website>
		<email>nkvoronov@gmail.com</email>
		<source>https://github.com/nkvoronov/script.skin.helper.widgets.git</source>
	</extension>
</addon>