<?xml version="1.0" encoding="UTF-8"?>
<window id="5533">
    <defaultcontrol always="true">1000</defaultcontrol>
    <allowoverlay>no</allowoverlay>
    <controls>
        <include>DefaultBackground</include>
        <control type="group">
            <left>110</left>
            <include>OpenClose_Left</include>
            <control type="image">
                <description>Menu Panel</description>
                <left>-20</left>
                <top>138</top>
                <width>440</width>
                <height>792</height>
                <texture border="22">dialogs/dialog-bg.png</texture>
            </control>
            <control type="list" id="1000">
                <description>button area</description>
                <left>0</left>
                <top>160</top>
                <width>440</width>
                <height>700</height>
                <onleft>1500</onleft>
                <onright>10000</onright>
                <onup>1000</onup>
                <ondown>1000</ondown>
                <itemlayout height="75" width="396">
                    <control type="image">
                        <left>2</left>
                        <height>75</height>
                        <width>396</width>
                        <texture border="40">lists/separator.png</texture>
                    </control>
                    <control type="label">
                        <left>30</left>
                        <top>10</top>
                        <width>240</width>
                        <height>55</height>
                        <font>font24_title</font>
                        <textcolor>white</textcolor>
                        <label>$INFO[ListItem.Label]</label>
                    </control>
                </itemlayout>
                <focusedlayout height="75" width="396">
                    <control type="image">
                        <left>2</left>
                        <height>75</height>
                        <width>396</width>
                        <texture colordiffuse="button_focus">lists/focus.png</texture>
                    </control>
                    <control type="label">
                        <left>30</left>
                        <top>10</top>
                        <width>240</width>
                        <height>55</height>
                        <font>font24_title</font>
                        <textcolor>white</textcolor>
                        <label>$INFO[ListItem.Label]</label>
                    </control>
                </focusedlayout>
            </control>
            <control type="image">
                <left>0</left>
                <top>796</top>
                <width>400</width>
                <height>3</height>
                <texture colordiffuse="button_focus" border="2">dialogs/separator.png</texture>
            </control>
            <control type="image">
                <description>LOGO</description>
                <left>20</left>
                <top>775</top>
                <width>360</width>
                <height>160</height>
                <aspectratio>keep</aspectratio>
                <texture>os/libreelec/Logo.png</texture>
            </control>
        </control>
        <control type="group" id="10000">
            <left>110</left>
            <include>OpenClose_Right</include>
            <control type="image">
                <left>420</left>
                <top>138</top>
                <width>1300</width>
                <height>792</height>
                <texture border="22">dialogs/dialog-bg.png</texture>
            </control>
            <!-- Separator -->
            <control type="image">
                <left>442</left>
                <top>796</top>
                <width>1256</width>
                <height>3</height>
                <texture colordiffuse="button_focus" border="2">dialogs/separator.png</texture>
            </control>
            <!-- About -->
            <control type="group" id="1900">
                <left>442</left>
                <top>160</top>
                <width>1256</width>
                <height>610</height>
                <onleft>1000</onleft>
                <onright>1000</onright>
                <onup>1900</onup>
                <ondown>1900</ondown>
                <visible>StringCompare(Container(1000).ListItem.Property(listTyp), 1900)</visible>
                <!-- Logo -->
                <control type="image">
                    <left>946</left>
                    <top>10</top>
                    <width>300</width>
                    <height>300</height>
                    <texture border="1">os/libreelec/logo_big.png</texture>
                </control>
                <!-- Separator Logo -->
                <control type="image">
                    <left>2</left>
                    <top>160</top>
                    <width>935</width>
                    <height>3</height>
                    <texture colordiffuse="button_focus" border="2">dialogs/separator.png</texture>
                </control>
                <!-- Build -->
                <control type="label">
                    <left>0</left>
                    <textoffsetx>40</textoffsetx>
                    <top>20</top>
                    <width>250</width>
                    <height>40</height>
                    <font>font12</font>
                    <textcolor>button_focus</textcolor>
                    <align>left</align>
                    <aligny>center</aligny>
                    <label>$ADDON[service.libreelec.settings 606]</label>
                </control>	
                <control type="label">
                    <left>250</left>
                    <top>20</top>
                    <width>600</width>
                    <height>40</height>
                    <font>font12</font>
                    <textcolor>white</textcolor>
                    <align>left</align>
                    <aligny>center</aligny>
                    <label>$INFO[Container(5533).Property(Distri)] ($INFO[Container(5533).Property(build)])</label>
                </control>
                <!-- Version -->
                <control type="label">
                    <left>0</left>
                    <textoffsetx>40</textoffsetx>
                    <top>60</top>
                    <width>250</width>
                    <height>40</height>
                    <font>font12</font>
                    <textcolor>button_focus</textcolor>
                    <align>left</align>
                    <aligny>center</aligny>
                    <label>$ADDON[service.libreelec.settings 607]</label>
                </control>
                <control type="label">
                    <left>250</left>
                    <top>60</top>
                    <width>600</width>
                    <height>40</height>
                    <font>font12</font>
                    <textcolor>white</textcolor>
                    <align>left</align>
                    <aligny>center</aligny>
                    <label>$INFO[Container(5533).Property(Version)]</label>
                </control>
                <!-- Arch -->
                <control type="label">
                    <left>0</left>
                    <textoffsetx>40</textoffsetx>
                    <top>100</top>
                    <width>250</width>
                    <height>40</height>
                    <font>font12</font>
                    <textcolor>button_focus</textcolor>
                    <align>left</align>
                    <aligny>center</aligny>
                    <label>$ADDON[service.libreelec.settings 608]</label>
                </control>
                <control type="label">
                    <left>250</left>
                    <top>100</top>
                    <width>600</width>
                    <height>40</height>
                    <font>font12</font>
                    <textcolor>white</textcolor>
                    <align>left</align>
                    <aligny>center</aligny>
                    <label>$INFO[Container(5533).Property(Arch)]</label>
                </control>
                <!-- Comment 1 -->
                <control type="textbox">
                    <left>40</left>
                    <top>180</top>
                    <width>900</width>
                    <height>170</height>
                    <font>font10</font>
                    <textcolor>white</textcolor>
                    <label>$ADDON[service.libreelec.settings 609]</label>
                    <autoscroll time="3000" delay="4000" repeat="5000">true</autoscroll>
                </control>
                <!-- Comment 2 -->
                <control type="textbox">
                    <left>40</left>
                    <top>350</top>
                    <width>900</width>
                    <height>150</height>
                    <font>font10</font>
                    <textcolor>white</textcolor>
                    <label>$ADDON[service.libreelec.settings 610]</label>
                    <autoscroll time="3000" delay="4000" repeat="5000">true</autoscroll>
                </control>
                <!-- Comment 3 -->
                <control type="textbox">
                    <left>40</left>
                    <top>530</top>
                    <width>1200</width>
                    <height>100</height>
                    <font>font10</font>
                    <textcolor>white</textcolor>
                    <align>left</align>
                    <label>$ADDON[service.libreelec.settings 611]</label>
                    <autoscroll time="3000" delay="4000" repeat="5000">true</autoscroll>
                </control>
            </control>
            <!-- Simple List Content -->
            <include name="UpDownArrows">
                <param name="container_id" value="1100" />
                <param name="posx" value="1045" />
                <param name="up_posy" value="100" />
                <param name="down_posy" value="940" />
            </include>
            <control type="list" id="1100">
                <left>442</left>
                <top>160</top>
                <width>1256</width>
                <height>610</height>
                <onleft>1000</onleft>
                <onright>1500</onright>
                <onup>1100</onup>
                <ondown>1100</ondown>
                <visible>StringCompare(Container(1000).ListItem.Property(listTyp), 1100)</visible>
                <itemlayout height="70">
                    <control type="group">
                        <visible>!StringCompare(ListItem.Property(Typ), separator)</visible>
                        <control type="image">
                            <left>0</left>
                            <top>0</top>
                            <width>1256</width>
                            <height>70</height>
                            <texture border="40">lists/separator.png</texture>
                        </control>
                        <control type="label">
                            <left>0</left>
                            <textoffsetx>40</textoffsetx>
                            <top>0</top>
                            <width>800</width>
                            <height>70</height>
                            <align>left</align>
                            <aligny>center</aligny>
                            <label>$INFO[ListItem.Label]</label>
                            <scroll>true</scroll>
                        </control>
                        <control type="label">
                            <left>800</left>
                            <top>0</top>
                            <width>436</width>
                            <height>70</height>
                            <align>right</align>
                            <aligny>center</aligny>
                            <label>$INFO[ListItem.Property(value)]</label>
                            <scroll>true</scroll>
                            <visible>!StringCompare(ListItem.Property(Typ), bool) + !StringCompare(ListItem.Property(Typ), button)</visible>
                        </control>
                    </control>
                    <control type="group">
                        <visible>StringCompare(ListItem.Property(Typ), separator)</visible>
                        <control type="image">
                            <left>0</left>
                            <top>67</top>
                            <width>1256</width>
                            <height>3</height>
                            <texture colordiffuse="AAAAAAAA" border="3">dialogs/separator-grey.png</texture>
                        </control>
                        <control type="label">
                            <left>0</left>
                            <textoffsetx>10</textoffsetx>
                            <top>0</top>
                            <width>1256</width>
                            <height>70</height>
                            <aligny>center</aligny>
                            <font>font12_title</font>
                            <textcolor>button_focus</textcolor>
                            <label>$INFO[ListItem.Label]</label>
                            <visible>true</visible>
                        </control>
                    </control>
                    <control type="group">
                        <visible>StringCompare(ListItem.Property(Typ), bool)</visible>
                        <control type="image">
                            <left>1147</left>
                            <top>0</top>
                            <width>120</width>
                            <height>70</height>
                            <aspectratio>keep</aspectratio>
                            <texture border="5">buttons/radio-button-off.png</texture>
                            <visible>StringCompare(ListItem.Property(value), 0) | StringCompare(ListItem.Property(value), false) | IsEmpty(ListItem.Property(value))</visible>
                        </control>
                        <control type="image">
                            <left>1147</left>
                            <top>0</top>
                            <width>120</width>
                            <height>70</height>
                            <aspectratio>keep</aspectratio>
                            <texture border="5">buttons/radio-button-on.png</texture>
                            <visible>StringCompare(ListItem.Property(value), 1) | StringCompare(ListItem.Property(value), true)</visible>
                        </control>
                    </control>
                    <control type="group">
                        <visible>StringCompare(ListItem.Property(Typ), button)</visible>
                        <control type="image">
                            <left>1190</left>
                            <top>17</top>
                            <width>35</width>
                            <height>35</height>
                            <aspectratio>keep</aspectratio>
                            <texture border="5">icons/submenu/settings.png</texture>
                        </control>
                    </control>
                </itemlayout>
                <focusedlayout height="70">  
                    <control type="group">
                        <visible>!StringCompare(ListItem.Property(Typ), separator)</visible>
                        <control type="image">
                            <left>0</left>
                            <top>0</top>
                            <width>1256</width>
                            <height>70</height>
                            <texture border="40">lists/separator.png</texture>
                            <visible>!Control.HasFocus(1100)</visible>
                        </control>
                        <control type="image">
                            <left>0</left>
                            <top>0</top>
                            <width>1256</width>
                            <height>70</height>
                            <texture colordiffuse="button_focus">lists/focus.png</texture>
                            <visible>Control.HasFocus(1100)</visible>
                        </control>
                        <control type="label">
                            <left>0</left>
                            <textoffsetx>40</textoffsetx>
                            <top>0</top>
                            <width>800</width>
                            <height>70</height>
                            <align>left</align>
                            <aligny>center</aligny>
                            <label>$INFO[ListItem.Label]</label>
                            <scroll>true</scroll>
                        </control>
                        <control type="label">
                            <left>800</left>
                            <top>0</top>
                            <width>436</width>
                            <height>70</height>
                            <align>right</align>
                            <aligny>center</aligny>
                            <label>$INFO[ListItem.Property(value)]</label>
                            <scroll>true</scroll>
                            <visible>!StringCompare(ListItem.Property(Typ), bool) + !StringCompare(ListItem.Property(Typ), button)</visible>
                        </control> 
                    </control>
                    <control type="group">
                        <visible>StringCompare(ListItem.Property(Typ), separator)</visible>
                        <control type="image">
                            <left>0</left>
                            <top>67</top>
                            <width>1256</width>
                            <height>3</height>
                            <texture colordiffuse="AAAAAAAA" border="3">dialogs/separator-grey.png</texture>
                        </control>
                        <control type="label">
                            <left>0</left>
                            <textoffsetx>10</textoffsetx>
                            <top>0</top>
                            <width>1256</width>
                            <height>70</height>
                            <aligny>center</aligny>
                            <font>font12_title</font>
                            <textcolor>button_focus</textcolor>
                            <label>$INFO[ListItem.Label]</label>
                            <visible>true</visible>
                        </control>
                    </control>
                    <control type="group">
                        <visible>StringCompare(ListItem.Property(Typ), bool)</visible>
                        <control type="image">
                            <left>1147</left>
                            <top>0</top>
                            <width>120</width>
                            <height>70</height>
                            <aspectratio>keep</aspectratio>
                            <texture border="5">buttons/radio-button-off.png</texture>
                            <visible>StringCompare(ListItem.Property(value), 0) | StringCompare(ListItem.Property(value), false) | IsEmpty(ListItem.Property(value))</visible>
                        </control>
                        <control type="image">
                            <left>1147</left>
                            <top>0</top>
                            <width>120</width>
                            <height>70</height>
                            <aspectratio>keep</aspectratio>
                            <texture border="5">buttons/radio-button-on.png</texture>
                            <visible>StringCompare(ListItem.Property(value), 1) | StringCompare(ListItem.Property(value), true)</visible>
                        </control>
                    </control>
                    <control type="group">
                        <visible>StringCompare(ListItem.Property(Typ), button)</visible>
                        <control type="image">
                            <left>1190</left>
                            <top>17</top>
                            <width>35</width>
                            <height>35</height>
                            <aspectratio>keep</aspectratio>
                            <texture border="5">icons/submenu/settings.png</texture>
                        </control>
                    </control>
                </focusedlayout>
            </control>
            <!-- Network Menu Content -->
            <include name="UpDownArrows">
                <param name="container_id" value="1200" />
                <param name="posx" value="1045" />
                <param name="up_posy" value="100" />
                <param name="down_posy" value="940" />
            </include>
            <control type="list" id="1200">
                <left>442</left>
                <top>160</top>
                <width>1256</width>
                <height>610</height>
                <onleft>1000</onleft>
                <onright>1000</onright>
                <onup>1200</onup>
                <ondown>1200</ondown>
                <visible>StringCompare(Container(1000).ListItem.Property(listTyp), 1200)</visible>
                <itemlayout height="150">
                    <control type="image">
                        <left>0</left>
                        <top>0</top>
                        <width>1256</width>
                        <height>150</height>
                        <texture border="40">lists/separator.png</texture>
                    </control>
                    <!-- Icon ethernet -->
                    <control type="image">
                        <left>15</left>
                        <top>30</top>
                        <width>80</width>
                        <height>80</height>
                        <aspectratio>keep</aspectratio>
                        <visible>StringCompare(ListItem.Property(netType), ethernet)</visible> 
                        <texture>icons/eth.png</texture>
                    </control>
                    <!-- Icon wifi -->
                    <control type="image">
                        <left>15</left>
                        <top>30</top>
                        <width>80</width>
                        <height>80</height>
                        <aspectratio>keep</aspectratio>
                        <visible>StringCompare(ListItem.Property(netType), wifi)</visible> 
                        <texture>icons/wlan.png</texture>
                    </control>
                    <!-- Connection Name -->
                    <control type="label">
                        <left>110</left>
                        <top>0</top>
                        <width>400</width>
                        <height>70</height>
                        <aligny>center</aligny>
                        <font>font24_title</font>
                        <textcolor>button_focus</textcolor>
                        <info>ListItem.Label</info>
                        <visible>true</visible>
                    </control>
                    <!-- Interface -->
                    <control type="label">
                        <left>110</left>
                        <top>70</top>
                        <width>300</width>
                        <height>70</height>
                        <aligny>center</aligny>
                        <font>font12</font>
                        <textcolor>button_focus</textcolor>
                        <label>$ADDON[service.libreelec.settings 601]: [COLOR=white]$INFO[ListItem.Property(Interface)][/COLOR]</label>
                        <visible>!IsEmpty(ListItem.Property(Interface))</visible>
                    </control>
                    <!-- Connection Address -->
                    <control type="label">
                        <left>410</left>
                        <top>70</top>
                        <width>375</width>
                        <height>70</height>
                        <aligny>center</aligny>
                        <font>font12</font>
                        <textcolor>button_focus</textcolor>
                        <label>$ADDON[service.libreelec.settings 602]: [COLOR=white]$INFO[ListItem.Property(Address)][/COLOR]</label>
                        <visible>StringCompare(ListItem.Property(State), online) | StringCompare(ListItem.Property(State), ready)</visible>
                    </control>
                    <!-- Method -->
                    <control type="label">
                        <left>800</left>
                        <top>70</top>
                        <width>300</width>
                        <height>70</height>
                        <aligny>center</aligny>
                        <font>font12</font>
                        <textcolor>button_focus</textcolor>
                        <label>$ADDON[service.libreelec.settings 603]: [COLOR=white]$INFO[ListItem.Property(Method)][/COLOR]</label>
                    </control>
                    <!-- State -->
                    <control type="label">
                        <left>800</left>
                        <top>0</top>
                        <width>200</width>
                        <height>70</height>
                        <aligny>center</aligny>
                        <font>font12</font>
                        <textcolor>button_focus</textcolor>
                        <label>$ADDON[service.libreelec.settings 604]: [COLOR=white]$INFO[ListItem.Property(State)][/COLOR]</label>
                    </control>
                    <!-- Signal strength -->
                    <control type="progress">
                        <left>5</left>
                        <top>135</top>
                        <width>1246</width>
                        <height>10</height>
                        <info>ListItem.Property(Strength)</info>
                        <visible>StringCompare(ListItem.Property(netType), wifi)</visible>
                    </control>
                    <!-- Signal strength value -->
                    <control type="label">
                        <left>1000</left>
                        <top>70</top>
                        <width>60</width>
                        <height>70</height>
                        <aligny>center</aligny>
                        <font>font10</font>
                        <align>right</align>
                        <textcolor>white</textcolor>
                        <info>ListItem.Property(Strength)</info>
                        <visible>StringCompare(ListItem.Property(netType), wifi)</visible>
                    </control>
                    <!-- Online Symbol (top right) -->
                    <control type="image">
                        <left>1125</left>
                        <top>10</top>
                        <width>50</width>
                        <height>50</height>
                        <aspectratio>keep</aspectratio>
                        <visible>StringCompare(ListItem.Property(State), online)</visible> 
                        <texture>os/libreelec/icons/connected.png</texture>
                    </control>
                    <!-- Favorite Symbol (bottom right) -->
                    <control type="image">
                        <left>1125</left>
                        <top>80</top>
                        <width>50</width>
                        <height>50</height>
                        <aspectratio>keep</aspectratio>
                        <visible>StringCompare(ListItem.Property(Favorite), 1)</visible> 
                        <texture>os/libreelec/icons/Favorite.png</texture>
                    </control>
                    <!-- Secure Symbol (bottom right) -->
                    <control type="image">
                        <left>1185</left>
                        <top>80</top>
                        <width>50</width>
                        <height>50</height>
                        <aspectratio>keep</aspectratio>
                        <visible>IntegerGreaterThan(ListItem.Property(Security), 0)</visible> 
                        <texture>os/libreelec/icons/Key.png</texture>
                    </control>
                </itemlayout>
                <focusedlayout height="150">
                    <control type="image">
                        <left>0</left>
                        <top>0</top>
                        <width>1256</width>
                        <height>150</height>
                        <texture border="40">lists/separator.png</texture>
                    </control>
                    <control type="image">
                        <left>0</left>
                        <top>0</top>
                        <width>1256</width>
                        <height>150</height>
                        <texture colordiffuse="button_focus">lists/focus.png</texture>
                        <visible>Control.HasFocus(1200)</visible>
                    </control>
                    <!-- Icon ethernet -->
                    <control type="image">
                        <left>15</left>
                        <top>30</top>
                        <width>80</width>
                        <height>80</height>
                        <aspectratio>keep</aspectratio>
                        <visible>StringCompare(ListItem.Property(netType), ethernet)</visible> 
                        <texture>os/libreelec/icons/eth.png</texture>
                    </control>
                    <!-- Icon wifi -->
                    <control type="image">
                        <left>15</left>
                        <top>30</top>
                        <width>80</width>
                        <height>80</height>
                        <aspectratio>keep</aspectratio>
                        <visible>StringCompare(ListItem.Property(netType), wifi)</visible> 
                        <texture>os/libreelec/icons/wlan.png</texture>
                    </control>
                    <!-- Connection Name -->
                    <control type="label">
                        <left>110</left>
                        <top>0</top>
                        <width>400</width>
                        <height>70</height>
                        <aligny>center</aligny>
                        <font>font24_title</font>
                        <textcolor>button_focus</textcolor>
                        <info>ListItem.Label</info>
                        <visible>true</visible>
                    </control>
                    <!-- Interface -->
                    <control type="label">
                        <left>110</left>
                        <top>70</top>
                        <width>300</width>
                        <height>70</height>
                        <aligny>center</aligny>
                        <font>font12</font>
                        <textcolor>button_focus</textcolor>
                        <label>$ADDON[service.libreelec.settings 601]: [COLOR=white]$INFO[ListItem.Property(Interface)][/COLOR]</label>
                        <visible>!IsEmpty(ListItem.Property(Interface))</visible>
                    </control>
                    <!-- Connection Address -->
                    <control type="label">
                        <left>410</left>
                        <top>70</top>
                        <width>300</width>
                        <height>70</height>
                        <aligny>center</aligny>
                        <font>font12</font>
                        <textcolor>button_focus</textcolor>
                        <visible>StringCompare(ListItem.Property(State), online) | StringCompare(ListItem.Property(State), ready)</visible>
                        <label>$ADDON[service.libreelec.settings 602]: [COLOR=white]$INFO[ListItem.Property(Address)][/COLOR]</label>
                    </control>
                    <!-- Method -->
                    <control type="label">
                        <left>800</left>
                        <top>70</top>
                        <width>300</width>
                        <height>70</height>
                        <aligny>center</aligny>
                        <font>font12</font>
                        <textcolor>button_focus</textcolor>
                        <label>$ADDON[service.libreelec.settings 603]: [COLOR=white]$INFO[ListItem.Property(Method)][/COLOR]</label>
                    </control>
                    <!-- State -->
                    <control type="label">
                        <left>800</left>
                        <top>0</top>
                        <width>200</width>
                        <height>70</height>
                        <aligny>center</aligny>
                        <font>font12</font>
                        <textcolor>button_focus</textcolor>
                        <label>$ADDON[service.libreelec.settings 604]: [COLOR=white]$INFO[ListItem.Property(State)][/COLOR]</label>
                    </control>
                    <!-- Signal strength -->
                    <control type="progress">
                        <left>5</left>
                        <top>135</top>
                        <width>1246</width>
                        <height>10</height>
                        <info>ListItem.Property(Strength)</info>
                        <visible>StringCompare(ListItem.Property(netType), wifi)</visible>
                    </control>
                    <!-- Signal strength value -->
                    <control type="label">
                        <left>1000</left>
                        <top>70</top>
                        <width>60</width>
                        <height>70</height>
                        <aligny>center</aligny>
                        <font>font10</font>
                        <align>right</align>
                        <textcolor>white</textcolor>
                        <info>ListItem.Property(Strength)</info>
                        <visible>StringCompare(ListItem.Property(netType), wifi)</visible>
                    </control>
                    <!-- Online Symbol (top right) -->
                    <control type="image">
                        <left>1125</left>
                        <top>10</top>
                        <width>50</width>
                        <height>50</height>
                        <aspectratio>keep</aspectratio>
                        <visible>StringCompare(ListItem.Property(State), online)</visible> 
                        <texture>os/libreelec/icons/connected.png</texture>
                    </control>
                    <!-- Favorite Symbol (bottom right) -->
                    <control type="image">
                        <left>1125</left>
                        <top>80</top>
                        <width>50</width>
                        <height>50</height>
                        <aspectratio>keep</aspectratio>
                        <visible>StringCompare(ListItem.Property(Favorite), 1)</visible> 
                        <texture>os/libreelec/icons/Favorite.png</texture>
                    </control>
                    <!-- Secure Symbol (bottom right) -->
                    <control type="image">
                        <left>1185</left>
                        <top>80</top>
                        <width>50</width>
                        <height>50</height>
                        <aspectratio>keep</aspectratio>
                        <visible>IntegerGreaterThan(ListItem.Property(Security), 0)</visible> 
                        <texture>os/libreelec/icons/Key.png</texture>
                    </control>
                </focusedlayout>
            </control>
            <!-- Bluetooth Menu Content -->
            <control type="label" id="1301">
                <left>442</left>
                <top>170</top>
                <width>1256</width>
                <height>610</height>
                <info></info>
                <align>center</align>
                <aligny>center</aligny>
                <visible>StringCompare(Container(1000).ListItem.Property(listTyp), 1300) + StringCompare(Container(1300).NumItems, 0)</visible> 
            </control>
            <include name="UpDownArrows">
                <param name="container_id" value="1300" />
                <param name="posx" value="1045" />
                <param name="up_posy" value="100" />
                <param name="down_posy" value="940" />
            </include>
            <control type="list" id="1300">
                <left>442</left>
                <top>160</top>
                <width>1256</width>
                <height>610</height>
                <onleft>1000</onleft>
                <onright>1000</onright>
                <onup>1300</onup>
                <ondown>1300</ondown>
                <visible>StringCompare(Container(1000).ListItem.Property(listTyp), 1300)</visible>
                <itemlayout height="140">
                    <control type="image">
                        <left>0</left>
                        <top>0</top>
                        <width>1256</width>
                        <height>140</height>
                        <texture border="40">lists/separator.png</texture>
                    </control>
                    <!-- default -->
                    <control type="image">
                        <left>15</left>
                        <top>30</top>
                        <width>80</width>
                        <height>80</height>
                        <aspectratio>keep</aspectratio>
                        <visible>StringCompare(ListItem.Property(Icon), default)</visible> 
                        <texture>os/libreelec/icons/bt.png</texture>
                    </control>
                    <!-- modem -->
                    <control type="image">
                        <left>15</left>
                        <top>30</top>
                        <width>80</width>
                        <height>80</height>
                        <aspectratio>keep</aspectratio>
                        <visible>StringCompare(ListItem.Property(Icon), modem)</visible> 
                        <texture>os/libreelec/icons/bt-modem.png</texture>
                    </control>
                    <!-- audio -->
                    <control type="image">
                        <left>15</left>
                        <top>30</top>
                        <width>80</width>
                        <height>80</height>
                        <aspectratio>keep</aspectratio>
                        <visible>StringCompare(ListItem.Property(Icon), audio-card)</visible> 
                        <texture>os/libreelec/icons/bt-audio-card.png</texture>
                    </control>
                    <!-- Camera Photo -->
                    <control type="image">
                        <left>15</left>
                        <top>30</top>
                        <width>80</width>
                        <height>80</height>
                        <aspectratio>keep</aspectratio>
                        <visible>StringCompare(ListItem.Property(Icon), camera-photo)</visible> 
                        <texture>os/libreelec/icons/bt-camera-photo.png</texture>
                    </control>		
                    <!-- Icon phone -->
                    <control type="image">
                        <left>15</left>
                        <top>30</top>
                        <width>80</width>
                        <height>80</height>
                        <aspectratio>keep</aspectratio>
                        <visible>StringCompare(ListItem.Property(Icon), phone)</visible> 
                        <texture>os/libreelec/icons/bt-phone.png</texture>
                    </control>	
                    <!-- camera-video -->
                    <control type="image">
                        <left>15</left>
                        <top>30</top>
                        <width>80</width>
                        <height>80</height>
                        <aspectratio>keep</aspectratio>
                        <visible>StringCompare(ListItem.Property(Icon), camera-video)</visible> 
                        <texture>os/libreelec/icons/bt-camera-video.png</texture>
                    </control>
                    <!-- input-mouse -->
                    <control type="image">
                        <left>15</left>
                        <top>30</top>
                        <width>80</width>
                        <height>80</height>
                        <aspectratio>keep</aspectratio>
                        <visible>StringCompare(ListItem.Property(Icon), input-mouse)</visible> 
                        <texture>os/libreelec/icons/bt-input-mouse.png</texture>
                    </control>
                    <!-- input-gaming -->
                    <control type="image">
                        <left>15</left>
                        <top>30</top>
                        <width>80</width>
                        <height>80</height>
                        <aspectratio>keep</aspectratio>
                        <visible>StringCompare(ListItem.Property(Icon), input-gaming)</visible> 
                        <texture>os/libreelec/icons/bt-input-gaming.png</texture>
                    </control>
                    <!-- input-keyboard -->
                    <control type="image">
                        <left>15</left>
                        <top>30</top>
                        <width>80</width>
                        <height>80</height>
                        <aspectratio>keep</aspectratio>
                        <visible>StringCompare(ListItem.Property(Icon), input-keyboard)</visible> 
                        <texture>os/libreelec/icons/bt-input-keyboard.png</texture>
                    </control>
                    <!-- input-tablet -->
                    <control type="image">
                        <left>15</left>
                        <top>30</top>
                        <width>80</width>
                        <height>80</height>
                        <aspectratio>keep</aspectratio>
                        <visible>StringCompare(ListItem.Property(Icon), input-tablet)</visible> 
                        <texture>os/libreelec/icons/bt-input-tablet.png</texture>
                    </control>
                    <!-- Printer -->
                    <control type="image">
                        <left>15</left>
                        <top>30</top>
                        <width>80</width>
                        <height>80</height>
                        <aspectratio>keep</aspectratio>
                        <visible>StringCompare(ListItem.Property(Icon), printer)</visible> 
                        <texture>os/libreelec/icons/bt-printer.png</texture>
                    </control>
                    <!-- Computer -->
                    <control type="image">
                        <left>15</left>
                        <top>30</top>
                        <width>80</width>
                        <height>80</height>
                        <aspectratio>keep</aspectratio>
                        <visible>StringCompare(ListItem.Property(Icon), computer)</visible> 
                        <texture>os/libreelec/icons/bt-computer.png</texture>
                    </control>
                    <!-- Connection Name -->
                    <control type="label">
                        <left>110</left>
                        <top>0</top>
                        <width>400</width>
                        <height>70</height>
                        <aligny>center</aligny>
                        <font>font24_title</font>
                        <textcolor>button_focus</textcolor>
                        <info>ListItem.Label</info>
                        <visible>true</visible>
                    </control>
                    <!-- Connection Address -->
                    <control type="label">
                        <left>110</left>
                        <top>70</top>
                        <width>500</width>
                        <height>70</height>
                        <aligny>center</aligny>
                        <font>font12</font>
                        <textcolor>button_focus</textcolor>
                        <label>$ADDON[service.libreelec.settings 605]: [COLOR=white]$INFO[ListItem.Property(Address)][/COLOR]</label>
                    </control>
                    <!-- Connected State -->
                    <control type="label">
                        <left>800</left>
                        <top>0</top>
                        <width>200</width>
                        <height>70</height>
                        <aligny>center</aligny>
                        <font>font12</font>
                        <textcolor>button_focus</textcolor>
                        <label>$ADDON[service.libreelec.settings 32333][COLOR=white]$INFO[ListItem.Property(ConnectedState)][/COLOR]</label>
                    </control>
                    <!-- Paired Symbol (bottom right) -->
                    <control type="image">
                        <left>1125</left>
                        <top>80</top>
                        <width>50</width>
                        <height>50</height>
                        <aspectratio>keep</aspectratio>
                        <visible>StringCompare(ListItem.Property(Paired), 1)</visible> 
                        <texture>os/libreelec/icons/Favorite.png</texture>
                    </control>
                    <!-- Trusted Symbol (bottom right) -->
                    <control type="image">
                        <left>1185</left>
                        <top>80</top>
                        <width>50</width>
                        <height>50</height>
                        <aspectratio>keep</aspectratio>
                        <visible>IntegerGreaterThan(ListItem.Property(Trusted), 0)</visible> 
                        <texture>os/libreelec/icons/Key.png</texture>
                    </control>
                </itemlayout>
                <focusedlayout height="140">
                    <control type="image">
                        <left>0</left>
                        <top>0</top>
                        <width>1256</width>
                        <height>140</height>
                        <texture border="40">lists/separator.png</texture>
                    </control>
                    <control type="image">
                        <left>0</left>
                        <top>0</top>
                        <width>1256</width>
                        <height>140</height>
                        <texture colordiffuse="button_focus">lists/focus.png</texture>
                        <visible>Control.HasFocus(1200)</visible>
                    </control>
                    <!-- default -->
                    <control type="image">
                        <left>15</left>
                        <top>30</top>
                        <width>80</width>
                        <height>80</height>
                        <aspectratio>keep</aspectratio>
                        <visible>StringCompare(ListItem.Property(Icon), default)</visible> 
                        <texture>os/libreelec/icons/bt.png</texture>
                    </control>
                    <!-- modem -->
                    <control type="image">
                        <left>15</left>
                        <top>30</top>
                        <width>80</width>
                        <height>80</height>
                        <aspectratio>keep</aspectratio>
                        <visible>StringCompare(ListItem.Property(Icon), modem)</visible> 
                        <texture>os/libreelec/icons/bt-modem.png</texture>
                    </control>
                    <!-- audio -->
                    <control type="image">
                        <left>15</left>
                        <top>30</top>
                        <width>80</width>
                        <height>80</height>
                        <aspectratio>keep</aspectratio>
                        <visible>StringCompare(ListItem.Property(Icon), audio-card)</visible> 
                        <texture>os/libreelec/icons/bt-audio-card.png</texture>
                    </control>
                    <!-- Camera Photo -->
                    <control type="image">
                        <left>15</left>
                        <top>30</top>
                        <width>80</width>
                        <height>80</height>
                        <aspectratio>keep</aspectratio>
                        <visible>StringCompare(ListItem.Property(Icon), camera-photo)</visible> 
                        <texture>os/libreelec/icons/bt-camera-photo.png</texture>
                    </control>
                    <!-- Icon phone -->
                    <control type="image">
                        <left>15</left>
                        <top>30</top>
                        <width>80</width>
                        <height>80</height>
                        <aspectratio>keep</aspectratio>
                        <visible>StringCompare(ListItem.Property(Icon), phone)</visible> 
                        <texture>os/libreelec/icons/bt-phone.png</texture>
                    </control>	
                    <!-- camera-video -->
                    <control type="image">
                        <left>15</left>
                        <top>30</top>
                        <width>80</width>
                        <height>80</height>
                        <aspectratio>keep</aspectratio>
                        <visible>StringCompare(ListItem.Property(Icon), camera-video)</visible> 
                        <texture>os/libreelec/icons/bt-camera-video.png</texture>
                    </control>	
                    <!-- input-mouse -->
                    <control type="image">
                        <left>15</left>
                        <top>30</top>
                        <width>80</width>
                        <height>80</height>
                        <aspectratio>keep</aspectratio>
                        <visible>StringCompare(ListItem.Property(Icon), input-mouse)</visible> 
                        <texture>os/libreelec/icons/bt-input-mouse.png</texture>
                    </control>
                    <!-- input-gaming -->
                    <control type="image">
                        <left>15</left>
                        <top>30</top>
                        <width>80</width>
                        <height>80</height>
                        <aspectratio>keep</aspectratio>
                        <visible>StringCompare(ListItem.Property(Icon), input-gaming)</visible> 
                        <texture>os/libreelec/icons/bt-input-gaming.png</texture>
                    </control>
                    <!-- input-keyboard -->
                    <control type="image">
                        <left>15</left>
                        <top>30</top>
                        <width>80</width>
                        <height>80</height>
                        <aspectratio>keep</aspectratio>
                        <visible>StringCompare(ListItem.Property(Icon), input-keyboard)</visible> 
                        <texture>os/libreelec/icons/bt-input-keyboard.png</texture>
                    </control>
                    <!-- input-tablet -->
                    <control type="image">
                        <left>15</left>
                        <top>30</top>
                        <width>80</width>
                        <height>80</height>
                        <aspectratio>keep</aspectratio>
                        <visible>StringCompare(ListItem.Property(Icon), input-tablet)</visible> 
                        <texture>os/libreelec/icons/bt-input-tablet.png</texture>
                    </control>
                    <!-- Printer -->
                    <control type="image">
                        <left>15</left>
                        <top>30</top>
                        <width>80</width>
                        <height>80</height>
                        <aspectratio>keep</aspectratio>
                        <visible>StringCompare(ListItem.Property(Icon), printer)</visible> 
                        <texture>os/libreelec/icons/bt-printer.png</texture>
                    </control>
                    <!-- Computer -->
                    <control type="image">
                        <left>15</left>
                        <top>30</top>
                        <width>80</width>
                        <height>80</height>
                        <aspectratio>keep</aspectratio>
                        <visible>StringCompare(ListItem.Property(Icon), computer)</visible> 
                        <texture>os/libreelec/icons/bt-computer.png</texture>
                    </control>
                    <!-- Connection Name -->
                    <control type="label">
                        <left>110</left>
                        <top>0</top>
                        <width>400</width>
                        <height>70</height>
                        <aligny>center</aligny>
                        <font>font24_title</font>
                        <textcolor>button_focus</textcolor>
                        <info>ListItem.Label</info>
                        <visible>true</visible>
                    </control>
                    <!-- Connection Address -->
                    <control type="label">
                        <left>110</left>
                        <top>70</top>
                        <width>500</width>
                        <height>70</height>
                        <aligny>center</aligny>
                        <font>font12</font>
                        <textcolor>button_focus</textcolor>
                        <label>$ADDON[service.libreelec.settings 605]: [COLOR=white]$INFO[ListItem.Property(Address)][/COLOR]</label>
                    </control>
                    <!-- Connected State -->
                    <control type="label">
                        <left>800</left>
                        <top>0</top>
                        <width>200</width>
                        <height>70</height>
                        <aligny>center</aligny>
                        <font>font12</font>
                        <textcolor>button_focus</textcolor>
                        <label>$ADDON[service.libreelec.settings 32333][COLOR=white]$INFO[ListItem.Property(ConnectedState)][/COLOR]</label>
                    </control>
                    <!-- Paired Symbol (bottom right) -->
                    <control type="image">
                        <left>1125</left>
                        <top>80</top>
                        <width>50</width>
                        <height>50</height>
                        <aspectratio>keep</aspectratio>
                        <visible>StringCompare(ListItem.Property(Paired), 1)</visible> 
                        <texture>os/libreelec/icons/Favorite.png</texture>
                    </control>
                    <!-- Trusted Symbol (bottom right) -->
                    <control type="image">
                        <left>1185</left>
                        <top>80</top>
                        <width>50</width>
                        <height>50</height>
                        <aspectratio>keep</aspectratio>
                        <visible>IntegerGreaterThan(ListItem.Property(Trusted), 0)</visible> 
                        <texture>os/libreelec/icons/Key.png</texture>
                    </control>
                </focusedlayout>
            </control>
            <!-- Appearance Description -->
            <control type="textbox" id="1400">
                <description>Appearance Description</description>
                <left>480</left>
                <top>810</top>
                <width>1150</width>
                <height>83</height>
                <font>font12</font>
                <align>justify</align>
                <textcolor>button_focus</textcolor>
                <label>$INFO[Container(5533).Property(InfoText)]</label>
                <autoscroll time="3000" delay="4000" repeat="5000">true</autoscroll>
            </control>
        </control>
        <!-- Buttons -->
        <control type="group">
            <left>730</left>
            <top>805</top>
            <width>1100</width>
            <height>100</height>
            <control type="button" id="1504">
                <left>500</left>
                <top>5</top>
                <width>300</width>
                <height>90</height>
                <visible>true</visible>
                <label></label>
                <font>font12_title</font>
                <textcolor>white</textcolor>
                <textoffsetx>20</textoffsetx>
                <wrapmultiline>false</wrapmultiline>
                <align>center</align>
                <onup>1000</onup>
                <ondown>1501</ondown>
                <onleft>1501</onleft>
                <onright>1503</onright>
                <texturefocus border="40" colordiffuse="button_focus">buttons/dialogbutton-fo.png</texturefocus>
                <texturenofocus border="40">buttons/dialogbutton-nofo.png</texturenofocus>
                <visible>!IsEmpty(Control.GetLabel(1504))</visible>
            </control>
            <control type="button" id="1503">
                <left>780</left>
                <top>5</top>
                <width>300</width>
                <height>90</height>
                <visible>true</visible>
                <label></label>
                <font>font12_title</font>
                <textcolor>white</textcolor>
                <textoffsetx>20</textoffsetx>
                <wrapmultiline>false</wrapmultiline>
                <align>center</align>
                <onup>1000</onup>
                <ondown>1502</ondown>
                <onleft>1504</onleft>
                <onright>1000</onright>
                <texturefocus border="40" colordiffuse="button_focus">buttons/dialogbutton-fo.png</texturefocus>
                <texturenofocus border="40">buttons/dialogbutton-nofo.png</texturenofocus>
                <visible>!IsEmpty(Control.GetLabel(1503))</visible>
            </control>
            <!--Save Button -->
            <control type="button" id="1502">
                <left>780</left>
                <top>5</top>
                <width>300</width>
                <height>90</height>
                <visible>true</visible>
                <label></label>
                <font>font12_title</font>
                <textcolor>white</textcolor>
                <textoffsetx>20</textoffsetx>
                <wrapmultiline>false</wrapmultiline>
                <align>center</align>
                <onup>1503</onup>
                <ondown>1000</ondown>
                <onleft>1501</onleft>
                <onright>1000</onright>
                <texturefocus border="40" colordiffuse="button_focus">buttons/dialogbutton-fo.png</texturefocus>
                <texturenofocus border="40">buttons/dialogbutton-nofo.png</texturenofocus>
                <visible>!IsEmpty(Control.GetLabel(1502))</visible>
            </control>
            <!-- Cancel Button -->
            <control type="button" id="1501">
                <left>500</left>
                <top>5</top>
                <width>300</width>
                <height>90</height>
                <visible>true</visible>
                <label></label>
                <font>font12_title</font>
                <textcolor>white</textcolor>
                <textoffsetx>20</textoffsetx>
                <wrapmultiline>false</wrapmultiline>
                <align>center</align>
                <onup>1504</onup>
                <ondown>1000</ondown>
                <onleft>1500</onleft>
                <onright>1502</onright>
                <texturefocus border="40" colordiffuse="button_focus">buttons/dialogbutton-fo.png</texturefocus>
                <texturenofocus border="40">buttons/dialogbutton-nofo.png</texturenofocus>
                <visible>!IsEmpty(Control.GetLabel(1501))</visible>
            </control>
            <control type="button" id="1500">
                <left>200</left>
                <top>5</top>
                <width>300</width>
                <height>90</height>
                <visible>true</visible>
                <label></label>
                <font>font12_title</font>
                <textcolor>white</textcolor>
                <textoffsetx>20</textoffsetx>
                <wrapmultiline>false</wrapmultiline>
                <align>center</align>
                <onup>1000</onup>
                <ondown>1000</ondown>
                <onleft>1000</onleft>
                <onright>1501</onright>
                <texturefocus border="40" colordiffuse="button_focus">buttons/dialogbutton-fo.png</texturefocus>
                <texturenofocus border="40">buttons/dialogbutton-nofo.png</texturenofocus>
                <visible>!IsEmpty(Control.GetLabel(1500))</visible>
            </control>
        </control>
        <include name="TopBar">
            <param name="breadcrumbs_label" value="$ADDON[service.libreelec.settings 600]" />
            <param name="breadcrumbs_icon" value="os/libreelec/logo_libreelec.png" />
        </include>
        <include>BottomBar</include>
    </controls>
</window>
