﻿<?xml version="1.0" encoding="UTF-8" standalone="yes"?>
	<addon id="script.skin.helper.service" name="Skin Helper Service" version="1.1.33.055" provider-name="marcelveldt, YLLOW_DRAGON">
	<requires>
		<import addon="xbmc.python" version="3.0.0"/>
		<import addon="xbmc.addon" version="12.0.0"/>
		<import addon="script.module.simplejson" version="3.3.0"/>
		<import addon="script.module.simplecache" version="1.0.0"/>
		<import addon="script.module.metadatautils" version="1.0.31"/>
		<import addon="script.module.cherrypy" version="11.0.1"/>
	</requires>

    <extension point="kodi.context.item">
        <menu id="kodi.core.main">
            <item library="resources\lib\context_animatedart.py">
              <label>32024</label>
              <visible>!String.IsEmpty(Window(Home).Property(SkinHelper.EnableAnimatedPosters)) + Container.Content(movies)</visible>
            </item>
            <item library="resources\lib\context_pvr.py">
                <label>32023</label>
                <description>PVR artwork Configuration</description>
                <visible>
                    !String.IsEmpty(Window(Home).Property(SkinHelper.EnablePvrThumbs)) + 
                    [Window.IsActive(MyPVRChannels.xml) | 
                    Window.IsActive(MyPVRGuide.xml) | Window.IsActive(MyPVRRecordings.xml) | 
                    Window.IsActive(MyPVRTimers.xml) | Window.IsActive(MyPVRSearch.xml)]
                </visible>
            </item>
            <item library="resources\lib\context_music.py">
                <label>32023</label>
                <description>Music artwork Configuration</description>
                <visible>
                    !String.IsEmpty(Window(Home).Property(SkinHelper.EnableMusicArt)) + 
                    [Container.Content(albums) | Container.Content(artists) | Container.Content(songs)]
                </visible>
            </item>
        </menu>
    </extension>

	<extension point="xbmc.python.library" library="default.py" />
	<extension point="xbmc.python.pluginsource" library="plugin.py" />
	<extension library="service.py" point="xbmc.service" start="login" />

	<extension point="xbmc.addon.metadata">
		<summary lang="en_GB">Helper service for Kodi skins</summary>
		<summary lang="ru_RU">Сервис помощник для KODI обложек</summary>
		<summary lang="uk_UA">Сервіс помічник для KODI обкладинок</summary>
		<description lang="en_GB">Helper service for Kodi skins</description>
		<description lang="ru_RU">Сервис помощник для KODI обложек</description>
		<description lang="uk_UA">Сервіс помічник для KODI обкладинок</description>
		<news>
			v1.1.32
			- fix for search dialog
			- add TMDB for TVShow
			- fix for webservice (now use just TMDB Art-Poster and fanart)

			v1.1.31
			- fix urllib.parse vs urlparse in utils for Kodi 18
			- add commits from Angelinas1

			v1.1.30
			- fix module import of context menu items

			v1.1.29
			- compatibility change for CherryPy 17.4.2 and bump version requirement

			v1.1.28
			- replace xbmc.LOGNOTICE with xbmc.LOGINFO as LOGNOTICE was removed

			v1.1.27
			- Replace xbmc.translatePath with xbmcvfs.translatePath for Kodi 19 compat

			v1.1.26
			- Remove python dependency for Kodi18/19 compatibility
			- minor fix

			v1.1.25
			- Kodi 19/Python 3 compatibility
			- minor fixes
		</news>
		<language></language>
		<platform>all</platform>
		<license>GPL v2.0</license>
		<forum>http://forum.kodi.tv/showthread.php?tid=235676</forum>
		<email>nkvoronov@gmail.com</email>
		<website></website>
		<source>https://github.com/nkvoronov/script.skin.helper.service.git</source>
	</extension>
</addon>