<?xml version="1.0" encoding="UTF-8"?>
<window>
	<defaultcontrol always="true">10</defaultcontrol>
	<backgroundcolor>background</backgroundcolor>
	<views>10</views>
	<menucontrol>9000</menucontrol>
	<controls>
		<include>DefaultBackground</include>
		<control type="group" id="50">
			<animation effect="fade" start="100" end="0" time="200" tween="sine" condition="Window.IsActive(musicinformation) | Window.IsActive(songinformation) | Window.IsActive(movieinformation) | Window.IsActive(addoninformation) | Window.IsActive(pvrguideinfo) | Window.IsActive(pvrrecordinginfo) | Window.IsActive(pictureinfo) | Window.IsVisible(script-ExtendedInfo Script-DialogVideoInfo.xml) | Window.IsVisible(script-ExtendedInfo Script-DialogInfo.xml) | Window.IsVisible(script-ExtendedInfo Script-VideoList.xml)">Conditional</animation>
			<control type="group">
				<description>Guide Timeline</description>
				<visible>Control.IsVisible(10)</visible>
				<include>OpenClose_Right</include>
				<include>Visible_Right</include>
				<top>170</top>
				<left>110</left>
				<control type="image">
					<left>-20</left>
					<top>-20</top>
					<width>1740</width>
					<height>552</height>
					<texture border="22">dialogs/dialog-bg.png</texture>
				</control>
				<control type="epggrid" id="10">
					<left>0</left>
					<top>0</top>
					<width>1700</width>
					<height>510</height>
					<pagecontrol>60</pagecontrol>
					<scrolltime tween="quadratic" easing="out">200</scrolltime>
					<timeblocks>36</timeblocks>
					<rulerunit>6</rulerunit>
					<onleft>9000</onleft>
					<onright>60</onright>
					<onup>10</onup>
					<ondown>10</ondown>
					<viewtype label="19032">list</viewtype>
					<progresstexture border="0,60,18,14" colordiffuse="button_focus">windows/pvr/epg_progress.png</progresstexture>
					<rulerlayout height="45" width="1400">
						<control type="label">
							<width>365</width>
							<height>45</height>
							<font>font12</font>
							<label>$INFO[ListItem.Label]</label>
							<textoffsetx>10</textoffsetx>
							<textcolor>button_focus</textcolor>
						</control>
					</rulerlayout>
					<channellayout height="58" width="350">
						<control type="label">
							<left>2</left>
							<top>-2</top>
							<width>70</width>
							<height>60</height>
							<font>font24_title</font>
							<label>$INFO[ListItem.ChannelNumber]</label>
							<align>center</align>
							<aligny>center</aligny>
						</control>
						<control type="label" id="1">
							<left>65</left>
							<top>-2</top>
							<width>350</width>
							<height>60</height>
							<font>font12</font>
							<label>$INFO[ListItem.ChannelName]</label>
							<aligny>center</aligny>
							<textoffsetx>10</textoffsetx>
						</control>
					</channellayout>
					<focusedchannellayout height="58" width="350">
						<control type="label">
							<left>2</left>
							<top>-2</top>
							<width>70</width>
							<height>60</height>
							<font>font24_title</font>
							<label>$INFO[ListItem.ChannelNumber]</label>
							<textcolor>button_focus</textcolor>
							<align>center</align>
							<aligny>center</aligny>
						</control>
						<control type="label" id="1">
							<left>65</left>
							<top>-2</top>
							<width>350</width>
							<height>60</height>
							<font>font12</font>
							<label>$INFO[ListItem.ChannelName]</label>
							<textcolor>button_focus</textcolor>
							<aligny>center</aligny>
							<textoffsetx>10</textoffsetx>
						</control>
					</focusedchannellayout>
					<itemlayout height="58" width="60">
						<control type="image" id="2">
							<width>58</width>
							<height>58</height>
							<texture border="3" fallback="windows/pvr/epg-genres/0.png">$INFO[ListItem.Property(GenreType),windows/pvr/epg-genres/,.png]</texture>
						</control>
						<control type="label" id="1">
							<left>6</left>
							<top>0</top>
							<width>50</width>
							<height>36</height>
							<aligny>center</aligny>
							<font>font10_title</font>
							<label>$INFO[ListItem.Label]</label>
						</control>
						<control type="image">
							<left>6</left>
							<top>32</top>
							<width>20</width>
							<height>20</height>
							<texture>$VAR[PVRTimerIcon]</texture>
						</control>
					</itemlayout>
					<focusedlayout height="58" width="60">
						<control type="image" id="2">
							<top>2</top>
							<left>2</left>
							<width>54</width>
							<height>54</height>
							<texture colordiffuse="button_focus">lists/focus.png</texture>
							<visible>Control.HasFocus(10)</visible>
						</control>
						<control type="image" id="2">
							<width>58</width>
							<height>58</height>
							<texture border="8" colordiffuse="button_focus">buttons/thumbnail_focused.png</texture>
						</control>
						<control type="image" id="2">
							<width>58</width>
							<height>58</height>
							<top>0</top>
							<texture border="3" fallback="windows/pvr/epg-genres/0.png">$INFO[ListItem.Property(GenreType),windows/pvr/epg-genres/,.png]</texture>
							<visible>!Control.HasFocus(10)</visible>
						</control>
						<control type="label" id="1">
							<left>6</left>
							<top>0</top>
							<width>50</width>
							<height>36</height>
							<aligny>center</aligny>
							<font>font10_title</font>
							<label>$INFO[ListItem.Label]</label>
						</control>
						<control type="image">
							<left>6</left>
							<top>32</top>
							<width>20</width>
							<height>20</height>
							<texture>$VAR[PVRTimerIcon]</texture>
						</control>
					</focusedlayout>
				</control>
				<control type="scrollbar" id="60">
					<right>85</right>
					<top>45</top>
					<width>13</width>
					<height>465</height>
					<onleft>10</onleft>
					<onright>10</onright>
					<orientation>vertical</orientation>
					<texturesliderbackground colordiffuse="22FFFFFF">colors/white.png</texturesliderbackground>
					<animation effect="fade" start="100" end="40" time="0" condition="!system.getbool(input.enablemouse)">Conditional</animation>
				</control>
				<control type="group">
					<top>540</top>
					<left>-120</left>
					<control type="image" id="82">
						<width>450</width>
						<height>240</height>
						<aspectratio align="center" aligny="top">keep</aspectratio>
						<fadetime>400</fadetime>
						<texture>$INFO[ListItem.PlotOutline]</texture>
						<visible>SubString(ListItem.PlotOutline,http://,Left) | SubString(ListItem.PlotOutline,https://,Left)</visible>
					</control>
					<control type="image">
						<left>125</left>
						<width>200</width>
						<height>200</height>
						<aspectratio>keep</aspectratio>
						<fadetime>400</fadetime>
						<texture>$INFO[Container(10).ListItem.Icon]</texture>
						<visible>!Control.IsVisible(82)</visible>
					</control>
					<control type="group">
						<left>410</left>
						<top>0</top>
						<control type="image">
							<top>-25</top>
							<left>-50</left>
							<width>1480</width>
							<height>250</height>
							<texture border="22">dialogs/dialog-bg.png</texture>
						</control>
						<control type="label">
							<width>1380</width>
							<height>30</height>
							<textcolor>button_focus</textcolor>
							<font>font12</font>
							<label>$INFO[ListItem.StartTime,, - ]$INFO[ListItem.EndTime]$INFO[ListItem.EpgEventTitle,  [COLOR grey],[/COLOR]]$INFO[ListItem.EpisodeName, [COLOR grey](,)[/COLOR]]$INFO[ListItem.Genre,      $LOCALIZE[515]: [COLOR grey],[/COLOR]]</label>
						</control>
						<control type="textbox">
							<top>38</top>
							<width>1380</width>
							<height>153</height>
							<font>font12</font>
							<label>$INFO[ListItem.Plot]</label>
							<autoscroll delay="10000" time="3000" repeat="10000">Skin.HasSetting(AutoScroll)</autoscroll>
						</control>
					</control>
				</control>
			</control>
			<control type="group">
				<include>MediaMenuCommon</include>
				<include name="PVRSideBar">
					<param name="group_label2" value="$INFO[Control.GetLabel(30)]" />
				</include>
			</control>
			<include name="TopBar">
				<param name="breadcrumbs_label" value="$VAR[BreadcrumbsPVRGuideVar]" />
				<param name="breadcrumbs_icon" value="icons/settings/tvguide.png" />
			</include>
			<include name="BottomBar">
				<param name="PageLabel" value="$INFO[Container.NumItems,$LOCALIZE[19019]: ]" />
				<param name="info_visible" value="true" />
			</include>
		</control>
		<control type="label" id="29">
			<font></font>
			<include>HiddenObject</include>
		</control>
		<control type="label" id="30">
			<font></font>
			<include>HiddenObject</include>
		</control>
	</controls>
</window>
