<?xml version="1.0" encoding="UTF-8"?>
<window>
	<defaultcontrol>9000</defaultcontrol>
	<backgroundcolor>background</backgroundcolor>
	<controls>
		<include>DefaultBackground</include>
		<control type="multiimage">
			<depth>DepthBackground</depth>
			<include>FullScreenDimensions</include>
			<aspectratio>scale</aspectratio>
			<fadetime>600</fadetime>
			<animation effect="zoom" center="auto" end="102,102" time="0" condition="IntegerGreaterThan(System.StereoscopicMode,0)">conditional</animation>
			<animation effect="fade" start="0" end="100" time="400">WindowOpen</animation>
			<animation effect="fade" start="100" end="0" time="300">WindowClose</animation>
			<animation effect="fade" time="400">VisibleChange</animation>
			<imagepath background="true" colordiffuse="35FFFFFF">$INFO[Skin.String(HomeFanart.path)]settings$INFO[Skin.String(HomeFanart.ext)]</imagepath>
			<visible>!Player.HasMedia + !IsEmpty(Skin.String(HomeFanart.path))</visible>
		</control>
		<control type="group">
			<left>110</left>
			<include>OpenClose_Left</include>
			<control type="image">
				<description>Menu Panel</description>
				<left>-20</left>
				<top>138</top>
				<width>440</width>
				<height>792</height>
				<texture border="22">dialogs/dialog-bg.png</texture>
			</control>
			<control type="list" id="9000">
				<description>button area</description>
				<left>0</left>
				<top>160</top>
				<width>400</width>
				<height>700</height>
				<onleft>10000</onleft>
				<onright>10000</onright>
				<onup>9000</onup>
				<ondown>9000</ondown>                
                <itemlayout height="70">
                    <control type="image">
                        <left>0</left>
                        <top>0</top>
                        <width>400</width>
                        <height>70</height>
                        <texture border="40">lists/separator.png</texture>
                    </control>
                    <control type="label">
                        <left>0</left>
                        <textoffsetx>20</textoffsetx>
                        <top>0</top>
                        <width>400</width>
                        <height>70</height>
                        <align>center</align>
                        <aligny>center</aligny>
                        <textcolor>grey</textcolor>
                        <label>$INFO[ListItem.Label]</label>
                    </control>
                </itemlayout>
                <focusedlayout height="70">
                    <control type="image">
                        <left>0</left>
                        <top>0</top>
                        <width>400</width>
                        <height>70</height>
                        <texture border="40">lists/separator.png</texture>
                        <visible>!Control.HasFocus(9000)</visible>
                    </control>
                    <control type="image">
                        <left>0</left>
                        <top>0</top>
                        <width>400</width>
                        <height>70</height>
                        <texture colordiffuse="button_focus">lists/focus.png</texture>
                        <animation effect="fade" start="100" end="30" time="0" condition="!Control.HasFocus(9000)">conditional</animation>
                    </control>
                    <control type="label">
                        <left>0</left>
                        <textoffsetx>20</textoffsetx>
                        <top>0</top>
                        <width>400</width>
                        <height>70</height>
                        <align>center</align>
                        <aligny>center</aligny>
                        <label>$INFO[ListItem.Label]</label>
                    </control>
                </focusedlayout>
				<content>
					<item id="1">
						<label>$LOCALIZE[128]</label>
						<onclick>noop</onclick>
					</item>
					<item id="2">
						<label>$LOCALIZE[84217]</label>
						<onclick>noop</onclick>
					</item>
					<item id="3">
						<label>$LOCALIZE[31061]</label>
						<onclick>noop</onclick>
					</item>
                    <item id="4">
						<label>$LOCALIZE[84200]</label>
                        <visible>Skin.HasSetting(enable_custom_list_addons)</visible>
						<onclick>noop</onclick>
					</item>
                    <item id="5">
						<label>$LOCALIZE[84201]</label>
                        <visible>Skin.HasSetting(enable_custom_list_channels)</visible>
						<onclick>noop</onclick>
					</item>
				</content>
			</control>
		</control>
		<control type="group" id="10000">
			<left>110</left>
			<include>OpenClose_Right</include>
			<control type="image">
				<left>420</left>
				<top>138</top>
				<width>1300</width>
				<height>792</height>
				<texture border="22">dialogs/dialog-bg.png</texture>
			</control>
			<control type="image">
				<left>442</left>
				<top>802</top>
				<width>1256</width>
				<height>3</height>
				<texture colordiffuse="button_focus" border="2">dialogs/separator.png</texture>
			</control>
			<control type="grouplist" id="600">
				<left>442</left>
				<top>160</top>
				<width>1256</width>
				<height>610</height>
				<onleft>9000</onleft>
				<onright>60</onright>
				<onup>600</onup>
				<ondown>600</ondown>
                <pagecontrol>60</pagecontrol>
				<visible>Container(9000).HasFocus(1)</visible>
				<control type="radiobutton" id="601">
					<label>$LOCALIZE[31095]</label>
					<width>1256</width>
					<include>DefaultSettingButton</include>
					<selected>!Skin.HasSetting(no_slide_animations)</selected>
					<onclick>Skin.ToggleSetting(no_slide_animations)</onclick>
				</control>
				<control type="radiobutton" id="602">
					<label>$LOCALIZE[20189]</label>
					<width>1256</width>
					<include>DefaultSettingButton</include>
					<onclick>Skin.ToggleSetting(autoscroll)</onclick>
					<selected>Skin.HasSetting(autoscroll)</selected>
				</control>
				<control type="radiobutton" id="603">
					<label>$LOCALIZE[31093]</label>
					<width>1256</width>
					<include>DefaultSettingButton</include>
					<onclick>Skin.ToggleSetting(show_weatherinfo)</onclick>
					<selected>Skin.HasSetting(show_weatherinfo)</selected>
				</control>
				<control type="radiobutton" id="604">
					<label>$LOCALIZE[31094]</label>
					<width>1256</width>
					<include>DefaultSettingButton</include>
					<onclick>Skin.ToggleSetting(show_mediaflags)</onclick>
					<selected>Skin.HasSetting(show_mediaflags)</selected>
				</control>
				<control type="radiobutton" id="605">
					<label>$LOCALIZE[31002]</label>
					<width>1256</width>
					<include>DefaultSettingButton</include>
					<onclick>Skin.ToggleSetting(no_fanart)</onclick>
					<selected>!Skin.HasSetting(no_fanart)</selected>
				</control>
				<control type="radiobutton" id="606">
					<label>$LOCALIZE[31108]</label>
					<width>1256</width>
					<include>DefaultSettingButton</include>
					<onclick>Skin.ToggleSetting(use_custom_bg)</onclick>
					<selected>Skin.HasSetting(use_custom_bg)</selected>
				</control>
				<control type="button" id="607">
					<label>$LOCALIZE[31109]</label>
					<label2>$INFO[Skin.String(custom_background)]</label2>
					<width>1256</width>
					<include>DefaultSettingButton</include>
					<onclick>Skin.SetImage(custom_background)</onclick>
					<enable>Skin.HasSetting(use_custom_bg)</enable>
				</control>
			</control>
			<include name="UpDownArrows">
				<param name="container_id" value="600" />
				<param name="posx" value="1045" />
                <param name="up_posy" value="105" />
                <param name="down_posy" value="940" />
				<param name="visible" value="!System.HasModalDialog" />
			</include>
            <control type="scrollbar" id="60">
                <right>0</right>
                <top>80</top>
                <width>12</width>
                <height>920</height>
                <onleft>600</onleft>
                <onright>600</onright>
                <orientation>vertical</orientation>
                <visible>Container(9000).HasFocus(1)</visible>
            </control>
			<control type="grouplist" id="700">
				<left>442</left>
				<top>160</top>
				<width>1256</width>
				<height>610</height>
				<onleft>9000</onleft>
				<onright>70</onright>
				<onup>600</onup>
				<ondown>600</ondown>
                <pagecontrol>70</pagecontrol>
				<visible>Container(9000).HasFocus(2)</visible>
                <control type="radiobutton" id="701">
					<label>$LOCALIZE[89501]</label>
					<width>1256</width>
					<include>DefaultSettingButton</include>
					<onclick>Skin.ToggleSetting(FullScreenClock)</onclick>
					<selected>Skin.HasSetting(FullScreenClock)</selected>
				</control>
                <control type="radiobutton" id="702">
					<label>$LOCALIZE[89502]</label>
					<width>1256</width>
					<include>DefaultSettingButton</include>
					<onclick>Skin.ToggleSetting(SlideShowInfo)</onclick>
					<selected>Skin.HasSetting(SlideShowInfo)</selected>
				</control>
				<control type="button" id="706">
					<label>- $LOCALIZE[84216]</label>
					<label2>$VAR[HomeFanartName]</label2>
					<width>1256</width>
					<include>DefaultSettingButton</include>
					<onclick>RunScript(script.image.resource.select,property=HomeFanart&amp;type=resource.images.skinbackgrounds)</onclick>
                    <visible>System.HasAddon(script.image.resource.select)</visible>
					<enable>!Skin.HasSetting(no_fanart)</enable>
				</control>
                <control type="button" id="707">
					<label>- $LOCALIZE[84209]</label>
					<label2>$VAR[WeatherFanartName]</label2>
					<width>1256</width>
					<include>DefaultSettingButton</include>
					<onclick>RunScript(script.image.resource.select,property=WeatherFanart&amp;type=resource.images.weatherfanart)</onclick>
                    <visible>System.HasAddon(script.image.resource.select)</visible>
                    <enable>!Skin.HasSetting(no_fanart)</enable>
				</control>
                <control type="radiobutton" id="708">
                    <label>$LOCALIZE[84210]</label>
                    <width>1256</width>
                    <include>DefaultSettingButton</include>
                    <selected>Skin.HasSetting(show_studiologos)</selected>
                    <onclick>Skin.ToggleSetting(show_studiologos)</onclick>
                    <visible>System.HasAddon(script.image.resource.select)</visible>
               </control>
				<control type="button" id="709">
					<label>- $LOCALIZE[84211]</label>
					<label2>$VAR[StudiosImagesName]</label2>
					<width>1256</width>
					<include>DefaultSettingButton</include>
                    <onclick>RunScript(script.image.resource.select,property=StudiosImages&amp;type=resource.images.studios)</onclick>
                    <visible>System.HasAddon(script.image.resource.select)</visible>
                    <visible>Skin.HasSetting(show_studiologos)</visible>
				</control>
                <!-- <control type="button" id="710">
                    <label>- $LOCALIZE[84212]</label>
                    <label2>$VAR[RecordLabelsName]</label2>
                    <width>1256</width>
                    <include>DefaultSettingButton</include>
                    <onclick>RunScript(script.image.resource.select,property=RecordLabels&amp;type=resource.images.recordlabels)</onclick>
                    <visible>System.HasAddon(script.image.resource.select)</visible>
                    <visible>Skin.HasSetting(show_studiologos)</visible>
               </control> -->
                <control type="button" id="711">
					<label>$LOCALIZE[84213]</label>
					<label2>$VAR[LanguageFlagsName]</label2>
					<width>1256</width>
					<include>DefaultSettingButton</include>
					<onclick>RunScript(script.image.resource.select,property=LanguageFlags&amp;type=resource.images.languageflags)</onclick>
                    <visible>System.HasAddon(script.image.resource.select)</visible>
				</control>
                <control type="button" id="712">
					<label>$LOCALIZE[84214]</label>
					<label2>$VAR[WeatherIconsName]</label2>
					<width>1256</width>
					<include>DefaultSettingButton</include>
					<onclick>RunScript(script.image.resource.select,property=WeatherIcons&amp;type=resource.images.weathericons)</onclick>
                    <visible>System.HasAddon(script.image.resource.select)</visible>
				</control>
                <control type="radiobutton" id="722">
					<label>$LOCALIZE[84204]</label>
					<width>1256</width>
					<include>DefaultSettingButton</include>
					<onclick>Skin.ToggleSetting(enable_custom_list_addons)</onclick>
					<selected>Skin.HasSetting(enable_custom_list_addons)</selected>
				</control>
                <control type="radiobutton" id="723">
					<label>$LOCALIZE[84205]</label>
					<width>1256</width>
					<include>DefaultSettingButton</include>
					<onclick>Skin.ToggleSetting(enable_custom_list_channels)</onclick>
					<selected>Skin.HasSetting(enable_custom_list_channels)</selected>
                    <visible>System.HasAddon(script.pvr.favourites)</visible>
                    <visible>PVR.HasTVChannels | PVR.HasRadioChannels</visible>
				</control>
                <control type="radiobutton" id="724">
					<label>$LOCALIZE[31133] $LOCALIZE[88080]</label>
					<width>1256</width>
					<include>DefaultSettingButton</include>
					<onclick>Skin.ToggleSetting(HideReloadSkinButton)</onclick>
					<selected>!Skin.HasSetting(HideReloadSkinButton)</selected>
				</control>
			</control>
            <include name="UpDownArrows">
				<param name="container_id" value="700" />
				<param name="posx" value="1045" />
                <param name="up_posy" value="105" />
                <param name="down_posy" value="940" />
				<param name="visible" value="!System.HasModalDialog" />
			</include>
            <control type="scrollbar" id="70">
                <right>0</right>
                <top>80</top>
                <width>12</width>
                <height>920</height>
                <onleft>700</onleft>
                <onright>700</onright>
                <orientation>vertical</orientation>
                <visible>Container(9000).HasFocus(2)</visible>
            </control>
			<control type="grouplist" id="800">
				<left>442</left>
				<top>160</top>
				<width>1256</width>
				<height>610</height>
				<onleft>9000</onleft>
				<onright>80</onright>
				<onup>610</onup>
				<ondown>610</ondown>
                <pagecontrol>80</pagecontrol>
				<visible>Container(9000).HasFocus(3)</visible>
				<control type="radiobutton" id="801">
					<label>$LOCALIZE[342]</label>
					<width>1256</width>
					<include>DefaultSettingButton</include>
					<selected>!Skin.HasSetting(HomeMenuNoMovieButton)</selected>
					<onclick>Skin.ToggleSetting(HomeMenuNoMovieButton)</onclick>
				</control>
				<control type="radiobutton" id="802">
					<label>$LOCALIZE[20343]</label>
					<width>1256</width>
					<include>DefaultSettingButton</include>
					<selected>!Skin.HasSetting(HomeMenuNoTVShowButton)</selected>
					<onclick>Skin.ToggleSetting(HomeMenuNoTVShowButton)</onclick>
				</control>
				<control type="radiobutton" id="803">
					<label>$LOCALIZE[2]</label>
					<width>1256</width>
					<include>DefaultSettingButton</include>
					<selected>!Skin.HasSetting(HomeMenuNoMusicButton)</selected>
					<onclick>Skin.ToggleSetting(HomeMenuNoMusicButton)</onclick>
				</control>
				<control type="radiobutton" id="804">
					<label>$LOCALIZE[24001]</label>
					<width>1256</width>
					<include>DefaultSettingButton</include>
					<selected>!Skin.HasSetting(HomeMenuNoProgramsButton)</selected>
					<onclick>Skin.ToggleSetting(HomeMenuNoProgramsButton)</onclick>
				</control>
				<control type="radiobutton" id="805">
					<label>$LOCALIZE[1]</label>
					<width>1256</width>
					<include>DefaultSettingButton</include>
					<selected>!Skin.HasSetting(HomeMenuNoPicturesButton)</selected>
					<onclick>Skin.ToggleSetting(HomeMenuNoPicturesButton)</onclick>
				</control>
				<control type="radiobutton" id="806">
					<label>$LOCALIZE[3]</label>
					<width>1256</width>
					<include>DefaultSettingButton</include>
					<selected>!Skin.HasSetting(HomeMenuNoVideosButton)</selected>
					<onclick>Skin.ToggleSetting(HomeMenuNoVideosButton)</onclick>
				</control>
				<control type="radiobutton" id="807">
					<label>$LOCALIZE[8]</label>
					<width>1256</width>
					<include>DefaultSettingButton</include>
					<selected>!Skin.HasSetting(HomeMenuNoWeatherButton)</selected>
					<onclick>Skin.ToggleSetting(HomeMenuNoWeatherButton)</onclick>
				</control>
				<control type="radiobutton" id="808">
					<label>$LOCALIZE[19020]</label>
					<width>1256</width>
					<include>DefaultSettingButton</include>
					<selected>!Skin.HasSetting(HomeMenuNoTVButton)</selected>
					<onclick>Skin.ToggleSetting(HomeMenuNoTVButton)</onclick>
				</control>
				<control type="radiobutton" id="809">
					<label>$LOCALIZE[19021]</label>
					<width>1256</width>
					<include>DefaultSettingButton</include>
					<selected>!Skin.HasSetting(HomeMenuNoRadioButton)</selected>
					<onclick>Skin.ToggleSetting(HomeMenuNoRadioButton)</onclick>
				</control>
			</control>
            <include name="UpDownArrows">
				<param name="container_id" value="800" />
				<param name="posx" value="1045" />
                <param name="up_posy" value="105" />
                <param name="down_posy" value="940" />
				<param name="visible" value="!System.HasModalDialog" />
			</include>
            <control type="scrollbar" id="80">
                <right>0</right>
                <top>80</top>
                <width>12</width>
                <height>920</height>
                <onleft>800</onleft>
                <onright>800</onright>
                <orientation>vertical</orientation>
                <visible>Container(9000).HasFocus(3)</visible>
            </control>
            <control type="grouplist" id="1000">
				<left>442</left>
				<top>160</top>
				<width>1256</width>
				<height>610</height>
				<onleft>9000</onleft>
				<onright>100</onright>
				<onup>610</onup>
				<ondown>610</ondown>
                <pagecontrol>100</pagecontrol>
				<visible>Container(9000).HasFocus(4)</visible>
                <include name="HomeMainCustomWidgetsAddonsSettings">
                    <param name="id1" value="11" />
                    <param name="title" value="$LOCALIZE[1037]" />
                    <param name="flags" value="enable_custom_list_addons_video" />
                    <param name="setadonnstype" value="Video" />
                    <param name="type" value="xbmc.addon.video" />
                </include>
                <include name="HomeMainCustomWidgetsAddonsSettings">
                    <param name="id1" value="12" />
                    <param name="title" value="$LOCALIZE[1038]" />
                    <param name="flags" value="enable_custom_list_addons_audio" />
                    <param name="setadonnstype" value="Audio" />
                    <param name="type" value="xbmc.addon.audio" />
                </include>
                <include name="HomeMainCustomWidgetsAddonsSettings">
                    <param name="id1" value="13" />
                    <param name="title" value="$LOCALIZE[1043]" />
                    <param name="flags" value="enable_custom_list_addons_programs" />
                    <param name="setadonnstype" value="Programs" />
                    <param name="type" value="xbmc.addon.executable" />
                </include>
                <control type="radiobutton" id="1400">
                    <label>$LOCALIZE[20244]</label>
                    <width>1256</width>
					<include>DefaultSettingButton</include>
                    <selected>Skin.HasSetting(enable_custom_list_addons_apps)</selected>
					<onclick>Skin.ToggleSetting(enable_custom_list_addons_apps)</onclick>
                    <visible>System.Platform.Android</visible>
                </control>
                <include name="HomeMainCustomWidgetsAddonsSettings">
                    <param name="id1" value="15" />
                    <param name="title" value="$LOCALIZE[1039]" />
                    <param name="flags" value="enable_custom_list_addons_image" />
                    <param name="setadonnstype" value="Image" />
                    <param name="type" value="xbmc.addon.image" />
                </include>
            </control>
            <include name="UpDownArrows">
				<param name="container_id" value="1000" />
				<param name="posx" value="1045" />
                <param name="up_posy" value="105" />
                <param name="down_posy" value="940" />
				<param name="visible" value="!System.HasModalDialog" />
			</include>
            <control type="scrollbar" id="100">
                <right>0</right>
                <top>80</top>
                <width>12</width>
                <height>920</height>
                <onleft>1000</onleft>
                <onright>1000</onright>
                <orientation>vertical</orientation>
                <visible>Container(9000).HasFocus(4)</visible>
            </control>
            <control type="grouplist" id="2000">
				<left>442</left>
				<top>160</top>
				<width>1256</width>
				<height>610</height>
				<onleft>9000</onleft>
				<onright>200</onright>
				<onup>610</onup>
				<ondown>610</ondown>
                <pagecontrol>200</pagecontrol>
				<visible>Container(9000).HasFocus(5)</visible>
                <include name="HomeMainCustomWidgetsChannelsSettings">
                    <param name="id1" value="21" />
                    <param name="title" value="$LOCALIZE[19020]" />
                    <param name="flags" value="enable_custom_list_channels_tv" />
                    <param name="setchannelstype" value="TV" />
                    <param name="type" value="0" />
                    <param name="visible" value="PVR.HasTVChannels" />
                </include>
                <include name="HomeMainCustomWidgetsChannelsSettings">
                    <param name="id1" value="22" />
                    <param name="title" value="$LOCALIZE[19021]" />
                    <param name="flags" value="enable_custom_list_channels_radio" />
                    <param name="setchannelstype" value="Radio" />
                    <param name="type" value="1" />
                    <param name="visible" value="PVR.HasRadioChannels" />
                </include>
            </control>
            <control type="scrollbar" id="200">
                <right>0</right>
                <top>80</top>
                <width>12</width>
                <height>920</height>
                <onleft>2000</onleft>
                <onright>2000</onright>
                <orientation>vertical</orientation>
                <visible>Container(9000).HasFocus(5)</visible>
            </control>
            <include name="UpDownArrows">
				<param name="container_id" value="2000" />
				<param name="posx" value="1045" />
                <param name="up_posy" value="105" />
                <param name="down_posy" value="940" />
				<param name="visible" value="!System.HasModalDialog" />
			</include>
			<control type="textbox" id="6">
				<description>description area</description>
				<left>480</left>
				<top>810</top>
				<width>1150</width>
				<height>83</height>
				<font>font12</font>
				<align>justify</align>
				<textcolor>button_focus</textcolor>
				<label>$VAR[SkinSettingsHelpTextVar]</label>
				<autoscroll time="3000" delay="4000" repeat="5000">true</autoscroll>
			</control>
		</control>
		<include name="TopBar">
			<param name="breadcrumbs_label" value="$LOCALIZE[5] / $LOCALIZE[20077]" />
			<param name="breadcrumbs_icon" value="icons/settings/skin.png" />
		</include>
		<include>BottomBar</include>
	</controls>
</window>
