<?xml version="1.0" encoding="UTF-8"?>
<shortcuts>
	<shortcut>
		<label>19019</label>
		<label2>19021</label2>
		<icon>DefaultTVShows.png</icon>
		<action>ActivateWindow(radiochannels)</action>
	</shortcut>
	<shortcut>
		<label>19069</label>
		<label2>19021</label2>
		<icon>DefaultTVShows.png</icon>
		<action>ActivateWindow(radioguide)</action>
	</shortcut>
	<shortcut>
		<label>19017</label>
		<label2>19021</label2>
		<icon>DefaultTVShows.png</icon>
		<action>ActivateWindow(radiorecordings)</action>
	</shortcut>
	<shortcut>
		<label>19040</label>
		<label2>19021</label2>
		<icon>DefaultTVShows.png</icon>
		<action>ActivateWindow(radiotimers)</action>
	</shortcut>
	<shortcut>
		<label>137</label>
		<label2>19021</label2>
		<icon>DefaultTVShows.png</icon>
		<action>ActivateWindow(radiosearch)</action>
	</shortcut>
</shortcuts>
