<?xml version="1.0" encoding="UTF-8" standalone="yes"?>
<addon id="script.module.musicbrainz"
	name="Musicbrainz NGS webservice python bindings"
	version="0.7.0.003"
	provider-name="marcelveldt">
	<requires>
		<import addon="xbmc.python" version="3.0.0"/>
	</requires>
	<extension point="xbmc.python.module"
		library="lib" />
	<extension point="xbmc.addon.metadata">
		<summary lang="en_GB">Python bindings for Musicbrainz' NGS webservice</summary>
		<summary lang="ru_RU">Сборка Python для веб-сервиса Musicbrainz 'NGS</summary>
		<summary lang="uk_UA">Збірка Python для веб-сервісу Musicbrainz 'NGS</summary>
		<description lang="en_GB">Kodi module library for the Python bindings for Musicbrainz' NGS webservice developed by alastair.</description>
		<description lang="ru_RU">Библиотека модулей Kodi для сборки Python веб-службы Musicbrainz 'NGS, разработанная alastair.</description>
		<description lang="uk_UA">Бібліотека модулів Kodi для збірки Python веб-служби Musicbrainz 'NGS, розроблена alastair.</description>
		<license>GNU GENERAL PUBLIC LICENSE Version 2</license>
		<email>nkvoronov@gmail.com</email>
		<source>https://github.com/nkvoronov/script.module.musicbrainz.git</source>
		<platform>all</platform>
	</extension>
</addon>
