<?xml version="1.0" encoding="UTF-8" standalone="yes"?>
<addon id="script.module.autocompletion" name="AutoCompletion library" version="2.0.2.003" provider-name="Philipp Temminghoff (phil65), YDRAGON">
	<requires>
		<import addon="xbmc.python" version="3.0.0" />
		<import addon="script.module.requests" version="2.9.1"/>
	</requires>
	<extension point="xbmc.python.module" library="lib" />
	<extension point="xbmc.addon.metadata">
		<summary lang="en">Module providing some AutoCompletion functions</summary>
		<description lang="en">Module providing some AutoCompletion functions</description>
		<platform>all</platform>
		<license>GPL-2.0-or-later</license>
		<email>nkvoronov@gmail.com</email>
		<source>https://github.com/nkvoronov/script.module.autocompletion.git</source>
		<assets>
			<icon>resources/icon.png</icon>
			<fanart>resources/fanart.jpg</fanart>
		</assets>
	</extension>
</addon>
