<?xml version="1.0" encoding="UTF-8"?>
<window>
	<defaultcontrol always="true">11</defaultcontrol>
	<coordinates>
		<left>1300</left>
		<top>40</top>
	</coordinates>
	<include>OpenClose_Right</include>
	<controls>
		<control type="group">
			<control type="image">
				<description>background image</description>
				<left>-20</left>
				<top>-20</top>
				<width>620</width>
				<height>1040</height>
				<texture border="22">dialogs/dialog-bg.png</texture>
			</control>
			<control type="image">
				<description>Dialog Header image</description>
				<left>0</left>
				<top>0</top>
				<width>580</width>
				<height>70</height>
				<texture colordiffuse="button_focus" border="2">colors/white70.png</texture>
			</control>
			<control type="label" id="2">
				<description>header label</description>
				<textoffsetx>40</textoffsetx>
				<top>0</top>
				<width>580</width>
				<height>70</height>
				<font>font13_title</font>
				<aligny>center</aligny>
				<label>$INFO[VideoPlayer.ChannelName]</label>
				<shadowcolor>black</shadowcolor>
			</control>
			<control type="label">
				<description>header label</description>
				<left>40</left>
				<top>0</top>
				<width>530</width>
				<height>70</height>
				<font>font13_title</font>
				<label>$INFO[System.Time]</label>
				<align>right</align>
				<aligny>center</aligny>
				<shadowcolor>black</shadowcolor>
			</control>
			<control type="label">
				<description>Selected item's date</description>
				<left>0</left>
				<top>90</top>
				<width>580</width>
				<height>30</height>
				<textcolor>grey</textcolor>
				<label>$INFO[Container(11).ListItem.StartDate]</label>
				<align>center</align>
				<aligny>center</aligny>
			</control>
			<control type="list" id="11">
				<left>0</left>
				<top>150</top>
				<width>580</width>
				<height>780</height>
				<onleft>60</onleft>
				<onright>60</onright>
				<onup>11</onup>
				<ondown>11</ondown>
				<pagecontrol>60</pagecontrol>
				<scrolltime>200</scrolltime>
				<itemlayout height="60" width="580">
					<control type="image">
						<left>0</left>
						<top>0</top>
						<width>580</width>
						<height>60</height>
						<texture border="40">lists/separator.png</texture>
					</control>
					<control type="label">
						<left>20</left>
						<top>0</top>
						<width>150</width>
						<height>60</height>
						<aligny>center</aligny>
						<textcolor>grey</textcolor>
						<label>$INFO[ListItem.StartTime]</label>
					</control>
					<control type="image">
						<left>120</left>
						<top>5</top>
						<width>30</width>
						<height>20</height>
						<texture>$VAR[PVRStatusImageVar]</texture>
					</control>
					<control type="label">
						<left>150</left>
						<top>0</top>
						<width>410</width>
						<height>60</height>
						<font>font12</font>
						<align>right</align>
						<aligny>center</aligny>
						<label>$INFO[ListItem.Label]</label>
					</control>
				</itemlayout>
				<focusedlayout height="60" width="580">
					<control type="image">
						<left>0</left>
						<top>0</top>
						<width>580</width>
						<height>60</height>
						<texture border="5">lists/separator.png</texture>
						<visible>!Control.HasFocus(11)</visible>
					</control>
					<control type="image">
						<left>0</left>
						<top>0</top>
						<width>580</width>
						<height>60</height>
						<texture colordiffuse="button_focus">lists/focus.png</texture>
						<visible>Control.HasFocus(11)</visible>
					</control>
					<control type="label">
						<left>20</left>
						<top>0</top>
						<width>150</width>
						<height>60</height>
						<aligny>center</aligny>
						<textcolor>grey</textcolor>
						<label>$INFO[ListItem.StartTime]</label>
					</control>
					<control type="image">
						<left>120</left>
						<top>5</top>
						<width>30</width>
						<height>20</height>
						<texture>$VAR[PVRStatusImageVar]</texture>
					</control>
					<control type="label">
						<left>150</left>
						<top>0</top>
						<width>410</width>
						<height>60</height>
						<font>font12</font>
						<align>right</align>
						<aligny>center</aligny>
						<label>$INFO[ListItem.Label]</label>
					</control>
				</focusedlayout>
			</control>
			<control type="scrollbar" id="60">
				<left>585</left>
				<top>70</top>
				<width>12</width>
				<height>932</height>
				<onleft>11</onleft>
				<onright>11</onright>
				<orientation>vertical</orientation>
			</control>
			<control type="label">
				<description>Page Count Label</description>
				<left>110</left>
				<top>960</top>
				<width>450</width>
				<height>20</height>
				<font>font10</font>
				<textcolor>grey</textcolor>
				<align>right</align>
				<aligny>center</aligny>
				<label>[COLOR button_focus]$INFO[Container(11).NumItems][/COLOR] $LOCALIZE[31036] - $LOCALIZE[31035] [COLOR button_focus]$INFO[Container(11).CurrentPage]/$INFO[Container(11).NumPages][/COLOR]</label>
			</control>
		</control>
	</controls>
</window>
