﻿<?xml version="1.0" encoding="utf-8"?>
<includes>
	<include name="HomeSystemButtons">
		<!-- System Buttons -->
		<control type="grouplist" id="700">
			<orientation>horizontal</orientation>
			<itemgap>0</itemgap>
			<left>-8</left>
			<width>480</width>
			<height>110</height>
			<top>100</top>
			<onup>SetFocus(9000)</onup>
			<onup>PageDown</onup>
			<onup>PageDown</onup>
			<ondown>SetFocus(9000)</ondown>
			<ondown>PageUp</ondown>
			<ondown>PageUp</ondown>
			<onright>2000</onright>
			<align>justify</align>
			<!-- Power button -->
			<include content="IconButton">
				<param name="control_id" value="801" />
				<param name="onclick" value="SetProperty(fanarthometype,power,home)" />
				<param name="onclick_2" value="SetProperty(homebackground,$VAR[BackgroundPowerVar],home)" />
				<param name="onclick_3" value="ActivateWindow(shutdownmenu)" />
				<param name="icon" value="icons/power.png" />
				<param name="label" value="$LOCALIZE[33060]" />
			</include>
			<!-- Settings button -->
			<include content="IconButton">
				<param name="control_id" value="802" />
				<param name="onclick" value="SetProperty(fanarthometype,settings,home)" />
				<param name="onclick_2" value="SetProperty(homebackground,$VAR[BackgroundSettingsVar],home)" />
				<param name="onclick_3" value="ActivateWindow(settings)" />
				<param name="icon" value="icons/settings.png" />
				<param name="label" value="$LOCALIZE[21417]" />
			</include>
			<!-- Search button -->
			<include content="IconButton">
				<param name="control_id" value="803" />
				<param name="onclick" value="ActivateWindow(1107)" />
				<param name="icon" value="icons/search.png" />
				<param name="label" value="$LOCALIZE[137]" />
			</include>
			<!-- FullScreen button -->
			<include content="IconButton">
				<param name="control_id" value="804" />
				<param name="onclick" value="Fullscreen" />
				<param name="icon" value="icons/now-playing/fullscreen.png" />
				<param name="label" value="$LOCALIZE[31000]" />
				<param name="visible" value="Player.HasMedia" />
			</include>
		</control>
	</include>
	<!-- Main menu -->
	<include name="HomeMainMenu">
		<control type="group">
			<depth>DepthContentPanel</depth>
			<include>OpenClose_Left</include>
			<include content="ContentPanel">
				<param name="width" value="522" />
			</include>
			<control type="fixedlist" id="9000">
				<left>0</left>
				<top>240</top>
				<width>462</width>
				<bottom>-10</bottom>
				<movement>6</movement>
				<focusposition>1</focusposition>
				<onfocus>ClearProperty(listposition,home)</onfocus>
				<onright>2000</onright>
				<onleft>700</onleft>
				<onup>9000</onup>
				<ondown>9000</ondown>
				<scrolltime tween="cubic" easing="out">500</scrolltime>
				<focusedlayout height="95">
					<control type="group">
						<animation effect="fade" start="100" end="0" time="0">UnFocus</animation>
						<control type="image">
							<left>0</left>
							<top>0</top>
							<width>462</width>
							<height>95</height>
							<texture colordiffuse="$VAR[MainColorVar]">lists/focus.png</texture>
							<animation effect="fade" start="100" end="0" time="0" condition="[!Control.HasFocus(9000) + !ControlGroup(700).HasFocus] | System.HasModalDialog">Conditional</animation>
						</control>
						<control type="image">
							<left>-3</left>
							<top>1</top>
							<width>95</width>
							<height>95</height>
							<texture colordiffuse="$VAR[MainColorVar]">$INFO[ListItem.Icon]</texture>
							<animation effect="fade" start="0" end="100" time="300" reversible="false">Focus</animation>
						</control>
						<control type="image">
							<left>0</left>
							<top>0</top>
							<width>95</width>
							<height>95</height>
							<texture colordiffuse="51FFFFFF">colors/black.png</texture>
							<animation effect="fade" start="100" end="0" time="0" condition="[!Control.HasFocus(9000) + !ControlGroup(700).HasFocus] | System.HasModalDialog">Conditional</animation>
						</control>
					</control>
					<control type="image">
						<left>-3</left>
						<top>1</top>
						<width>95</width>
						<height>95</height>
						<texture>$INFO[ListItem.Icon]</texture>
					</control>
					<control type="label">
						<left>104</left>
						<top>0</top>
						<height>95</height>
						<width>560</width>
						<aligny>center</aligny>
						<font>font37</font>
						<label>$INFO[ListItem.Label]</label>
						<shadowcolor>text_shadow</shadowcolor>
					</control>
				</focusedlayout>
				<itemlayout height="95">
					<control type="image">
						<left>-3</left>
						<top>1</top>
						<width>95</width>
						<height>95</height>
						<texture colordiffuse="44FFFFFF">$INFO[ListItem.Icon]</texture>
					</control>
					<control type="label">
						<left>104</left>
						<top>0</top>
						<height>95</height>
						<width>560</width>
						<aligny>center</aligny>
						<font>font37</font>
						<label>$INFO[ListItem.Label]</label>
						<shadowcolor>text_shadow</shadowcolor>
					</control>
				</itemlayout>
				<content>
					<include>skinshortcuts-mainmenu</include>
				</content>
			</control>
			<!-- HomeSystemButtons -->
			<include>HomeSystemButtons</include>
		</control>
	</include>
</includes>