<?xml version="1.0" encoding="UTF-8"?>
<window>
	<defaultcontrol>9000</defaultcontrol>
	<onload>SetProperty(CurrentSkin,skin.estuary2-extended,Home)</onload>
	<onload condition="!String.IsEmpty(Window(Home).Property(fanarthometype))">ClearProperty(fanarthometype,Home)</onload>
	<onload condition="!String.IsEmpty(Window(Home).Property(homebackground))">ClearProperty(homebackground,Home)</onload>
	<onload condition="System.HasAddon(script.pvr.favourites) + Skin.HasSetting(enable_custom_list_channels) + [Skin.HasSetting(enable_custom_list_channels_tv) | Skin.HasSetting(enable_custom_list_channels_radio)]">RunScript(script.pvr.favourites)</onload>
	<onload condition="Window.Previous(Startup)">Control.Move(9000,$VAR[CustomFocusVar])</onload>
	<backgroundcolor>$VAR[BackgroundColorVar]</backgroundcolor>
	<controls>
		<control type="button" id="20000">
			<include>HiddenObject</include>
			<animation effect="fade" time="300" start="100" end="0">Focus</animation>
			<onfocus>SetFocus(2000)</onfocus>
			<onclick>noop</onclick>
			<visible allowhiddenfocus="true">Control.HasFocus(20000)</visible>
		</control>
		<control type="button" id="20001">
			<include>HiddenObject</include>
			<animation effect="fade" time="300" start="100" end="0">Focus</animation>
			<onfocus>SetFocus(2000)</onfocus>
			<onclick>noop</onclick>
			<visible allowhiddenfocus="true">Control.HasFocus(20001)</visible>
		</control>
		<include content="DefaultBackground">
			<param name="fanart_media" value="$VAR[HomeFanartMediaVar]" />
		</include>
		<control type="group">
			<animation effect="fade" start="100" end="0" time="200" tween="sine" condition="$EXP[infodialog_active]">Conditional</animation>
			<control type="group" id="2000">
				<include condition="!Skin.HasSetting(hide_main_menu_with_widgets) + !Skin.HasSetting(minimize_main_menu)">NormalMainMenu</include>
				<include condition="Skin.HasSetting(hide_main_menu_with_widgets) + !Skin.HasSetting(minimize_main_menu)">HideMainMenu</include>
				<include condition="Skin.HasSetting(hide_main_menu_with_widgets) + Skin.HasSetting(minimize_main_menu)">HideMainMenu</include>
				<include condition="!Skin.HasSetting(hide_main_menu_with_widgets) + Skin.HasSetting(minimize_main_menu)">MinimizeMainMenu</include>
				<animation type="Conditional" condition="Control.IsVisible(20000)" reversible="false">
					<effect type="slide" end="0,20" time="60" tween="sine" />
					<effect type="slide" end="0,-20" time="180" tween="sine" delay="80" />
				</animation>
				<animation type="Conditional" condition="Control.IsVisible(20001)" reversible="false">
					<effect type="slide" end="0,-20" time="60" tween="sine" />
					<effect type="slide" end="0,20" time="180" tween="sine" delay="80" />
				</animation>
				<animation effect="slide" end="502,0" time="300" tween="sine" easing="out" condition="[Control.HasFocus(9000) | ControlGroup(700).HasFocus] + Skin.HasSetting(hide_main_menu_with_widgets) + !Skin.HasSetting(minimize_main_menu)">Conditional</animation>
				<animation effect="slide" end="135,0" time="300" tween="sine" easing="out" condition="[Control.HasFocus(9000) | ControlGroup(700).HasFocus] + Skin.HasSetting(hide_main_menu_with_widgets) + Skin.HasSetting(minimize_main_menu)">Conditional</animation>
				<include>OpenClose_Right</include>
				<include>Include-HomeCtegoriesAndWidgets</include>
			</control>
			<control type="group">
				<animation effect="slide" end="-522,0" time="300" tween="sine" easing="inout" condition="[!Control.HasFocus(9000) + !ControlGroup(700).HasFocus] + Skin.HasSetting(hide_main_menu_with_widgets) + !Skin.HasSetting(minimize_main_menu)">Conditional</animation>
				<animation effect="slide" end="-95,0" time="300" tween="sine" easing="inout" condition="[!Control.HasFocus(9000) + !ControlGroup(700).HasFocus] + Skin.HasSetting(hide_main_menu_with_widgets) + Skin.HasSetting(minimize_main_menu)">Conditional</animation>
				<depth>DepthContentPanel</depth>
				<include>OpenClose_Left</include>
				<include content="ContentPanel">
					<param name="width" value="522" />
					<param name="visible" value="!Skin.HasSetting(minimize_main_menu)" />
				</include>
				<include content="ContentPanel">
					<param name="width" value="155" />
					<param name="visible" value="Skin.HasSetting(minimize_main_menu)" />
				</include>
				<control type="fixedlist" id="9000">
					<left>0</left>
					<top>240</top>
					<width>462</width>
					<bottom>-10</bottom>
					<movement>6</movement>
					<focusposition>1</focusposition>
					<onfocus>ClearProperty(listposition,Home)</onfocus>
					<onright>SetFocus($INFO[Container(9000).ListItem.Property(menu_id)])</onright>
					<onleft>700</onleft>
					<onup>9000</onup>
					<ondown>9000</ondown>
					<scrolltime tween="cubic" easing="out">500</scrolltime>
					<focusedlayout height="95">
						<control type="group">
							<animation effect="fade" start="100" end="0" time="0">UnFocus</animation>
							<control type="image">
								<left>0</left>
								<top>0</top>
								<width>462</width>
								<height>95</height>
								<texture colordiffuse="$VAR[MainColorVar]">lists/focus.png</texture>
								<animation effect="fade" start="100" end="0" time="0" condition="[!Control.HasFocus(9000) + !ControlGroup(700).HasFocus] | System.HasModalDialog">Conditional</animation>
								<visible>!Skin.HasSetting(minimize_main_menu)</visible>
							</control>
							<control type="image">
								<left>0</left>
								<top>0</top>
								<width>95</width>
								<height>95</height>
								<texture colordiffuse="$VAR[MainColorVar]">lists/focus.png</texture>
								<animation effect="fade" start="100" end="0" time="0" condition="[!Control.HasFocus(9000) + !ControlGroup(700).HasFocus] | System.HasModalDialog">Conditional</animation>
								<visible>Skin.HasSetting(minimize_main_menu)</visible>
							</control>
							<control type="image">
								<left>-3</left>
								<top>1</top>
								<width>95</width>
								<height>95</height>
								<texture colordiffuse="$VAR[MainColorVar]">$INFO[ListItem.Icon]</texture>
								<animation effect="fade" start="0" end="100" time="300" reversible="false">Focus</animation>
								<visible>!Skin.HasSetting(minimize_main_menu)</visible>
							</control>
							<control type="image">
								<left>0</left>
								<top>0</top>
								<width>95</width>
								<height>95</height>
								<texture colordiffuse="mbutton_overlay">colors/black.png</texture>
								<animation effect="fade" start="100" end="0" time="0" condition="[!Control.HasFocus(9000) + !ControlGroup(700).HasFocus] | System.HasModalDialog">Conditional</animation>
							</control>
						</control>
						<control type="image">
							<left>-3</left>
							<top>1</top>
							<width>95</width>
							<height>95</height>
							<texture>$INFO[ListItem.Icon]</texture>
						</control>
						<control type="label">
							<left>104</left>
							<top>0</top>
							<height>95</height>
							<width>560</width>
							<aligny>center</aligny>
							<font>font37</font>
							<label>$INFO[ListItem.Label]</label>
							<shadowcolor>$VAR[TextShadowColorVar]</shadowcolor>
							<visible>!Skin.HasSetting(minimize_main_menu)</visible>
						</control>
					</focusedlayout>
					<itemlayout height="95">
						<control type="image">
							<left>-3</left>
							<top>1</top>
							<width>95</width>
							<height>95</height>
							<texture colordiffuse="$VAR[GreyColorVar]">$INFO[ListItem.Icon]</texture>
						</control>
						<control type="label">
							<left>104</left>
							<top>0</top>
							<height>95</height>
							<width>560</width>
							<aligny>center</aligny>
							<font>font37</font>
							<label>$INFO[ListItem.Label]</label>
							<shadowcolor>$VAR[TextShadowColorVar]</shadowcolor>
							<visible>!Skin.HasSetting(minimize_main_menu)</visible>
						</control>
					</itemlayout>
					<content>
						<include>Include-MainMenu</include>
					</content>
				</control>
				<control type="grouplist" id="700">
					<orientation>horizontal</orientation>
					<itemgap>0</itemgap>
					<left>-8</left>
					<width>480</width>
					<height>110</height>
					<top>100</top>
					<onup>SetFocus(9000,99,absolute)</onup>
					<ondown>SetFocus(9000,0,absolute)</ondown>
					<onright>2000</onright>
					<align>justify</align>
					<visible>!Skin.HasSetting(minimize_main_menu)</visible>
					<include content="IconButton">
						<param name="control_id" value="801" />
						<param name="onclick" value="SetProperty(fanarthometype,power,Home)" />
						<param name="onclick_2" value="SetProperty(homebackground,$VAR[BackgroundPowerVar],Home)" />
						<param name="onclick_3" value="ActivateWindow(shutdownmenu)" />
						<param name="icon" value="icons/power.png" />
						<param name="label" value="$LOCALIZE[33060]" />
					</include>
					<include content="IconButton">
						<param name="control_id" value="802" />
						<param name="onclick" value="SetProperty(fanarthometype,settings,Home)" />
						<param name="onclick_2" value="SetProperty(homebackground,$VAR[BackgroundSettingsVar],Home)" />
						<param name="onclick_3" value="ActivateWindow(settings)" />
						<param name="icon" value="icons/settings.png" />
						<param name="label" value="$LOCALIZE[21417]" />
					</include>
					<include content="IconButton">
						<param name="control_id" value="803" />
						<param name="onclick" value="ActivateWindow(1107)" />
						<param name="icon" value="icons/search.png" />
						<param name="label" value="$LOCALIZE[137]" />
					</include>
					<include content="IconButton">
						<param name="control_id" value="804" />
						<param name="onclick" value="Fullscreen" />
						<param name="icon" value="icons/now-playing/fullscreen.png" />
						<param name="label" value="$LOCALIZE[244]" />
						<param name="visible" value="Player.HasMedia" />
					</include>
				</control>
				<control type="grouplist" id="700">
					<orientation>horizontal</orientation>
					<left>0</left>
					<width>95</width>
					<height>110</height>
					<top>100</top>
					<onup>SetFocus(9000,99,absolute)</onup>
					<ondown>SetFocus(9000,0,absolute)</ondown>
					<visible>Skin.HasSetting(minimize_main_menu)</visible>
					<include content="IconButton">
						<param name="control_id" value="801" />
						<param name="onclick" value="SetProperty(fanarthometype,power,Home)" />
						<param name="onclick_2" value="SetProperty(homebackground,$VAR[BackgroundPowerVar],Home)" />
						<param name="onclick_3" value="ActivateWindow(shutdownmenu)" />
						<param name="icon" value="icons/power.png" />
						<param name="label" value="$LOCALIZE[33060]" />
						<param name="height" value="95" />
						<param name="width" value="95" />
						<param name="radioposx" value="28" />
					</include>
					<include content="IconButton">
						<param name="control_id" value="802" />
						<param name="onclick" value="SetProperty(fanarthometype,settings,Home)" />
						<param name="onclick_2" value="SetProperty(homebackground,$VAR[BackgroundSettingsVar],Home)" />
						<param name="onclick_3" value="ActivateWindow(settings)" />
						<param name="icon" value="icons/settings.png" />
						<param name="label" value="$LOCALIZE[21417]" />
						<param name="height" value="95" />
						<param name="width" value="95" />
						<param name="radioposx" value="28" />
					</include>
					<include content="IconButton">
						<param name="control_id" value="803" />
						<param name="onclick" value="ActivateWindow(1107)" />
						<param name="icon" value="icons/search.png" />
						<param name="label" value="$LOCALIZE[137]" />
						<param name="height" value="95" />
						<param name="width" value="95" />
						<param name="radioposx" value="28" />
					</include>
					<include content="IconButton">
						<param name="control_id" value="804" />
						<param name="onclick" value="Fullscreen" />
						<param name="icon" value="icons/now-playing/fullscreen.png" />
						<param name="label" value="$LOCALIZE[244]" />
						<param name="visible" value="Player.HasMedia" />
						<param name="height" value="95" />
						<param name="width" value="95" />
						<param name="radioposx" value="28" />
					</include>
				</control>
				<control type="group">
					<visible>ControlGroup(700).HasFocus</visible>
					<visible>Skin.HasSetting(minimize_main_menu)</visible>
					<top>195</top>
					<control type="image">
						<left>25</left>
						<width>14</width>
						<height>14</height>
						<texture flipx="true">overlays/arrowright.png</texture>
						<animation effect="zoom" start="0,100" end="100,100" center="auto" time="200">VisibleChange</animation>
						<animation effect="zoom" start="0,100" end="100,100" delay="500" center="auto" time="200">WindowOpen</animation>
						<animation effect="zoom" start="100,100" end="0,100" center="auto" time="200">WindowClose</animation>
					</control>
					<control type="image">
						<left>56</left>
						<width>14</width>
						<height>14</height>
						<texture>overlays/arrowright.png</texture>
						<animation effect="zoom" start="0,100" end="100,100" center="auto" time="200">VisibleChange</animation>
						<animation effect="zoom" start="0,100" end="100,100" delay="500" center="auto" time="200">WindowOpen</animation>
						<animation effect="zoom" start="100,100" end="0,100" center="auto" time="200">WindowClose</animation>
					</control>
				</control>
			</control>
			<include>BottomBar</include>
			<control type="group">
				<depth>DepthBars</depth>
				<bottom>0</bottom>
				<height>70</height>
				<animation effect="fade" start="0" end="100" time="300" delay="300">WindowOpen</animation>
				<animation effect="fade" start="100" end="0" time="200">WindowClose</animation>
				<include condition="!Skin.HasSetting(hide_mediaflags_home)" content="MediaFlags">
					<param name="infolabel_prefix" value="Container." />
					<param name="resolution_var" value="$VAR[ContainerResolutionFlagVar]" />
					<param name="visible" value="String.StartsWith(Container.ListItem.FolderPath,videodb) | String.StartsWith(Container.ListItem.FolderPath,musicdb)" />
				</include>
				<control type="rss">
					<animation effect="slide" end="0,90" time="300" tween="sine" easing="inout" condition="$EXP[infodialog_active]">conditional</animation>
					<left>0</left>
					<bottom>0</bottom>
					<height>39</height>
					<width>100%</width>
					<font>font12</font>
					<urlset>1</urlset>
					<hitrect x="-100" y="0" w="1" h="1" />
					<titlecolor>$VAR[MainColorVar]</titlecolor>
					<textcolor>$VAR[MainColorVar]</textcolor>
					<shadowcolor>$VAR[TextShadowColorVar]</shadowcolor>
					<headlinecolor>$VAR[RssHeaderColorVar]</headlinecolor>
					<visible>Skin.HasSetting(hide_mediaflags_home) | !ControlGroup(2000).HasFocus</visible>
					<animation effect="fade" time="300">VisibleChange</animation>
				</control>
			</control>
			<include content="TopBar">
				<param name="breadcrumbs_label" value="" />
			</include>
			<control type="group">
				<description>KODI logo</description>
				<depth>DepthBars</depth>
				<animation effect="slide" end="0,-90" time="300" tween="sine" easing="inout" condition="$EXP[infodialog_active]">conditional</animation>
				<animation effect="fade" start="0" end="100" time="300">WindowOpen</animation>
				<animation effect="fade" start="100" end="0" time="200">WindowClose</animation>
				<top>30</top>
				<left>90</left>
				<control type="group">
					<visible>!Skin.HasSetting(hide_main_menu_with_widgets) + !Skin.HasSetting(minimize_main_menu)</visible>
					<control type="image">
						<aspectratio>keep</aspectratio>
						<width>56</width>
						<height>56</height>
						<texture colordiffuse="$VAR[MainColorVar]">icons/logo.png</texture>
					</control>
					<control type="image">
						<left>40</left>
						<top>10</top>
						<aspectratio>keep</aspectratio>
						<width>192</width>
						<height>36</height>
						<texture>icons/logo-text.png</texture>
					</control>
				</control>
				<control type="group">
					<visible>Skin.HasSetting(hide_main_menu_with_widgets) + !Skin.HasSetting(minimize_main_menu) + [ Control.HasFocus(9000) | Control.HasFocus(804) | Control.HasFocus(802) | Control.HasFocus(801) | Control.HasFocus(803)]</visible>
					<control type="image">
						<aspectratio>keep</aspectratio>
						<width>56</width>
						<height>56</height>
						<texture colordiffuse="$VAR[MainColorVar]">icons/logo.png</texture>
					</control>
					<control type="image">
						<left>40</left>
						<top>10</top>
						<aspectratio>keep</aspectratio>
						<width>192</width>
						<height>36</height>
						<texture>icons/logo-text.png</texture>
					</control>
				</control>
				<control type="group">
					<left>-70</left>
					<visible>!Skin.HasSetting(hide_main_menu_with_widgets) + Skin.HasSetting(minimize_main_menu)</visible>
					<control type="image">
						<aspectratio>keep</aspectratio>
						<width>56</width>
						<height>56</height>
						<texture colordiffuse="$VAR[MainColorVar]">icons/logo.png</texture>
					</control>
				</control>
				<control type="group">
					<left>-70</left>
					<visible>Skin.HasSetting(hide_main_menu_with_widgets) + Skin.HasSetting(minimize_main_menu) + [ Control.HasFocus(9000) | Control.HasFocus(804) | Control.HasFocus(802) | Control.HasFocus(801) | Control.HasFocus(803)]</visible>
					<control type="image">
						<aspectratio>keep</aspectratio>
						<width>56</width>
						<height>56</height>
						<texture colordiffuse="$VAR[MainColorVar]">icons/logo.png</texture>
					</control>
				</control>
			</control>
			<control type="group">
				<description>Stats And Logos</description>
				<depth>DepthBars</depth>
				<animation effect="slide" end="0,-90" time="300" tween="sine" easing="inout" condition="$EXP[infodialog_active]">conditional</animation>
				<animation effect="fade" start="0" end="100" time="300">WindowOpen</animation>
				<animation effect="fade" start="100" end="0" time="200">WindowClose</animation>
				<centerleft>50%</centerleft>
				<visible>!Player.HasMedia + !Window.IsVisible(extendedprogressdialog) + [!Window.IsActive(volumebar) | Player.Muted]</visible>
				<control type="image">
					<top>0</top>
					<height>140</height>
					<texture>$VAR[HomeClearLogoVar]</texture>
					<aspectratio aligny="center" align="center">keep</aspectratio>
					<visible>!Skin.HasSetting(hide_logo_home) + ControlGroup(2000).HasFocus</visible>
				</control>
				<control type="label">
					<top>15</top>
					<align>center</align>
					<label>$VAR[InfoBarStatsVar]</label>
					<font>font12</font>
					<visible>[Skin.HasSetting(hide_logo_home) | !ControlGroup(2000).HasFocus] + Skin.HasSetting(enable_home_stats)</visible>
				</control>
			</control>
			<control type="group">
				<description>Top Name Item</description>
				<visible>Skin.HasSetting(minimize_main_menu) + Skin.HasSetting(top_name_item)</visible>
				<left>115</left>
				<top>30</top>
				<height>56</height>
				<control type="label">
					<aligny>center</aligny>
					<font>font30_title</font>
					<label>$INFO[Container(9000).ListItem.Label]</label>
					<visible>Control.HasFocus(9000)</visible>
					<textcolor>$VAR[MainColorVar]</textcolor>
					<include>OpenClose_Right</include>
				</control>
				<control type="label">
					<aligny>center</aligny>
					<font>font30_title</font>
					<label>$LOCALIZE[33060]</label>
					<visible>Control.HasFocus(801)</visible>
					<textcolor>$VAR[MainColorVar]</textcolor>
					<include>OpenClose_Right</include>
				</control>
				<control type="label">
					<aligny>center</aligny>
					<font>font30_title</font>
					<label>$LOCALIZE[21417]</label>
					<visible>Control.HasFocus(802)</visible>
					<textcolor>$VAR[MainColorVar]</textcolor>
					<include>OpenClose_Right</include>
				</control>
				<control type="label">
					<aligny>center</aligny>
					<font>font30_title</font>
					<label>$LOCALIZE[137]</label>
					<visible>Control.HasFocus(803)</visible>
					<textcolor>$VAR[MainColorVar]</textcolor>
					<include>OpenClose_Right</include>
				</control>
				<control type="label">
					<aligny>center</aligny>
					<font>font30_title</font>
					<label>$LOCALIZE[244]</label>
					<visible>Control.HasFocus(804)</visible>
					<textcolor>$VAR[MainColorVar]</textcolor>
					<include>OpenClose_Right</include>
				</control>
			</control>
		</control>
	</controls>
</window>
