﻿<?xml version="1.0" encoding="utf-8"?>
<includes>
	<include name="include-WeatherWidget">
		<control type="group" id="$PARAM[control_id]102">
			<description>Weather info</description>
			<left>68</left>
			<right>70</right>
			<top>102</top>
			<height>300</height>
			<visible>!String.IsEmpty(Weather.plugin)</visible>
			<control type="image">
				<bottom>90</bottom>
				<width>100%</width>
				<texture border="21">dialogs/dialog-bg.png</texture>
			</control>
			<control type="label">
				<left>840</left>
				<top>60</top>
				<aligny>center</aligny>
				<height>24</height>
				<right>60</right>
				<align>right</align>
				<font>font30_title</font>
				<label>$INFO[Weather.Location]</label>
			</control>
			<control type="label">
				<left>840</left>
				<top>120</top>
				<aligny>center</aligny>
				<height>24</height>
				<right>60</right>
				<align>right</align>
				<font>font12</font>
				<label>$INFO[Weather.Conditions,, ∙ ]$INFO[Weather.Temperature]</label>
			</control>
			<control type="grouplist">
				<top>50</top>
				<left>50</left>
				<right>20</right>
				<orientation>horizontal</orientation>
				<align>left</align>
				<itemgap>-110</itemgap>
				<include content="WeatherIcon" condition="!String.IsEmpty(Weather.Plugin)">
					<param name="label" value="Window(weather).Property(Current.Wind)" />
					<param name="texture" value="icons/weather/wind.png" />
					<param name="header" value="404" />
				</include>
				<include content="WeatherIcon" condition="!String.IsEmpty(Weather.Plugin)">
					<param name="label" value="Window(weather).Property(Current.Humidity)" />
					<param name="texture" value="icons/weather/humidity.png" />
					<param name="header" value="406" />
				</include>
				<include content="WeatherIcon" condition="!String.IsEmpty(Weather.Plugin)">
					<param name="label" value="Window(weather).Property(Current.Precipitation)" />
					<param name="texture" value="icons/weather/rain.png" />
					<param name="header" value="33021" />
				</include>
				<include content="WeatherIcon" condition="!String.IsEmpty(Weather.Plugin)">
					<param name="label" value="Window(weather).Property(Today.Sunrise)" />
					<param name="texture" value="icons/weather/sunrise.png" />
					<param name="header" value="405" />
				</include>
				<include content="WeatherIcon" condition="!String.IsEmpty(Weather.Plugin)">
					<param name="label" value="Window(weather).Property(Today.Sunset)" />
					<param name="texture" value="icons/weather/sunset.png" />
					<param name="header" value="403" />
				</include>
				<include content="WeatherIcons" condition="!String.IsEmpty(Weather.Plugin)">
					<param name="left" value="0" />
					<param name="top" value="-10" />
					<param name="width" value="130" />
					<param name="height" value="130" />
					<param name="image_1" value="$VAR[CurrentWeatherIconVar]" />
					<param name="image_multi" value="$VAR[CurrentWeatherIconVar]" />
				</include>
			</control>
		</control>
		<include content="Widget-WeatherDaily" condition="!String.IsEmpty(Weather.Plugin)">
			<param name="widget_header" value="$LOCALIZE[31019]"/>
			<param name="visible" value="!String.IsEmpty(Window(weather).Property(Daily.IsFetched))" />
			<param name="list_id" value="$PARAM[control_id]103" />
		</include>
		<include content="Widget-WeatherHourly" condition="!String.IsEmpty(Weather.Plugin)">
			<param name="widget_header" value="$LOCALIZE[33036]"/>
			<param name="visible" value="!String.IsEmpty(Window(weather).Property(Hourly.IsFetched))" />
			<param name="list_id" value="$PARAM[control_id]104" />
		</include>
	</include>
	<include name="include-FavouritesWidget">
		<include content="Widget-FavouritesFull">
			<param name="list_id" value="$PARAM[control_id]110"/>
		</include>
	</include>
	<include name="include-TVWidget">
		<include content="Widget-TVTimers">
			<param name="list_id" value="$PARAM[control_id]120"/>
		</include>
		<include content="Widget-PVRChannels">
			<param name="content_path" value="pvr://channels/tv/*?view=lastplayed"/>
			<param name="widget_header" value="$LOCALIZE[31016]"/>
			<param name="widget_target" value="pvr"/>
			<param name="list_id" value="$PARAM[control_id]121"/>
		</include>
		<include content="Widget-PVRRecordings">
			<param name="content_path" value="pvr://recordings/tv/active?view=flat"/>
			<param name="widget_header" value="$LOCALIZE[31015]"/>
			<param name="widget_target" value="pvr"/>
			<param name="list_id" value="$PARAM[control_id]122"/>
		</include>
	</include>
	<include name="include-RadioWidget">
		<include content="Widget-RadioTimers">
			<param name="list_id" value="$PARAM[control_id]130"/>
		</include>
		<include content="Widget-PVRChannels" >
			<param name="content_path" value="pvr://channels/radio/*?view=lastplayed"/>
			<param name="widget_header" value="$LOCALIZE[31018]"/>
			<param name="widget_target" value="files"/>
			<param name="list_id" value="$PARAM[control_id]131"/>
		</include>
		<include content="Widget-PVRRecordings">
			<param name="content_path" value="pvr://recordings/radio/active?view=flat"/>
			<param name="widget_header" value="$LOCALIZE[31015]"/>
			<param name="widget_target" value="pvr"/>
			<param name="list_id" value="$PARAM[control_id]132"/>
		</include>
	</include>
	<include name="include-AddonsWidget">
		<include content="Widget-Addons">
			<param name="content_path" value="addons://sources/video/"/>
			<param name="widget_header" value="$LOCALIZE[1037]"/>
			<param name="widget_target" value="videos"/>
			<param name="list_id" value="$PARAM[control_id]140"/>
		</include>
		<include content="Widget-Addons">
			<param name="content_path" value="addons://sources/audio/"/>
			<param name="widget_header" value="$LOCALIZE[1038]"/>
			<param name="widget_target" value="music"/>
			<param name="list_id" value="$PARAM[control_id]141"/>
		</include>
		<include content="Widget-Addons">
			<param name="content_path" value="addons://sources/executable/"/>
			<param name="widget_header" value="$LOCALIZE[1043]"/>
			<param name="widget_target" value="programs"/>
			<param name="list_id" value="$PARAM[control_id]142"/>
		</include>
		<include condition="System.Platform.Android" content="Widget-Addons">
			<param name="content_path" value="androidapp://sources/apps/"/>
			<param name="widget_header" value="$LOCALIZE[20244]"/>
			<param name="widget_target" value="programs"/>
			<param name="list_id" value="$PARAM[control_id]143"/>
		</include>
		<include content="Widget-Addons">
			<param name="content_path" value="addons://sources/image/"/>
			<param name="widget_header" value="$LOCALIZE[1039]"/>
			<param name="widget_target" value="pictures"/>
			<param name="list_id" value="$PARAM[control_id]144"/>
		</include>
	</include>
	<include name="include-MediaWidget">
		<include content="Widget-$PARAM[widget1_type]">
			<param name="widget_header" value="$PARAM[widget1_name]"/>
			<param name="widget_target" value="$PARAM[widget1_target]"/>
			<param name="content_path" value="$PARAM[widget1_path]"/>
			<param name="list_id" value="$PARAM[control_id]150"/>
		</include>
		<include content="Widget-$PARAM[widget2_type]">
			<param name="widget_header" value="$PARAM[widget2_name]"/>
			<param name="widget_target" value="$PARAM[widget2_target]"/>
			<param name="content_path" value="$PARAM[widget2_path]"/>
			<param name="list_id" value="$PARAM[control_id]151"/>
		</include>
		<include content="Widget-$PARAM[widget3_type]">
			<param name="widget_header" value="$PARAM[widget3_name]"/>
			<param name="widget_target" value="$PARAM[widget3_target]"/>
			<param name="content_path" value="$PARAM[widget3_path]"/>
			<param name="list_id" value="$PARAM[control_id]152"/>
		</include>
		<include content="Widget-$PARAM[widget4_type]">
			<param name="widget_header" value="$PARAM[widget4_name]"/>
			<param name="widget_target" value="$PARAM[widget4_target]"/>
			<param name="content_path" value="$PARAM[widget4_path]"/>
			<param name="list_id" value="$PARAM[control_id]153"/>
		</include>
		<include content="Widget-$PARAM[widget5_type]">
			<param name="widget_header" value="$PARAM[widget5_name]"/>
			<param name="widget_target" value="$PARAM[widget5_target]"/>
			<param name="content_path" value="$PARAM[widget5_path]"/>
			<param name="list_id" value="$PARAM[control_id]154"/>
		</include>
		<include content="Widget-$PARAM[widget6_type]">
			<param name="widget_header" value="$PARAM[widget6_name]"/>
			<param name="widget_target" value="$PARAM[widget6_target]"/>
			<param name="content_path" value="$PARAM[widget6_path]"/>
			<param name="list_id" value="$PARAM[control_id]155"/>
		</include>
	</include>
	<include name="include-None">
		<control type="group" id="$PARAM[control_id]160">
			<onup>$PARAM[control_id]900</onup>
			<ondown>200001</ondown>
		</control>
	</include>
</includes>