<?xml version="1.0" encoding="UTF-8" standalone="yes"?>
<addon id="script.randomandlastitems" name="Random and Last items script" version="2.2.3.008" provider-name="MikeBZH44, Martijn, Black, YLLOW_DRAGON">
	<requires>
		<import addon="xbmc.python" version="3.0.0"/>
		<import addon="xbmc.json" version="6.0.0"/>
		<import addon="script.module.simplejson" version="2.0.10"/>
	</requires>
	<extension point="xbmc.python.library" library="randomandlastitems.py" />
	<extension point="xbmc.addon.metadata">
		<summary lang="en_GB">Random And Last Items script</summary>
		<summary lang="ru_RU">Скрипт - случайные и последние элементы</summary>
		<summary lang="uk_UA">Скрипт - випадкові та останні елементи</summary>
		<description lang="en_GB">Script to get Random or Last added movies, episodes, albums or music videos from the database.Can optionnaly handle playlist to filter results.</description>
		<description lang="ru_RU">Скрипт получает случайное или последние добавленные фильмы, эпизоды, альбомы или музыкальные клипы из медиатеки. Может обрабатывать плейлист для фильтрации результатов.</description>
		<description lang="uk_UA">Скрипт отримує випадкове або останні додані фільми, епізоди, альбоми або музичні кліпи з медіатеки. Може обробляти плейлист для фільтрації результатів.</description>
		<platform>all</platform>
		<license>GNU GENERAL PUBLIC LICENSE. Version 2, June 1991</license>
		<website></website>
		<forum>http://forum.xbmc.org/showthread.php?tid=122448</forum>
		<email>nkvoronov@gmail.com</email>
		<source>https://github.com/nkvoronov/script.randomandlastitems.git</source>
	</extension>
</addon>
