<?xml version="1.0" encoding="UTF-8"?>
<overrides>
    <doNotShareMenu />
    <alwaysRestore>True</alwaysRestore>
    <!-- Icons Directory -->
    <thumbnailBrowseDefault>special://skin/extras/icons/</thumbnailBrowseDefault>
    <!-- Background -->
	<background label="smartshortcuts">||BROWSE||plugin://script.skin.helper.service/?action=backgrounds</background>
	<background label="smartshortcuts">||BROWSE||special://skin/extras/home-images</background>
	<backgroundBrowse default="protocol://">True</backgroundBrowse>    
    <!-- Icons overrides -->
    <icon image="DefaultShortcut.png">special://skin/extras/icons/files.png</icon>
    <icon image="DefaultAudio.png">special://skin/extras/icons/files.png</icon>
    <icon image="DefaultPlaylist.png">special://skin/extras/icons/playlists.png</icon>
    <icon image="DefaultAudio.png" grouping="pvr-radio">special://skin/extras/icons/tvshows.png</icon>
    <!-- Group override-->
    <groupoverride group="powermenu" disable_groups="" condition="Window.IsActive(DialogButtonMenu.xml)">Close</groupoverride>
    <groupoverride group="*" disable_groups="powermenu" condition="">SetProperty(FanartHomeType,$VAR[HomeMenuTypeVar],home)</groupoverride>
    <!-- Additionnal Widgets -->
    <widget label="43081" icon="special://skin/extras/icons/weather.png">WeatherWidget</widget>
	<widget label="43082" icon="special://skin/extras/icons/livetv.png">TVWidget</widget>
	<widget label="43083" icon="special://skin/extras/icons/radio.png">RadioWidget</widget>
	<widget label="43084" icon="special://skin/extras/icons/addons.png">AddonsWidget</widget>
	<widget label="43085" icon="special://skin/extras/icons/systeminfo.png">SystemInfoWidget</widget>	
	<widget label="43086" icon="special://skin/extras/icons/media.png">MediaWidget</widget>
    <!-- Default Widgets -->
    <widgetdefault labelID="weather">WeatherWidget</widgetdefault>
    <widgetdefault labelID="pictures">MediaWidget</widgetdefault>
    <widgetdefault labelID="livetv">TVWidget</widgetdefault>
    <widgetdefault labelID="radio">RadioWidget</widgetdefault>
    <widgetdefault labelID="video">MediaWidget</widgetdefault>
    <widgetdefault labelID="movies">MediaWidget</widgetdefault>
    <widgetdefault labelID="tvshows">MediaWidget</widgetdefault>
    <widgetdefault labelID="musicvideos">MediaWidget</widgetdefault>
    <widgetdefault labelID="music">MediaWidget</widgetdefault>    
    <widgetdefault labelID="addons">AddonsWidget</widgetdefault>
	<widgetdefault labelID="settings">SystemInfoWidget</widgetdefault>
	<!-- Default Property -->
	<!-- Pictures -->
	<propertydefault labelID="pictures" property="widget.widget1">Library</propertydefault>
	<propertydefault labelID="pictures" property="widgetName.widget1">20094</propertydefault>
	<propertydefault labelID="pictures" property="widgetType.widget1">pictures</propertydefault>
	<propertydefault labelID="pictures" property="widgetTarget.widget1">pictures</propertydefault>
	<propertydefault labelID="pictures" property="widgetPath.widget1">sources://pictures</propertydefault>
	<!-- Video -->
	<propertydefault labelID="video" property="widget.widget1">Library</propertydefault>
	<propertydefault labelID="video" property="widgetName.widget1">20094</propertydefault>
	<propertydefault labelID="video" property="widgetType.widget1">videos</propertydefault>
	<propertydefault labelID="video" property="widgetTarget.widget1">videos</propertydefault>
	<propertydefault labelID="video" property="widgetPath.widget1">sources://video</propertydefault>
	<propertydefault labelID="video" property="widget.widget2">Library</propertydefault>
	<propertydefault labelID="video" property="widgetName.widget2">136</propertydefault>
	<propertydefault labelID="video" property="widgetType.widget2">videos</propertydefault>
	<propertydefault labelID="video" property="widgetTarget.widget2">videos</propertydefault>
	<propertydefault labelID="video" property="widgetPath.widget2">special://videoplaylists</propertydefault>
	<!-- Movies -->
	<propertydefault labelID="movies" property="widget.widget1">Playlist</propertydefault>
	<propertydefault labelID="movies" property="widgetName.widget1">31010</propertydefault>
	<propertydefault labelID="movies" property="widgetType.widget1">movies</propertydefault>
	<propertydefault labelID="movies" property="widgetTarget.widget1">videos</propertydefault>
	<propertydefault labelID="movies" property="widgetPath.widget1">special://skin/extras/playlists/inprogress_movies.xsp</propertydefault>	
	<propertydefault labelID="movies" property="widget.widget2">Library</propertydefault>
	<propertydefault labelID="movies" property="widgetName.widget2">20386</propertydefault>
	<propertydefault labelID="movies" property="widgetType.widget2">movies</propertydefault>
	<propertydefault labelID="movies" property="widgetTarget.widget2">videos</propertydefault>
	<propertydefault labelID="movies" property="widgetPath.widget2">videodb://recentlyaddedmovies</propertydefault>	
	<propertydefault labelID="movies" property="widget.widget3">Playlist</propertydefault>
	<propertydefault labelID="movies" property="widgetName.widget3">31007</propertydefault>
	<propertydefault labelID="movies" property="widgetType.widget3">movies</propertydefault>
	<propertydefault labelID="movies" property="widgetTarget.widget3">videos</propertydefault>
	<propertydefault labelID="movies" property="widgetPath.widget3">special://skin/extras/playlists/unwatched_movies.xsp</propertydefault>	
	<propertydefault labelID="movies" property="widget.widget4">Playlist</propertydefault>
	<propertydefault labelID="movies" property="widgetName.widget4">31006</propertydefault>
	<propertydefault labelID="movies" property="widgetType.widget4">movies</propertydefault>
	<propertydefault labelID="movies" property="widgetTarget.widget4">videos</propertydefault>
	<propertydefault labelID="movies" property="widgetPath.widget4">special://skin/extras/playlists/random_movies.xsp</propertydefault>
	<!-- TVShows -->
	<propertydefault labelID="tvshows" property="widget.widget1">Playlist</propertydefault>
	<propertydefault labelID="tvshows" property="widgetName.widget1">626</propertydefault>
	<propertydefault labelID="tvshows" property="widgetType.widget1">tvshows</propertydefault>
	<propertydefault labelID="tvshows" property="widgetTarget.widget1">videos</propertydefault>
	<propertydefault labelID="tvshows" property="widgetPath.widget1">special://skin/extras/playlists/inprogress_tvshows.xsp</propertydefault>	
	<propertydefault labelID="tvshows" property="widget.widget2">Library</propertydefault>
	<propertydefault labelID="tvshows" property="widgetName.widget2">20387</propertydefault>
	<propertydefault labelID="tvshows" property="widgetType.widget2">episodes</propertydefault>
	<propertydefault labelID="tvshows" property="widgetTarget.widget2">videos</propertydefault>
	<propertydefault labelID="tvshows" property="widgetPath.widget2">videodb://recentlyaddedepisodes</propertydefault>	
	<propertydefault labelID="tvshows" property="widget.widget3">Playlist</propertydefault>
	<propertydefault labelID="tvshows" property="widgetName.widget3">31122</propertydefault>
	<propertydefault labelID="tvshows" property="widgetType.widget3">tvshows</propertydefault>
	<propertydefault labelID="tvshows" property="widgetTarget.widget3">videos</propertydefault>
	<propertydefault labelID="tvshows" property="widgetPath.widget3">special://skin/extras/playlists/unwatched_tvshows.xsp</propertydefault>
	<!-- MusicVideos -->
	<propertydefault labelID="musicvideos" property="widget.widget1">Library</propertydefault>
	<propertydefault labelID="musicvideos" property="widgetName.widget1">20390</propertydefault>
	<propertydefault labelID="musicvideos" property="widgetType.widget1">musicvideos</propertydefault>
	<propertydefault labelID="musicvideos" property="widgetTarget.widget1">music</propertydefault>
	<propertydefault labelID="musicvideos" property="widgetPath.widget1">videodb://recentlyaddedmusicvideos</propertydefault>
	<propertydefault labelID="musicvideos" property="widget.widget2">Playlist</propertydefault>
	<propertydefault labelID="musicvideos" property="widgetName.widget2">43090</propertydefault>
	<propertydefault labelID="musicvideos" property="widgetType.widget2">musicvideos</propertydefault>
	<propertydefault labelID="musicvideos" property="widgetTarget.widget2">music</propertydefault>
	<propertydefault labelID="musicvideos" property="widgetPath.widget2">special://skin/extras/playlists/mostwatched_musicvideos.xsp</propertydefault>	
	<propertydefault labelID="musicvideos" property="widget.widget3">Playlist</propertydefault>
	<propertydefault labelID="musicvideos" property="widgetName.widget3">43091</propertydefault>
	<propertydefault labelID="musicvideos" property="widgetType.widget3">musicvideos</propertydefault>
	<propertydefault labelID="musicvideos" property="widgetTarget.widget3">music</propertydefault>
	<propertydefault labelID="musicvideos" property="widgetPath.widget3">special://skin/extras/playlists/random_musicvideos.xsp</propertydefault>
	<propertydefault labelID="musicvideos" property="widget.widget4">Playlist</propertydefault>
	<propertydefault labelID="musicvideos" property="widgetName.widget4">43092</propertydefault>
	<propertydefault labelID="musicvideos" property="widgetType.widget4">musicvideos</propertydefault>
	<propertydefault labelID="musicvideos" property="widgetTarget.widget4">music</propertydefault>
	<propertydefault labelID="musicvideos" property="widgetPath.widget4">special://skin/extras/playlists/unwatched_musicvideos.xsp</propertydefault>
	<!-- Music -->
	<propertydefault labelID="music" property="widget.widget1">Library</propertydefault>
	<propertydefault labelID="music" property="widgetName.widget1">517</propertydefault>
	<propertydefault labelID="music" property="widgetType.widget1">albums</propertydefault>
	<propertydefault labelID="music" property="widgetTarget.widget1">music</propertydefault>
	<propertydefault labelID="music" property="widgetPath.widget1">musicdb://recentlyplayedalbums</propertydefault>
	<propertydefault labelID="music" property="widget.widget2">Library</propertydefault>
	<propertydefault labelID="music" property="widgetName.widget2">359</propertydefault>
	<propertydefault labelID="music" property="widgetType.widget2">albums</propertydefault>
	<propertydefault labelID="music" property="widgetTarget.widget2">music</propertydefault>
	<propertydefault labelID="music" property="widgetPath.widget2">musicdb://recentlyaddedalbums</propertydefault>
	<propertydefault labelID="music" property="widget.widget3">Playlist</propertydefault>
	<propertydefault labelID="music" property="widgetName.widget3">31012</propertydefault>
	<propertydefault labelID="music" property="widgetType.widget3">albums</propertydefault>
	<propertydefault labelID="music" property="widgetTarget.widget3">music</propertydefault>
	<propertydefault labelID="music" property="widgetPath.widget3">special://skin/extras/playlists/random_albums.xsp</propertydefault>	
	<propertydefault labelID="music" property="widget.widget4">Playlist</propertydefault>
	<propertydefault labelID="music" property="widgetName.widget4">31013</propertydefault>
	<propertydefault labelID="music" property="widgetType.widget4">artists</propertydefault>
	<propertydefault labelID="music" property="widgetTarget.widget4">music</propertydefault>
	<propertydefault labelID="music" property="widgetPath.widget4">special://skin/extras/playlists/random_artists.xsp</propertydefault>
	<propertydefault labelID="music" property="widget.widget5">Playlist</propertydefault>
	<propertydefault labelID="music" property="widgetName.widget5">31014</propertydefault>
	<propertydefault labelID="music" property="widgetType.widget5">albums</propertydefault>
	<propertydefault labelID="music" property="widgetTarget.widget5">music</propertydefault>
	<propertydefault labelID="music" property="widgetPath.widget5">special://skin/extras/playlists/unplayed_albums.xsp</propertydefault>
	<propertydefault labelID="music" property="widget.widget6">Playlist</propertydefault>
	<propertydefault labelID="music" property="widgetName.widget6">31011</propertydefault>
	<propertydefault labelID="music" property="widgetType.widget6">albums</propertydefault>
	<propertydefault labelID="music" property="widgetTarget.widget6">music</propertydefault>
	<propertydefault labelID="music" property="widgetPath.widget6">special://skin/extras/playlists/mostplayed_albums.xsp</propertydefault>
    <!-- Default Backgrounds -->
	<backgrounddefault labelID="weather">special://skin/extras/home-images/weather.jpg</backgrounddefault>
	<backgrounddefault labelID="picture">special://skin/extras/home-images/pictures.jpg</backgrounddefault>
	<backgrounddefault labelID="livetv">special://skin/extras/home-images/livetv.jpg</backgrounddefault>
	<backgrounddefault labelID="radio">special://skin/extras/home-images/radio.jpg</backgrounddefault>
    <backgrounddefault labelID="videos">special://skin/extras/home-images/videos.jpg</backgrounddefault>
    <backgrounddefault labelID="movies">special://skin/extras/home-images/movies.jpg</backgrounddefault>
    <backgrounddefault labelID="tvshows">special://skin/extras/home-images/tvshows.jpg</backgrounddefault>
    <backgrounddefault labelID="musicvideo">special://skin/extras/home-images/musicvideo.jpg</backgrounddefault>
    <backgrounddefault labelID="music">special://skin/extras/home-images/music.jpg</backgrounddefault>    
    <backgrounddefault labelID="addon">special://skin/extras/home-images/addons.jpg</backgrounddefault>
    <backgrounddefault labelID="setting">special://skin/extras/home-images/settings.jpg</backgrounddefault>
	<backgrounddefault labelID="search">special://skin/extras/home-images/search.jpg</backgrounddefault>
    <backgrounddefault labelID="power">special://skin/extras/home-images/power.jpg</backgrounddefault>    
    <backgrounddefault labelID="favourite">special://skin/extras/home-images/favorites.jpg</backgrounddefault>
    <backgrounddefault labelID="filemanager">special://skin/extras/home-images/filemanager.jpg</backgrounddefault>
    <backgrounddefault labelID="dvd">special://skin/extras/home-images/disc.jpg</backgrounddefault>    
    <!-- Menus Groupings -->
    <groupings>
        <shortcut label="43100" type="" icon="DefaultFolder.png" condition="System.HasAddon(script.skin.helper.service)">||BROWSE||script.skin.helper.service/?action=smartshortcuts</shortcut>        
        <!-- Weather -->
        <node label="8">
            <shortcut label="8" type="8" icon="special://skin/extras/icons/weather.png">ActivateWindow(Weather)</shortcut>
            <shortcut label="184" type="8" icon="special://skin/extras/icons/update.png">Weather.Refresh</shortcut>
            <shortcut label="35500" type="8" icon="special://skin/extras/icons/location-previous.png">Weather.LocationPrevious</shortcut>
            <shortcut label="35500" type="8" icon="special://skin/extras/icons/location-next.png">Weather.LocationNext</shortcut>
            <shortcut label="8" type="10004" icon="special://skin/extras/icons/weather-settings.png">ActivateWindow(weathersettings)</shortcut>
        </node>
        <!-- Pictures -->
        <node label="1">
            <shortcut label="1" type="1" icon="special://skin/extras/icons/pictures.png">ActivateWindow(pictures)</shortcut>
            <shortcut label="1039" type="1" icon="special://skin/extras/icons/pictures2.png">ActivateWindow(pictures,addons://sources/image/,return)</shortcut>
            <shortcut label="1" type="10004" icon="special://skin/extras/icons/pictures.png">ActivateWindow(picturessettings)</shortcut>
            <content>picturesources</content>
        </node>
        <!-- LiveTV -->
        <node label="19020" condition="PVR.HasTVChannels">
            <shortcut label="19020" type="19020" icon="special://skin/extras/icons/livetv.png">ActivateWindow(tvchannels)</shortcut>
            <shortcut label="19019" type="19020" icon="special://skin/extras/icons/channels.png">ActivateWindow(tvchannels)</shortcut>
            <shortcut label="19069" type="19020" icon="special://skin/extras/icons/guide.png">ActivateWindow(tvguide)</shortcut>
            <shortcut label="19017" type="19020" icon="special://skin/extras/icons/recordings.png">ActivateWindow(tvrecordings)</shortcut>
            <shortcut label="19040" type="19020" icon="special://skin/extras/icons/timers.png">ActivateWindow(tvtimers)</shortcut>
            <shortcut label="137" type="19020" icon="special://skin/extras/icons/tv-search.png">ActivateWindow(tvsearch)</shortcut>
            <shortcut label="32066" type="19020" icon="special://skin/extras/icons/livetv.png">PlayPvrTV</shortcut>
            <shortcut label="32068" type="19020" icon="special://skin/extras/icons/livetv.png">PlayPvr</shortcut>
            <shortcut label="19020" type="10004" icon="special://skin/extras/icons/livetv.png">ActivateWindow(pvrsettings)</shortcut>
            <node label="19023">
                <content>pvr-tv</content>
            </node>
        </node>
        <!-- Radio -->
        <node label="19021" condition="PVR.HasRadioChannels">
            <shortcut label="19021" type="19021" icon="special://skin/extras/icons/radio.png">ActivateWindow(radiochannels)</shortcut>
            <shortcut label="19019" type="19021" icon="special://skin/extras/icons/channels.png">ActivateWindow(radiochannels)</shortcut>
            <shortcut label="19069" type="19021" icon="special://skin/extras/icons/guide.png">ActivateWindow(radioguide)</shortcut>
            <shortcut label="19017" type="19021" icon="special://skin/extras/icons/recordings.png">ActivateWindow(radiorecordings)</shortcut>
            <shortcut label="19040" type="19021" icon="special://skin/extras/icons/timers.png">ActivateWindow(radiotimers)</shortcut>
            <shortcut label="137" type="19021" icon="special://skin/extras/icons/tv-search.png">ActivateWindow(radiosearch)</shortcut>
            <shortcut label="32067" type="19021" icon="special://skin/extras/icons/radio.png">PlayPvrRadio</shortcut>
            <shortcut label="32068" type="19021" icon="special://skin/extras/icons/radio.png">PlayPvr</shortcut>
            <shortcut label="19020" type="10004" icon="special://skin/extras/icons/livetv.png">ActivateWindow(pvrsettings)</shortcut>
            <node label="19024">
                <content>pvr-radio</content>
            </node>
        </node>
        <!-- Video -->
        <node label="3">
            <shortcut label="3" type="3" icon="special://skin/extras/icons/videos.png">ActivateWindow(videos,library://video/,return)</shortcut>
            <shortcut label="744" type="3" icon="special://skin/extras/icons/files.png">ActivateWindow(videos,sources://video/,return)</shortcut>
            <shortcut label="136" type="3" icon="special://skin/extras/icons/playlists.png">ActivateWindow(videos,special://videoplaylists/,return)</shortcut>
            <shortcut label="1037" type="3" icon="special://skin/extras/icons/video-addons.png">ActivateWindow(videos,addons://sources/video/,return)</shortcut>
            <shortcut label="589" type="3" icon="special://skin/extras/icons/play.png">PlayerControl(PartyMode(video))</shortcut>
            <shortcut label="653" type="3" icon="special://skin/extras/icons/updatelibrary.png">UpdateLibrary(video)</shortcut>
            <shortcut label="32055" type="3" icon="special://skin/extras/icons/error.png">CleanLibrary(video)</shortcut> 
            <shortcut label="3" type="10004" icon="special://skin/extras/icons/video-settings.png">ActivateWindow(videossettings)</shortcut>
            <node label="32040">
                <content>playlist-video</content>
            </node>
            <node label="32010">
                <shortcut label="1037" type="3" icon="special://skin/extras/icons/video-addons.png">ActivateWindow(videos,addons://sources/video/,return)</shortcut>
                <content>addon-video</content>
            </node>
            <node label="32075">
                <content>videosources</content>
                <content>upnp-video</content>
            </node>
        </node>
        <!-- Movies -->
        <node label="342">
            <shortcut label="342" type="342" icon="special://skin/extras/icons/movies2.png">ActivateWindow(videos,videodb://movies/titles/,return)</shortcut>
            <shortcut label="20386" type="342" icon="special://skin/extras/icons/recentlyadded.png">ActivateWindow(videos,videodb://recentlyaddedmovies/,return)</shortcut>
            <shortcut label="135" type="342" icon="special://skin/extras/icons/genre.png">ActivateWindow(videos,videodb://movies/genres/,return)</shortcut>
            <shortcut label="369" type="342" icon="special://skin/extras/icons/title.png">ActivateWindow(videos,videodb://movies/titles/,return)</shortcut>
            <shortcut label="562" type="342" icon="special://skin/extras/icons/years.png">ActivateWindow(videos,videodb://movies/years/,return)</shortcut>
            <shortcut label="344" type="342" icon="special://skin/extras/icons/actor.png">ActivateWindow(videos,videodb://movies/actors/,return)</shortcut>
            <shortcut label="20348" type="342" icon="special://skin/extras/icons/director2.png">ActivateWindow(videos,videodb://movies/directors/,return)</shortcut>
            <shortcut label="20388" type="342" icon="special://skin/extras/icons/studios.png">ActivateWindow(videos,videodb://movies/studios/,return)</shortcut>
            <shortcut label="20434" type="342" icon="special://skin/extras/icons/sets.png">ActivateWindow(videos,videodb://movies/sets/,return)</shortcut>
            <shortcut label="20451" type="342" icon="special://skin/extras/icons/country.png">ActivateWindow(videos,videodb://movies/countries/,return)</shortcut>            
            <shortcut label="20459" type="342" icon="special://skin/extras/icons/tags.png">ActivateWindow(videos,videodb://movies/tags/,return)</shortcut>
            <shortcut label="20314" type="342" icon="special://skin/extras/icons/media.png">ActivateWindow(videos,videodb://movies/,return)</shortcut>
        </node>
        <!-- TVShows -->
        <node label="20343">
            <shortcut label="20343" type="20343" icon="special://skin/extras/icons/tvshows.png">ActivateWindow(videos,videodb://movies/titles/,return)</shortcut>
            <shortcut label="20387" type="20343" icon="special://skin/extras/icons/recentlyadded.png">ActivateWindow(videos,videodb://recentlyaddedepisodes/,return)</shortcut>
            <shortcut label="626" type="20343" icon="special://skin/extras/icons/inprogressshows.png">ActivateWindow(videos,library://video/inprogressshows.xml/,return)</shortcut>
            <shortcut label="135" type="20343" icon="special://skin/extras/icons/genre.png">ActivateWindow(videos,videodb://tvshows/genres/,return)</shortcut>
            <shortcut label="369" type="20343" icon="special://skin/extras/icons/title.png">ActivateWindow(videos,videodb://tvshows/titles/,return)</shortcut>
            <shortcut label="562" type="20343" icon="special://skin/extras/icons/years.png">ActivateWindow(videos,videodb://tvshows/years/,return)</shortcut>
            <shortcut label="344" type="20343" icon="special://skin/extras/icons/actor.png">ActivateWindow(videos,videodb://tvshows/actors/,return)</shortcut>
            <shortcut label="20388" type="20343" icon="special://skin/extras/icons/studios.png">ActivateWindow(videos,videodb://tvshows/studios/,return)</shortcut>            
            <shortcut label="20459" type="20343" icon="special://skin/extras/icons/tags.png">ActivateWindow(videos,videodb://tvshows/tags/,return)</shortcut>
            <shortcut label="20314" type="20343" icon="special://skin/extras/icons/media.png">ActivateWindow(videos,videodb://tvshows/,return)</shortcut>
        </node>
        <!-- MusicVideos -->
        <node label="20389">
            <shortcut label="20389" type="20389" icon="special://skin/extras/icons/musicvideos.png">ActivateWindow(videos,videodb://musicvideos/,return)</shortcut>
            <shortcut label="20390" type="20389" icon="special://skin/extras/icons/recentlyadded.png">ActivateWindow(videos,videodb://recentlyaddedmusicvideos/,return)</shortcut>
            <shortcut label="135" type="20389" icon="special://skin/extras/icons/genre.png">ActivateWindow(videos,videodb://musicvideos/genres/,return)</shortcut>
            <shortcut label="369" type="20389" icon="special://skin/extras/icons/title.png">ActivateWindow(videos,videodb://musicvideos/titles/,return)</shortcut>
            <shortcut label="562" type="20389" icon="special://skin/extras/icons/years.png">ActivateWindow(videos,videodb://musicvideos/years/,return)</shortcut>
            <shortcut label="133" type="20389" icon="special://skin/extras/icons/artist.png">ActivateWindow(videos,videodb://musicvideos/artists/,return)</shortcut>
            <shortcut label="132" type="20389" icon="special://skin/extras/icons/album.png">ActivateWindow(videos,videodb://musicvideos/albums/,return)</shortcut>            
            <shortcut label="20348" type="20389" icon="special://skin/extras/icons/director2.png">ActivateWindow(videos,videodb://musicvideos/directors/,return)</shortcut>            
            <shortcut label="20388" type="20389" icon="special://skin/extras/icons/studios.png">ActivateWindow(videos,videodb://musicvideos/studios/,return)</shortcut>
            <shortcut label="20459" type="20389" icon="special://skin/extras/icons/tags.png">ActivateWindow(videos,videodb://musicvideos/tags/,return)</shortcut>
            <shortcut label="20314" type="20389" icon="special://skin/extras/icons/media.png">ActivateWindow(videos,videodb://musicvideos/,return)</shortcut>
        </node>
        <!-- Music -->
        <node label="2">
            <shortcut label="2" type="2" icon="special://skin/extras/icons/music.png">ActivateWindow(music,musicdb://,return)</shortcut>
            <shortcut label="359" type="2" icon="special://skin/extras/icons/musicrecentlyadded.png">ActivateWindow(music,musicdb://recentlyaddedalbums/,return)</shortcut>
            <shortcut label="517" type="2" icon="special://skin/extras/icons/musicrecentlyplayed.png">ActivateWindow(music,musicdb://recentlyplayedalbums/,return)</shortcut>
            <shortcut label="135" type="2" icon="special://skin/extras/icons/musicgenres.png">ActivateWindow(music,musicdb://genres/,return)</shortcut>
            <shortcut label="133" type="2" icon="special://skin/extras/icons/artist.png">ActivateWindow(music,musicdb://artists/,return)</shortcut>
            <shortcut label="132" type="2" icon="special://skin/extras/icons/album.png">ActivateWindow(music,musicdb://albums/,return)</shortcut>
            <shortcut label="134" type="2" icon="special://skin/extras/icons/songs.png">ActivateWindow(music,musicdb://songs/,return)</shortcut>
            <shortcut label="271" type="2" icon="special://skin/extras/icons/musictop100.png">ActivateWindow(music,musicdb://top100/,return)</shortcut>
            <shortcut label="10504" type="2" icon="special://skin/extras/icons/musictop100songs.png">ActivateWindow(music,musicdb://top100/songs/,return)</shortcut>
            <shortcut label="10505" type="2" icon="special://skin/extras/icons/musictop100albums.png">ActivateWindow(music,musicdb://top100/albums/,return)</shortcut>            
            <shortcut label="521" type="2" icon="special://skin/extras/icons/musiccompilations.png">ActivateWindow(music,musicdb://compilations/,return)</shortcut>
            <shortcut label="562" type="2" icon="special://skin/extras/icons/years.png">ActivateWindow(music,musicdb://years/,return)</shortcut>
            <shortcut label="1050" type="2" icon="special://skin/extras/icons/sets.png">ActivateWindow(music,musicdb://singles/,return)</shortcut>
            <shortcut label="10516" type="2" icon="special://skin/extras/icons/media.png">ActivateWindow(music,musicdb://,return)</shortcut>            
            <shortcut label="744" type="2" icon="special://skin/extras/icons/files.png">ActivateWindow(music,sources://music/,return)</shortcut>
            <shortcut label="136" type="2" icon="special://skin/extras/icons/playlists.png">ActivateWindow(music,special://musicplaylists/,return)</shortcut>
            <shortcut label="1038" type="2" icon="special://skin/extras/icons/music.png">ActivateWindow(music,addons://sources/audio/,return)</shortcut>
            <shortcut label="589" type="2" icon="special://skin/extras/icons/play.png">PlayerControl(PartyMode)</shortcut>
            <shortcut label="653" type="2" icon="special://skin/extras/icons/updatelibrary.png">UpdateLibrary(music)</shortcut>
            <shortcut label="32055" type="2" icon="special://skin/extras/icons/error.png">CleanLibrary(music)</shortcut>
            <shortcut label="600" type="2" icon="special://skin/extras/icons/cd.png">RipCD()</shortcut>
            <shortcut label="2" type="10004" icon="special://skin/extras/icons/music.png">ActivateWindow(musicsettings)</shortcut>
            <node label="32040">
                <content>playlist-audio</content>
            </node>
            <node label="32011">
                <shortcut label="1038" type="2" icon="special://skin/extras/icons/music.png">ActivateWindow(music,addons://sources/audio/,return)</shortcut>
                <content>addon-audio</content>
            </node>
            <node label="32075">
                <content>musicsources</content>
                <content>upnp-music</content>
            </node>            
        </node>
        <!-- DVD -->
        <node label="446">
            <shortcut label="341" type="446" icon="special://skin/extras/icons/dvd.png">PlayDVD</shortcut>
            <shortcut label="13391" type="446" icon="special://skin/extras/icons/eject.png">EjectTray()</shortcut>
        </node>
        <!-- Addons -->
        <node label="24001">
            <shortcut label="24001" type="24001" icon="special://skin/extras/icons/addons.png">ActivateWindow(1100)</shortcut>
            <shortcut label="10040" type="24001" icon="special://skin/extras/icons/addons.png">ActivateWindow(addonbrowser)</shortcut>			
			<shortcut label="24998" type="24001" icon="special://skin/extras/icons/addons_installed.png">ActivateWindow(addonbrowser,addons://user/,return)</shortcut>
			<shortcut label="24043" type="24001" icon="special://skin/extras/icons/update-available.png">ActivateWindow(addonbrowser,addons://outdated/,return)</shortcut>
			<shortcut label="24033" type="24001" icon="special://skin/extras/icons/install_repos.png">ActivateWindow(addonbrowser,addons://repos/,return)</shortcut>
			<shortcut label="137" type="24001" icon="special://skin/extras/icons/tv-search.png">ActivateWindow(addonbrowser,addons://search/,return)</shortcut>			
            <node label="1043">
                <shortcut label="10001" type="24001" icon="special://skin/extras/icons/program.png">ActivateWindow(programs,addons://sources/executable/,return)</shortcut>
                <shortcut label="20244" type="24001" icon="special://skin/extras/icons/android.png" condition="System.Platform.Android">ActivateWindow(programs,androidapp://sources/apps,return)</shortcut>
                <content>addon-program</content>
            </node>
            <node label="1037">
                <shortcut label="1037" type="3" icon="special://skin/extras/icons/video-addons.png">ActivateWindow(videos,addons://sources/video/,return)</shortcut>
                <content>addon-video</content>
            </node>
            <node label="1038">
                <shortcut label="1038" type="2" icon="special://skin/extras/icons/music.png">ActivateWindow(music,addons://sources/audio/,return)</shortcut>
                <content>addon-audio</content>
            </node>
            <node label="1039">
                <shortcut label="1039" type="1" icon="special://skin/extras/icons/pictures2.png">ActivateWindow(pictures,addons://sources/image/,return)</shortcut>
                <content>addon-image</content>
            </node>
        </node>
        <!-- Settings -->
        <node label="10004">
            <shortcut label="10004" type="10004" icon="special://skin/extras/icons/settings.png">ActivateWindow(settings)</shortcut>
            <shortcut label="7" type="10004" icon="special://skin/extras/icons/files.png">ActivateWindow(filemanager)</shortcut>
            <shortcut label="10040" type="10004" icon="special://skin/extras/icons/addons.png">ActivateWindow(addonbrowser)</shortcut>
            <shortcut label="130" type="10004" icon="special://skin/extras/icons/systeminfo.png">ActivateWindow(systeminfo)</shortcut>
            <shortcut label="14111" type="10004" icon="special://skin/extras/icons/eventlog.png">ActivateWindow(eventlog,events://,return)</shortcut>
            <shortcut label="166" type="10004" icon="special://skin/extras/icons/skin2.png">ActivateWindow(skinsettings)</shortcut>
            <shortcut label="8" type="10004" icon="special://skin/extras/icons/weather-settings.png">ActivateWindow(weathersettings)</shortcut>
            <shortcut label="1" type="10004" icon="special://skin/extras/icons/pictures.png">ActivateWindow(picturessettings)</shortcut>
            <shortcut label="19020" type="10004" icon="special://skin/extras/icons/livetv2.png">ActivateWindow(pvrsettings)</shortcut>
            <shortcut label="3" type="10004" icon="special://skin/extras/icons/video-settings.png">ActivateWindow(videossettings)</shortcut>
            <shortcut label="2" type="10004" icon="special://skin/extras/icons/music.png">ActivateWindow(musicsettings)</shortcut>      
            <shortcut label="13000" type="10004" icon="special://skin/extras/icons/system.png">ActivateWindow(systemsettings)</shortcut>
            <shortcut label="14036" type="10004" icon="special://skin/extras/icons/network3.png">ActivateWindow(servicesettings)</shortcut>
            <shortcut label="480" type="10004" icon="special://skin/extras/icons/appearance.png">ActivateWindow(appearancesettings)</shortcut>
            <shortcut label="20183" type="10004" icon="special://skin/extras/icons/reloadskin.png">ReloadSkin()</shortcut>
            <shortcut label="360" type="10004" icon="special://skin/extras/icons/screensaver.png">ActivateScreensaver()</shortcut>            
        </node>
        <!-- Profiles -->
        <node label="13200">
            <shortcut label="13200" type="13200" icon="special://skin/extras/icons/profiles.png">ActivateWindow(profiles)</shortcut>
            <shortcut label="10029" type="13200" icon="special://skin/extras/icons/files.png">ActivateWindow(loginscreen)</shortcut>
            <shortcut label="20126" type="13200" icon="special://skin/extras/icons/logout.png" condition="System.HasLoginScreen">System.LogOff()</shortcut>
            <shortcut label="20045" type="13200" icon="special://skin/extras/icons/files.png">Mastermode()</shortcut>
        </node>
        <!-- Power -->
        <node label="13005">
            <shortcut label="31072" type="13005" icon="special://skin/extras/icons/power.png">ActivateWindow(shutdownmenu)</shortcut>
            <shortcut label="13012" type="13005" icon="special://skin/extras/icons/quit.png" condition="System.ShowExitButton">Quit()</shortcut>
            <shortcut label="13005" type="13005" icon="special://skin/extras/icons/shutdown.png" condition="System.HasShutdown">Shutdown()</shortcut>
            <shortcut label="13016" type="13005" icon="special://skin/extras/icons/shutdown.png" condition="System.CanPowerDown">Powerdown()</shortcut>            
            <shortcut label="13011" type="13005" icon="special://skin/extras/icons/suspend.png" condition="System.CanSuspend">Suspend()</shortcut>
            <shortcut label="13010" type="13005" icon="special://skin/extras/icons/suspend.png" condition="System.CanHibernate">Hibernate()</shortcut>
            <shortcut label="13013" type="13005" icon="special://skin/extras/icons/reboot.png" condition="System.CanReboot">Reboot</shortcut>
            <shortcut label="19026" type="13005" icon="special://skin/extras/icons/shutdowntimer.png">AlarmClock(shutdowntimer,Shutdown())</shortcut>
            <shortcut label="20151" type="13005" icon="special://skin/extras/icons/files.png">CancelAlarm(shutdowntimer)</shortcut>            
            <shortcut label="13313" type="13005" icon="special://skin/extras/icons/files.png" condition="!System.Platform.Linux.RaspberryPi + [ System.Platform.Windows | System.Platform.Linux.RaspberryPi ]">RestartApp()</shortcut>
            <shortcut label="13014" type="13005" icon="special://skin/extras/icons/files.png">Minimize()</shortcut>
        </node>
        <!-- Favourites -->
        <node label="1036">
            <shortcut label="1036" type="1036" icon="special://skin/extras/icons/favourites2.png">ActivateWindow(favourites)</shortcut>
            <node label="1036">
                <content>favourite</content>
            </node>
        </node>        
    </groupings>
    <widget-groupings>
		<!-- Widgets Groups-->
		<shortcut label="43081" icon="special://skin/extras/icons/weather.png" condition="!IsEmpty(Window(home).Property(WidgetVisibility))" widget="WeatherWidget">WeatherWidget</shortcut>
		<shortcut label="43082" icon="special://skin/extras/icons/livetv.png" condition="!IsEmpty(Window(home).Property(WidgetVisibility))" widget="TVWidget">TVWidget</shortcut>
        <shortcut label="43083" icon="special://skin/extras/icons/radio.png" condition="!IsEmpty(Window(home).Property(WidgetVisibility))" widget="RadioWidget">RadioWidget</shortcut>
		<shortcut label="43084" icon="special://skin/extras/icons/addons.png" condition="!IsEmpty(Window(home).Property(WidgetVisibility))" widget="AddonsWidget">AddonsWidget</shortcut>
		<shortcut label="43085" icon="special://skin/extras/icons/systeminfo.png" condition="!IsEmpty(Window(home).Property(WidgetVisibility))" widget="SystemInfoWidget">SystemInfoWidget</shortcut>
		<shortcut label="43086" icon="special://skin/extras/icons/media.png" condition="!IsEmpty(Window(home).Property(WidgetVisibility))" widget="MediaWidget">MediaWidget</shortcut>
		<!-- -->
        <shortcut label="43101" icon="DefaultFolder.png" condition="IsEmpty(Window(home).Property(WidgetVisibility)) + System.HasAddon(script.skin.helper.service)">||BROWSE||script.skin.helper.service/?action=widgets&amp;path=skinplaylists,librarydataprovider,scriptwidgets,extendedinfo,smartshortcuts,pvr,smartishwidgets</shortcut>
        <node label="32030" condition="IsEmpty(Window(home).Property(WidgetVisibility))">
            <content>video</content>
            <node label="32040">
                <content>playlist-video</content>
            </node>
            <node label="32010">
                <content>addon-video</content>
            </node>
            <node label="32075">
                <content>videosources</content>
            </node>
        </node>
        <node label="32031" condition="IsEmpty(Window(home).Property(WidgetVisibility))">
            <content>music</content>
            <node label="32040">
                <content>playlist-audio</content>
            </node>
            <node label="32011">
                <content>addon-audio</content>
            </node>
            <node label="32075">
                <content>musicsources</content>
            </node>
        </node>
        <node label="32020" condition="IsEmpty(Window(home).Property(WidgetVisibility))">
            <content>picturesources</content>
        </node>
        <node label="32007" condition="IsEmpty(Window(home).Property(WidgetVisibility))">
            <node label="32009">
                <content>addon-program-plugin</content>
            </node>
            <node label="32010">
                <content>addon-video</content>
            </node>
            <node label="32011">
                <content>addon-audio</content>
            </node>
            <node label="32012">
                <content>addon-image</content>
            </node>
            <shortcut label="10001" type="32021" icon="DefaultAddonProgram.png" widget="addon" widgetType="program" widgetTarget="programs">addons://sources/executable</shortcut>
            <shortcut label="20244" type="32021" icon="DefaultAddonProgram.png" widget="addon" widgetType="program" widgetTarget="programs" condition="System.Platform.Android">androidapp://sources/apps</shortcut>
            <shortcut label="1037" type="32014" icon="DefaultAddonVideo.png" widget="addon" widgetType="video" widgetTarget="video">addons://sources/video</shortcut>
            <shortcut label="1038" type="32019" icon="DefaultAddonMusic.png" widget="addon" widgetType="music" widgetTarget="music">addons://sources/audio</shortcut>
            <shortcut label="1039" type="32020" icon="DefaultAddonPicture.png" widget="addon" widgetType="picture" widgetTarget="pictures">addons://sources/image</shortcut>
        </node>
    </widget-groupings>    
</overrides>
