<?xml version="1.0" encoding="utf-8"?>
<window type="dialog" id="2125">
	<defaultcontrol always="true">450</defaultcontrol>
	<coordinates>
		<system>1</system>
		<left>0</left>
		<top>0</top>
	</coordinates>
	<controls>
        <include name="CustomRecommendedDialog">
            <param name="dlg_title" value="$LOCALIZE[89030]" />
            <param name="id_win" value="2125" />
            <param name="fallback_pic" value="DefaultMovies.png" />
            <param name="list_pic" value="$INFO[Container(450).ListItem.Icon]" />
            <param name="list_label" value="$INFO[ListItem.Label]" />
            <param name="include_name" value="RecommendedMoviesContent" />
        </include>
	</controls>
</window>