<?xml version='1.0' encoding='UTF-8'?>
<shortcuts>
	<shortcut>
		<label>342</label>
		<label2>342</label2>
		<icon>DefaultMovies.png</icon>
		<action>ActivateWindow(videos,videodb://movies/titles/,return)</action>
	</shortcut>
	<shortcut>
		<label>20343</label>
		<label2>20343</label2>
		<icon>DefaultTVShows.png</icon>
		<action>ActivateWindow(videos,videodb://tvshows/titles/,return)</action>
	</shortcut>
	<shortcut>
		<label>20389</label>
		<label2>20389</label2>
		<icon>DefaultMusicVideos.png</icon>
		<action>ActivateWindow(videos,videodb://musicvideos/,return)</action>
	</shortcut>
	<shortcut>
		<label>744</label>
		<label2>3</label2>
		<icon>DefaultFolder.png.png</icon>
		<action>ActivateWindow(videos,sources://video/,return)</action>
	</shortcut>
	<shortcut>
		<label>136</label>
		<label2>3</label2>
		<icon>DefaultVideoPlaylists.png</icon>
		<action>ActivateWindow(videos,special://videoplaylists/,return)</action>
	</shortcut>
	<shortcut>
		<label>1037</label>
		<label2>3</label2>
		<icon>DefaultAddonVideo.png</icon>
		<action>ActivateWindow(videos,addons://sources/video/,return)</action>
	</shortcut>
	<shortcut>
		<label>653</label>
		<label2>3</label2>
		<icon>DefaultAddonsUpdates.png</icon>
		<action>UpdateLibrary(video)</action>
	</shortcut>
</shortcuts>
