<?xml version="1.0" encoding="UTF-8"?>
<window>
	<defaultcontrol always="true">9000</defaultcontrol>
	<include condition="!Skin.HasSetting(InitialSetUpRun)">DefaultInitialSetup</include>
	<controls>
		<include>CommonCustomBackgroundSettings</include>
		<include>CommonBackground</include>
		<control type="image">
			<left>0</left>
			<top>100r</top>
			<width>1280</width>
			<height>100</height>
			<texture>floor.png</texture>
			<include>VisibleFadeEffect</include>
			<visible>!Skin.HasSetting(NoFloorAll)</visible>
		</control>
		<include content="CommonWindowHeader">
			<param name="Icon" value="icon_system" />
			<param name="Label" value="$LOCALIZE[5][COLOR=blue] - [/COLOR]$LOCALIZE[166]" />
		</include>
		<control type="group">
			<left>90</left>
			<top>30</top>
			<animation type="WindowOpen" reversible="false">
				<effect type="zoom" start="80" end="100" center="640,360" easing="out" tween="back" time="225" />
				<effect type="fade" start="0" end="100" time="225" />
			</animation>
			<animation type="WindowClose" reversible="false">
				<effect type="zoom" start="100" end="80" center="640,360" easing="in" tween="back" time="225" />
				<effect type="fade" start="100" end="0" time="225" />
			</animation>
			<control type="image">
				<left>5</left>
				<top>5</top>
				<width>1090</width>
				<height>630</height>
				<texture border="15">ContentPanel.png</texture>
			</control>
			<control type="image">
				<left>5</left>
				<top>625</top>
				<width>1090</width>
				<height>64</height>
				<texture border="15">ContentPanelMirror.png</texture>
				<visible>!Skin.HasSetting(NoFloorAll)</visible>
			</control>
			<control type="button">
				<description>Close Window button</description>
				<left>980</left>
				<top>11</top>
				<width>64</width>
				<height>32</height>
				<label/>
				<font/>
				<onclick>PreviousMenu</onclick>
				<texturefocus>DialogCloseButton-focus.png</texturefocus>
				<texturenofocus>DialogCloseButton.png</texturenofocus>
				<onleft>1</onleft>
				<onright>1</onright>
				<onup>1</onup>
				<ondown>1</ondown>
				<visible>system.getbool(input.enablemouse)</visible>
			</control>
			<control type="image">
				<description>LOGO</description>
				<left>30</left>
				<top>15</top>
				<width>220</width>
				<height>80</height>
				<aspectratio>keep</aspectratio>
				<texture>Confluence_Logo.png</texture>
			</control>
			<control type="list" id="9000">
				<left>10</left>
				<top>90</top>
				<width>260</width>
				<height>481</height>
				<onleft>9010</onleft>
				<onright>9010</onright>
				<onup>9000</onup>
				<ondown>9000</ondown>
				<pagecontrol/>
				<scrolltime>300</scrolltime>
				<itemlayout height="50" width="260">
					<control type="image">
						<left>0</left>
						<top>0</top>
						<width>260</width>
						<height>51</height>
						<texture border="5">MenuItemNF.png</texture>
					</control>
					<control type="label">
						<left>0</left>
						<top>0</top>
						<width>240</width>
						<height>50</height>
						<font>font24_title</font>
						<textcolor>grey3</textcolor>
						<align>right</align>
						<aligny>center</aligny>
						<label>$INFO[ListItem.Label]</label>
					</control>
				</itemlayout>
				<focusedlayout height="50" width="260">
					<control type="image">
						<left>0</left>
						<top>0</top>
						<width>260</width>
						<height>51</height>
						<texture border="5">MenuItemFO.png</texture>
						<animation effect="fade" start="100" end="30" time="75" condition="!Control.HasFocus(9000)">Conditional</animation>
					</control>
					<control type="label">
						<left>0</left>
						<top>0</top>
						<width>240</width>
						<height>50</height>
						<font>font24_title</font>
						<textcolor>white</textcolor>
						<align>right</align>
						<aligny>center</aligny>
						<label>$INFO[ListItem.Label]</label>
					</control>
				</focusedlayout>
				<content>
					<item id="1">
						<label>$LOCALIZE[128]</label>
						<label2>$LOCALIZE[90052]</label2>
					</item>
					<item id="2">
						<label>$LOCALIZE[31112]</label>
						<label2>$LOCALIZE[90053]</label2>
					</item>
					<item id="3">
						<label>$LOCALIZE[513]</label>
						<label2>$LOCALIZE[90054]</label2>
					</item>
					<item id="4">
						<label>$LOCALIZE[88130]</label>
						<label2>$LOCALIZE[90055]</label2>
						<visible>PVR.HasTVChannels | PVR.HasRadioChannels</visible>
						<visible>System.HasAddon(script.pvr.favourites)</visible>
					</item>
					<item id="5">
						<label>$LOCALIZE[31102]</label>
						<label2>$LOCALIZE[90056]</label2>
					</item>
					<item id="6">
						<label>$LOCALIZE[89709]</label>
						<label2/>
						<visible>Skin.HasSetting(SeparateBackground)</visible>
					</item>
					<item id="7">
						<label>$LOCALIZE[13007]</label>
						<label2>$LOCALIZE[90057]</label2>
					</item>
				</content>
			</control>
			<control type="image">
				<left>268</left>
				<top>10</top>
				<width>790</width>
				<height>618</height>
				<texture border="5">black-back2.png</texture>
			</control>
			<control type="image">
				<left>268</left>
				<top>10</top>
				<width>790</width>
				<height>52</height>
				<texture>dialogheader.png</texture>
			</control>
			<control type="label">
				<description>header label</description>
				<left>300</left>
				<top>20</top>
				<width>726</width>
				<height>30</height>
				<font>font16</font>
				<label>$LOCALIZE[166] - $INFO[Container(9000).ListItem.Label]</label>
				<align>center</align>
				<aligny>center</aligny>
				<textcolor>white</textcolor>
				<shadowcolor>black</shadowcolor>
			</control>
			<control type="group" id="9010">
				<!-- General -->
				<control type="grouplist" id="9001">
					<visible>Container(9000).Hasfocus(1)</visible>
					<left>290</left>
					<top>60</top>
					<width>750</width>
					<height>435</height>
					<itemgap>-1</itemgap>
					<pagecontrol>61</pagecontrol>
					<onleft>9000</onleft>
					<onright>61</onright>
					<onup>9001</onup>
					<ondown>9001</ondown>
					<control type="label" id="100">
						<description>Other Params Label</description>
						<width>750</width>
						<height>45</height>
						<font>font13_title</font>
						<label>$LOCALIZE[31106]</label>
						<textcolor>blue</textcolor>
						<shadowcolor>black</shadowcolor>
						<align>left</align>
						<aligny>center</aligny>
					</control>
					<control type="radiobutton" id="101">
						<description>Enable Auto Scroll</description>
						<width>750</width>
						<height>40</height>
						<font>font13</font>
						<label>$LOCALIZE[20189]</label>
						<textcolor>grey2</textcolor>
						<focusedcolor>white</focusedcolor>
						<texturefocus>MenuItemFO.png</texturefocus>
						<texturenofocus>MenuItemNF.png</texturenofocus>
						<onclick>Skin.ToggleSetting(AutoScroll)</onclick>
						<selected>Skin.HasSetting(AutoScroll)</selected>
					</control>
					<control type="radiobutton" id="102">
						<description>Show SlideShow Paused</description>
						<width>750</width>
						<height>40</height>
						<font>font13</font>
						<label>$LOCALIZE[31103]</label>
						<textcolor>grey2</textcolor>
						<focusedcolor>white</focusedcolor>
						<texturefocus>MenuItemFO.png</texturefocus>
						<texturenofocus>MenuItemNF.png</texturenofocus>
						<onclick>Skin.ToggleSetting(Show_SlideShow_Paused)</onclick>
						<selected>!Skin.HasSetting(Show_SlideShow_Paused)</selected>
					</control>
					<control type="radiobutton" id="103">
						<description>Trailer in Window</description>
						<width>750</width>
						<height>40</height>
						<font>font13</font>
						<label>$LOCALIZE[31104]</label>
						<textcolor>grey2</textcolor>
						<focusedcolor>white</focusedcolor>
						<texturefocus>MenuItemFO.png</texturefocus>
						<texturenofocus>MenuItemNF.png</texturenofocus>
						<onclick>Skin.ToggleSetting(WindowedTrailer)</onclick>
						<selected>Skin.HasSetting(WindowedTrailer)</selected>
					</control>
					<control type="radiobutton" id="104">
						<description>Hide Filename Flagging</description>
						<width>750</width>
						<height>40</height>
						<font>font13</font>
						<label>$LOCALIZE[31107]</label>
						<textcolor>grey2</textcolor>
						<focusedcolor>white</focusedcolor>
						<texturefocus>MenuItemFO.png</texturefocus>
						<texturenofocus>MenuItemNF.png</texturenofocus>
						<onclick>Skin.ToggleSetting(HideFilenameFlagging)</onclick>
						<selected>Skin.HasSetting(HideFilenameFlagging)</selected>
					</control>
					<control type="radiobutton" id="105">
						<description>Hide EPG with RDS</description>
						<width>750</width>
						<height>40</height>
						<font>font13</font>
						<label>$LOCALIZE[31122]</label>
						<textcolor>grey2</textcolor>
						<focusedcolor>white</focusedcolor>
						<texturefocus>MenuItemFO.png</texturefocus>
						<texturenofocus>MenuItemNF.png</texturenofocus>
						<onclick>Skin.ToggleSetting(HideEPGwithRDS)</onclick>
						<selected>Skin.HasSetting(HideEPGwithRDS)</selected>
					</control>
					<control type="button" id="106">
						<width>750</width>
						<height>40</height>
						<font>font13</font>
						<label>31962</label>
						<textcolor>grey2</textcolor>
						<focusedcolor>white</focusedcolor>
						<texturefocus>MenuItemFO.png</texturefocus>
						<texturenofocus>MenuItemNF.png</texturenofocus>
						<onclick>Skin.SelectBool(31962, 31963|show_profilename, 31964|show_profileavatar, 16018|show_none)</onclick>
						<label2>$VAR[ProfileIdentificationLabel2Var]</label2>
					</control>
					<control type="label" id="107">
						<description>Lyric label</description>
						<width>750</width>
						<height>45</height>
						<font>font13_title</font>
						<label>$LOCALIZE[31140]</label>
						<textcolor>blue</textcolor>
						<shadowcolor>black</shadowcolor>
						<align>left</align>
						<aligny>center</aligny>
					</control>
					<control type="button" id="108">
						<description>LyricScript Path</description>
						<width>750</width>
						<height>40</height>
						<font>font13</font>
						<label>$LOCALIZE[31132]</label>
						<label2>[COLOR=selected]$INFO[system.addontitle(Skin.String(LyricScript_Path))][/COLOR]</label2>
						<textcolor>grey2</textcolor>
						<focusedcolor>white</focusedcolor>
						<texturefocus>MenuItemFO.png</texturefocus>
						<texturenofocus>MenuItemNF.png</texturenofocus>
						<onclick>Skin.SetAddon(LyricScript_Path,xbmc.python.lyrics)</onclick>
					</control>
					<control type="button" id="109">
						<description>Open Settings LyricScript</description>
						<width>750</width>
						<height>40</height>
						<font>font13</font>
						<label>- $LOCALIZE[24020]</label>
						<textcolor>grey2</textcolor>
						<focusedcolor>white</focusedcolor>
						<texturefocus>MenuItemFO.png</texturefocus>
						<texturenofocus>MenuItemNF.png</texturenofocus>
						<enable>!String.IsEmpty(Skin.String(LyricScript_Path))</enable>
						<onclick>Addon.OpenSettings($INFO[Skin.String(LyricScript_Path)])</onclick>
					</control>
					<control type="radiobutton" id="110">
						<description>CU LRC Lyrics Alternative View</description>
						<width>750</width>
						<height>40</height>
						<font>font13</font>
						<label>- $LOCALIZE[80005] CU LRC Lyrics</label>
						<textcolor>grey2</textcolor>
						<focusedcolor>white</focusedcolor>
						<texturefocus>MenuItemFO.png</texturefocus>
						<texturenofocus>MenuItemNF.png</texturenofocus>
						<onclick>Skin.ToggleSetting(LrclyricsAlternativeView)</onclick>
						<selected>Skin.HasSetting(LrclyricsAlternativeView)</selected>
						<enable>System.HasAddon(script.cu.lrclyrics)</enable>
					</control>
					<control type="label" id="111">
						<width>750</width>
						<height>45</height>
						<font>font13_title</font>
						<label>$LOCALIZE[512]</label>
						<textcolor>blue</textcolor>
						<shadowcolor>black</shadowcolor>
						<align>left</align>
						<aligny>center</aligny>
					</control>
					<control type="radiobutton" id="112">
						<description>Enable Splash Screen (photo, video or music)</description>
						<width>750</width>
						<height>40</height>
						<font>font13</font>
						<label>$LOCALIZE[88000]</label>
						<textcolor>grey2</textcolor>
						<focusedcolor>white</focusedcolor>
						<texturefocus>MenuItemFO.png</texturefocus>
						<texturenofocus>MenuItemNF.png</texturenofocus>
						<onclick>Skin.ToggleSetting(Use_Startup_Playlist)</onclick>
						<selected>Skin.HasSetting(Use_Startup_Playlist)</selected>
					</control>
					<control type="button" id="113">
						<description>Startup Playlist Path</description>
						<width>750</width>
						<height>40</height>
						<font>font13</font>
						<textcolor>grey2</textcolor>
						<focusedcolor>white</focusedcolor>
						<label>$LOCALIZE[88001]</label>
						<label2>$INFO[Skin.String(Startup_Playlist_Path)]</label2>
						<onclick>Skin.SetFile(Startup_Playlist_Path,,special://MusicPlaylists/)</onclick>
						<texturefocus>MenuItemFO.png</texturefocus>
						<texturenofocus>MenuItemNF.png</texturenofocus>
						<enable>Skin.HasSetting(Use_Startup_Playlist)</enable>
					</control>
					<control type="label" id="114">
						<description>Addons Label</description>
						<width>750</width>
						<height>45</height>
						<font>font13_title</font>
						<label>$LOCALIZE[24001]</label>
						<textcolor>blue</textcolor>
						<shadowcolor>black</shadowcolor>
						<align>left</align>
						<aligny>center</aligny>
					</control>
					<control type="radiobutton" id="115">
						<description>Activate Global Search</description>
						<width>750</width>
						<height>40</height>
						<font>font13</font>
						<label>$LOCALIZE[24000] Global Search</label>
						<textcolor>grey2</textcolor>
						<focusedcolor>white</focusedcolor>
						<texturefocus>MenuItemFO.png</texturefocus>
						<texturenofocus>MenuItemNF.png</texturenofocus>
						<onclick condition="!System.HasAddon(script.globalsearch)">InstallAddon(script.globalsearch)</onclick>
						<onclick>Skin.ToggleSetting(ActivateGlobalSearch)</onclick>
						<selected>Skin.HasSetting(ActivateGlobalSearch)</selected>
					</control>
					<control type="button" id="116">
						<description>Settings Global Search</description>
						<width>750</width>
						<height>40</height>
						<font>font13</font>
						<label>- $LOCALIZE[24020]</label>
						<textcolor>grey2</textcolor>
						<focusedcolor>white</focusedcolor>
						<texturefocus>MenuItemFO.png</texturefocus>
						<texturenofocus>MenuItemNF.png</texturenofocus>
						<onclick>Addon.OpenSettings(script.globalsearch)</onclick>
						<enable>Skin.HasSetting(ActivateGlobalSearch)</enable>
					</control>
					<control type="radiobutton" id="117">
						<description>Activate Simple Playlists</description>
						<width>750</width>
						<height>40</height>
						<font>font13</font>
						<label>$LOCALIZE[24000] Simple Playlists</label>
						<textcolor>grey2</textcolor>
						<focusedcolor>white</focusedcolor>
						<texturefocus>MenuItemFO.png</texturefocus>
						<texturenofocus>MenuItemNF.png</texturenofocus>
						<onclick condition="!System.HasAddon(script.simpleplaylists)">InstallAddon(script.simpleplaylists)</onclick>
						<onclick>Skin.ToggleSetting(ActivateWatchitLater)</onclick>
						<selected>Skin.HasSetting(ActivateWatchitLater)</selected>
					</control>
					<control type="button" id="118">
						<description>Settings Simple Playlists</description>
						<width>750</width>
						<height>40</height>
						<font>font13</font>
						<label>- $LOCALIZE[24020]</label>
						<textcolor>grey2</textcolor>
						<focusedcolor>white</focusedcolor>
						<texturefocus>MenuItemFO.png</texturefocus>
						<texturenofocus>MenuItemNF.png</texturenofocus>
						<onclick>Addon.OpenSettings(script.simpleplaylists)</onclick>
						<enable>Skin.HasSetting(ActivateWatchitLater)</enable>
					</control>
					<control type="radiobutton" id="119">
						<description>Activate Script Playlists</description>
						<width>750</width>
						<height>40</height>
						<font>font13</font>
						<label>$LOCALIZE[24000] Script Playlists</label>
						<textcolor>grey2</textcolor>
						<focusedcolor>white</focusedcolor>
						<texturefocus>MenuItemFO.png</texturefocus>
						<texturenofocus>MenuItemNF.png</texturenofocus>
						<onclick>Skin.ToggleSetting(ActivateScriptPlaylist)</onclick>
						<selected>Skin.HasSetting(ActivateScriptPlaylist)</selected>
						<enable>System.HasAddon(script.randomandlastitems)</enable>
					</control>
					<control type="button" id="120">
						<description>Settings Script Playlists</description>
						<width>750</width>
						<height>40</height>
						<font>font13</font>
						<label>- $LOCALIZE[24020]</label>
						<textcolor>grey2</textcolor>
						<focusedcolor>white</focusedcolor>
						<texturefocus>MenuItemFO.png</texturefocus>
						<texturenofocus>MenuItemNF.png</texturenofocus>
						<onclick>ActivateWindow(2127)</onclick>
						<enable>Skin.HasSetting(ActivateScriptPlaylist)</enable>
						<visible>System.HasAddon(script.randomandlastitems)</visible>
					</control>
					<control type="button" id="121">
						<description>Settings Service Skin Widgets</description>
						<width>750</width>
						<height>40</height>
						<font>font13</font>
						<label>$LOCALIZE[24020] - Skin Widgets</label>
						<textcolor>grey2</textcolor>
						<focusedcolor>white</focusedcolor>
						<texturefocus>MenuItemFO.png</texturefocus>
						<texturenofocus>MenuItemNF.png</texturenofocus>
						<onclick>Addon.OpenSettings(service.skin.widgets)</onclick>
						<enable>System.HasAddon(service.skin.widgets)</enable>
					</control>
					<control type="image" id="122">
						<description>Separator Image</description>
						<height>2</height>
						<texture>separator2.png</texture>
					</control>
					<control type="button" id="123">
						<description>Reset Section</description>
						<width>750</width>
						<height>40</height>
						<font>font13</font>
						<label>$LOCALIZE[10041]</label>
						<textcolor>grey2</textcolor>
						<focusedcolor>white</focusedcolor>
						<texturefocus>MenuItemFO.png</texturefocus>
						<texturenofocus>MenuItemNF.png</texturenofocus>
						<onclick>ActivateWindow(2141)</onclick>
					</control>
				</control>
				<control type="scrollbar" id="61">
					<left>1060</left>
					<top>60</top>
					<width>25</width>
					<height>435</height>
					<texturesliderbackground border="0,14,0,14">ScrollBarV.png</texturesliderbackground>
					<texturesliderbar border="0,14,0,14">ScrollBarV_bar.png</texturesliderbar>
					<texturesliderbarfocus border="0,14,0,14">ScrollBarV_bar_focus.png</texturesliderbarfocus>
					<textureslidernib>ScrollBarNib.png</textureslidernib>
					<textureslidernibfocus>ScrollBarNib.png</textureslidernibfocus>
					<onleft>9001</onleft>
					<onright>9000</onright>
					<showonepage>false</showonepage>
					<orientation>vertical</orientation>
					<visible>Container(9000).Hasfocus(1)</visible>
				</control>
				<!-- Options -->
				<control type="grouplist" id="9002">
					<visible>Container(9000).Hasfocus(2)</visible>
					<left>290</left>
					<top>60</top>
					<width>750</width>
					<height>435</height>
					<itemgap>-1</itemgap>
					<pagecontrol>62</pagecontrol>
					<onleft>9000</onleft>
					<onright>62</onright>
					<onup>9002</onup>
					<ondown>9002</ondown>
					<control type="label" id="200">
						<description>Settings Home Label</description>
						<width>750</width>
						<height>45</height>
						<font>font13_title</font>
						<label>$LOCALIZE[31101]</label>
						<textcolor>blue</textcolor>
						<shadowcolor>black</shadowcolor>
						<align>left</align>
						<aligny>center</aligny>
					</control>
					<control type="radiobutton" id="201">
						<description>Enable Video Info</description>
						<width>750</width>
						<height>40</height>
						<font>font13</font>
						<textcolor>grey2</textcolor>
						<focusedcolor>white</focusedcolor>
						<label>$LOCALIZE[20176]</label>
						<onclick>Skin.ToggleSetting(HomePageVideoInfo)</onclick>
						<selected>!Skin.HasSetting(HomePageVideoInfo)</selected>
						<texturefocus>MenuItemFO.png</texturefocus>
						<texturenofocus>MenuItemNF.png</texturenofocus>
					</control>
					<control type="radiobutton" id="202">
						<description>Enable Music Info</description>
						<width>750</width>
						<height>40</height>
						<font>font13</font>
						<textcolor>grey2</textcolor>
						<focusedcolor>white</focusedcolor>
						<label>$LOCALIZE[20083]</label>
						<onclick>Skin.ToggleSetting(HomePageMusicInfo)</onclick>
						<selected>!Skin.HasSetting(HomePageMusicInfo)</selected>
						<texturefocus>MenuItemFO.png</texturefocus>
						<texturenofocus>MenuItemNF.png</texturenofocus>
					</control>
					<control type="radiobutton" id="203">
						<description>Enable FullScreen Clock</description>
						<width>750</width>
						<height>40</height>
						<font>font13</font>
						<textcolor>grey2</textcolor>
						<focusedcolor>white</focusedcolor>
						<label>$LOCALIZE[89501]</label>
						<onclick>Skin.ToggleSetting(FullScreenClock)</onclick>
						<selected>Skin.HasSetting(FullScreenClock)</selected>
						<texturefocus>MenuItemFO.png</texturefocus>
						<texturenofocus>MenuItemNF.png</texturenofocus>
					</control>
					<control type="radiobutton" id="204">
						<description>Enable SlideShow Info</description>
						<width>750</width>
						<height>40</height>
						<font>font13</font>
						<textcolor>grey2</textcolor>
						<focusedcolor>white</focusedcolor>
						<label>$LOCALIZE[89502]</label>
						<onclick>Skin.ToggleSetting(SlideShowInfo)</onclick>
						<selected>Skin.HasSetting(SlideShowInfo)</selected>
						<texturefocus>MenuItemFO.png</texturefocus>
						<texturenofocus>MenuItemNF.png</texturenofocus>
					</control>
					<control type="radiobutton" id="205">
						<description>Enable Weather Info</description>
						<width>750</width>
						<height>40</height>
						<font>font13</font>
						<textcolor>grey2</textcolor>
						<focusedcolor>white</focusedcolor>
						<label>$LOCALIZE[20084]</label>
						<onclick>Skin.ToggleSetting(HomePageWeatherInfo)</onclick>
						<selected>Skin.HasSetting(HomePageWeatherInfo)</selected>
						<texturefocus>MenuItemFO.png</texturefocus>
						<texturenofocus>MenuItemNF.png</texturenofocus>
						<visible>!String.IsEmpty(Weather.Plugin)</visible>
						<enable>Skin.HasSetting(NoLogo)</enable>
					</control>
					<control type="radiobutton" id="206">
						<description>Hide KODI logo in Home</description>
						<width>750</width>
						<height>40</height>
						<font>font13</font>
						<textcolor>grey2</textcolor>
						<focusedcolor>white</focusedcolor>
						<label>$LOCALIZE[80001]</label>
						<onclick>Skin.ToggleSetting(NoLogo)</onclick>
						<selected>!Skin.HasSetting(NoLogo)</selected>
						<texturefocus>MenuItemFO.png</texturefocus>
						<texturenofocus>MenuItemNF.png</texturenofocus>
						<enable>!Skin.HasSetting(HomePageWeatherInfo)</enable>
					</control>
					<control type="radiobutton" id="207">
						<description>No Player panel</description>
						<width>750</width>
						<height>40</height>
						<font>font13</font>
						<textcolor>grey2</textcolor>
						<focusedcolor>white</focusedcolor>
						<label>$LOCALIZE[88077]</label>
						<onclick>Skin.ToggleSetting(HidePlayerPanel)</onclick>
						<selected>!Skin.HasSetting(HidePlayerPanel)</selected>
						<texturefocus>MenuItemFO.png</texturefocus>
						<texturenofocus>MenuItemNF.png</texturenofocus>
					</control>
					<control type="radiobutton" id="208">
						<description>Enable Stats Bar</description>
						<width>750</width>
						<height>40</height>
						<font>font13</font>
						<textcolor>grey2</textcolor>
						<focusedcolor>white</focusedcolor>
						<label>$LOCALIZE[88071]</label>
						<onclick>Skin.ToggleSetting(EnableHomeStats)</onclick>
						<selected>Skin.HasSetting(EnableHomeStats)</selected>
						<texturefocus>MenuItemFO.png</texturefocus>
						<texturenofocus>MenuItemNF.png</texturenofocus>
					</control>
					<control type="radiobutton" id="209">
						<description>No Floor Button</description>
						<width>750</width>
						<height>40</height>
						<font>font13</font>
						<textcolor>grey2</textcolor>
						<focusedcolor>white</focusedcolor>
						<label>$LOCALIZE[31111] $LOCALIZE[88075]</label>
						<onclick>Skin.ToggleSetting(NoFloor)</onclick>
						<selected>Skin.HasSetting(NoFloor)</selected>
						<texturefocus>MenuItemFO.png</texturefocus>
						<texturenofocus>MenuItemNF.png</texturenofocus>
					</control>
					<control type="radiobutton" id="210">
						<description>No Floor Everywhere Button</description>
						<width>750</width>
						<height>40</height>
						<font>font13</font>
						<textcolor>grey2</textcolor>
						<focusedcolor>white</focusedcolor>
						<label>$LOCALIZE[31111] $LOCALIZE[88076]</label>
						<onclick>Skin.ToggleSetting(NoFloorAll)</onclick>
						<selected>Skin.HasSetting(NoFloorAll)</selected>
						<texturefocus>MenuItemFO.png</texturefocus>
						<texturenofocus>MenuItemNF.png</texturenofocus>
					</control>
					<control type="label" id="211">
						<description>Images Label</description>
						<width>750</width>
						<height>45</height>
						<font>font13_title</font>
						<label>$LOCALIZE[90103]</label>
						<textcolor>blue</textcolor>
						<shadowcolor>black</shadowcolor>
						<align>left</align>
						<aligny>center</aligny>
					</control>
					<control type="button" id="212">
						<description>Studios Images</description>
						<width>750</width>
						<height>40</height>
						<font>font13</font>
						<label>$LOCALIZE[90104]</label>
						<label2>$VAR[StudiosImagesName]</label2>
						<textcolor>grey2</textcolor>
						<focusedcolor>white</focusedcolor>
						<texturefocus>MenuItemFO.png</texturefocus>
						<texturenofocus>MenuItemNF.png</texturenofocus>
						<onclick condition="!System.HasAddon(script.image.resource.select)">InstallAddon(script.image.resource.select)</onclick>
						<onclick condition="System.HasAddon(script.image.resource.select)">RunScript(script.image.resource.select,property=StudiosImages&amp;type=resource.images.studios)</onclick>
					</control>
					<control type="button" id="213">
						<description>Language Flags</description>
						<width>750</width>
						<height>40</height>
						<font>font13</font>
						<label>$LOCALIZE[90105]</label>
						<label2>$VAR[LanguageFlagsName]</label2>
						<textcolor>grey2</textcolor>
						<focusedcolor>white</focusedcolor>
						<texturefocus>MenuItemFO.png</texturefocus>
						<texturenofocus>MenuItemNF.png</texturenofocus>
						<onclick condition="!System.HasAddon(script.image.resource.select)">InstallAddon(script.image.resource.select)</onclick>
						<onclick condition="System.HasAddon(script.image.resource.select)">RunScript(script.image.resource.select,property=LanguageFlags&amp;type=resource.images.languageflags)</onclick>
					</control>
					<control type="button" id="214">
						<description>Movie Genre Icons</description>
						<width>750</width>
						<height>40</height>
						<font>font13</font>
						<label>$LOCALIZE[90106]</label>
						<label2>$VAR[MovieGenreIconsName]</label2>
						<textcolor>grey2</textcolor>
						<focusedcolor>white</focusedcolor>
						<texturefocus>MenuItemFO.png</texturefocus>
						<texturenofocus>MenuItemNF.png</texturenofocus>
						<onclick condition="!System.HasAddon(script.image.resource.select)">InstallAddon(script.image.resource.select)</onclick>
						<onclick condition="System.HasAddon(script.image.resource.select)">RunScript(script.image.resource.select,property=MovieGenreIcons&amp;type=resource.images.moviegenreicons)</onclick>
					</control>
					<control type="button" id="215">
						<description>Music Genre Icons</description>
						<width>750</width>
						<height>40</height>
						<font>font13</font>
						<label>$LOCALIZE[90107]</label>
						<label2>$VAR[MusicGenreIconsName]</label2>
						<textcolor>grey2</textcolor>
						<focusedcolor>white</focusedcolor>
						<texturefocus>MenuItemFO.png</texturefocus>
						<texturenofocus>MenuItemNF.png</texturenofocus>
						<onclick condition="!System.HasAddon(script.image.resource.select)">InstallAddon(script.image.resource.select)</onclick>
						<onclick condition="System.HasAddon(script.image.resource.select)">RunScript(script.image.resource.select,property=MusicGenreIcons&amp;type=resource.images.musicgenreicons)</onclick>
					</control>
					<control type="button" id="216">
						<description>Weather Icons</description>
						<width>750</width>
						<height>40</height>
						<font>font13</font>
						<label>$LOCALIZE[80004]</label>
						<label2>$VAR[WeatherIconsName]</label2>
						<textcolor>grey2</textcolor>
						<focusedcolor>white</focusedcolor>
						<texturefocus>MenuItemFO.png</texturefocus>
						<texturenofocus>MenuItemNF.png</texturenofocus>
						<onclick condition="!System.HasAddon(script.image.resource.select)">InstallAddon(script.image.resource.select)</onclick>
						<onclick condition="System.HasAddon(script.image.resource.select)">RunScript(script.image.resource.select,property=WeatherIcons&amp;type=resource.images.weathericons)</onclick>
					</control>
					<control type="label" id="217">
						<description>Addons Label</description>
						<width>750</width>
						<height>45</height>
						<font>font13_title</font>
						<label>$LOCALIZE[31200]</label>
						<textcolor>blue</textcolor>
						<shadowcolor>black</shadowcolor>
						<align>left</align>
						<aligny>center</aligny>
					</control>
					<control type="radiobutton" id="218">
						<description>No Slide Addon</description>
						<width>750</width>
						<height>40</height>
						<font>font13</font>
						<textcolor>grey2</textcolor>
						<focusedcolor>white</focusedcolor>
						<label>$LOCALIZE[88073]</label>
						<onclick>Skin.ToggleSetting(NoSlideAddon)</onclick>
						<selected>!Skin.HasSetting(NoSlideAddon)</selected>
						<texturefocus>MenuItemFO.png</texturefocus>
						<texturenofocus>MenuItemNF.png</texturenofocus>
					</control>
					<control type="radiobutton" id="219">
						<description>No Label Addon</description>
						<width>750</width>
						<height>40</height>
						<font>font13</font>
						<textcolor>grey2</textcolor>
						<focusedcolor>white</focusedcolor>
						<label>$LOCALIZE[31111] $LOCALIZE[88074]</label>
						<onclick>Skin.ToggleSetting(NoLabelAddon)</onclick>
						<selected>Skin.HasSetting(NoLabelAddon)</selected>
						<texturefocus>MenuItemFO.png</texturefocus>
						<texturenofocus>MenuItemNF.png</texturenofocus>
					</control>
					<control type="label" id="220">
						<description>Widget Label</description>
						<width>750</width>
						<height>45</height>
						<font>font13_title</font>
						<label>$LOCALIZE[88130]</label>
						<textcolor>blue</textcolor>
						<shadowcolor>black</shadowcolor>
						<align>left</align>
						<aligny>center</aligny>
					</control>
					<control type="radiobutton" id="221">
						<description>No Widget Title</description>
						<width>750</width>
						<height>40</height>
						<font>font13</font>
						<textcolor>grey2</textcolor>
						<focusedcolor>white</focusedcolor>
						<label>$LOCALIZE[31111] $LOCALIZE[88090]</label>
						<onclick>Skin.ToggleSetting(EnableWidgetsTitle)</onclick>
						<selected>!Skin.HasSetting(EnableWidgetsTitle)</selected>
						<texturefocus>MenuItemFO.png</texturefocus>
						<texturenofocus>MenuItemNF.png</texturenofocus>
					</control>
					<control type="label" id="222">
						<description>Buttons Label</description>
						<width>750</width>
						<height>45</height>
						<font>font13_title</font>
						<label>$LOCALIZE[88089]</label>
						<textcolor>blue</textcolor>
						<shadowcolor>black</shadowcolor>
						<align>left</align>
						<aligny>center</aligny>
					</control>
					<control type="radiobutton" id="223">
						<description>Hide Reload Skin Button</description>
						<width>750</width>
						<height>40</height>
						<font>font13</font>
						<textcolor>grey</textcolor>
						<focusedcolor>white</focusedcolor>
						<label>$LOCALIZE[31111] $LOCALIZE[88080]</label>
						<onclick>Skin.ToggleSetting(HideReloadSkinButton)</onclick>
						<selected>!Skin.HasSetting(HideReloadSkinButton)</selected>
						<texturefocus>MenuItemFO.png</texturefocus>
						<texturenofocus>MenuItemNF.png</texturenofocus>
					</control>
					<control type="radiobutton" id="224">
						<description>Hide Power Button</description>
						<width>750</width>
						<height>40</height>
						<font>font13</font>
						<textcolor>grey2</textcolor>
						<focusedcolor>white</focusedcolor>
						<label>$LOCALIZE[31111] $LOCALIZE[88078]</label>
						<onclick>Skin.ToggleSetting(HidePowerButton)</onclick>
						<selected>Skin.HasSetting(HidePowerButton)</selected>
						<texturefocus>MenuItemFO.png</texturefocus>
						<texturenofocus>MenuItemNF.png</texturenofocus>
					</control>
					<control type="button" id="225">
						<description>Power Button Action</description>
						<width>750</width>
						<height>40</height>
						<font>font13</font>
						<textcolor>grey</textcolor>
						<focusedcolor>white</focusedcolor>
						<label>- $LOCALIZE[89708]</label>
						<label2>[COLOR=selected]$VAR[PowerButtonLabel][/COLOR]</label2>
						<texturefocus>MenuItemFO.png</texturefocus>
						<texturenofocus>MenuItemNF.png</texturenofocus>
						<onclick>SetProperty(UsrSelectBtn,UsrPwrBtnCmd,Home)</onclick>
						<onclick>ActivateWindow(2119)</onclick>
						<enable>!Skin.HasSetting(HidePowerButton)</enable>
					</control>
					<control type="radiobutton" id="226">
						<description>Hide Favorites Button</description>
						<width>750</width>
						<height>40</height>
						<font>font13</font>
						<textcolor>grey2</textcolor>
						<focusedcolor>white</focusedcolor>
						<label>$LOCALIZE[31111] $LOCALIZE[88079]</label>
						<onclick>Skin.ToggleSetting(HideFavoritesButton)</onclick>
						<selected>Skin.HasSetting(HideFavoritesButton)</selected>
						<texturefocus>MenuItemFO.png</texturefocus>
						<texturenofocus>MenuItemNF.png</texturenofocus>
					</control>
					<control type="button" id="227">
						<description>Favorites Button Action</description>
						<width>750</width>
						<height>40</height>
						<font>font13</font>
						<textcolor>grey</textcolor>
						<focusedcolor>white</focusedcolor>
						<label>- $LOCALIZE[89708]</label>
						<label2>[COLOR=selected]$VAR[FavoritesButtonLabel][/COLOR]</label2>
						<texturefocus>MenuItemFO.png</texturefocus>
						<texturenofocus>MenuItemNF.png</texturenofocus>
						<onclick>SetProperty(UsrSelectBtn,UsrFavBtnCmd,Home)</onclick>
						<onclick>ActivateWindow(2119)</onclick>
						<enable>!Skin.HasSetting(HideFavoritesButton)</enable>
					</control>
					<control type="label" id="228">
						<description>Debug Label</description>
						<width>750</width>
						<height>45</height>
						<font>font13_title</font>
						<label>$LOCALIZE[88118]</label>
						<textcolor>blue</textcolor>
						<shadowcolor>black</shadowcolor>
						<align>left</align>
						<aligny>center</aligny>
					</control>
					<control type="radiobutton" id="229">
						<description>Enable Skin Debug</description>
						<width>750</width>
						<height>40</height>
						<font>font13</font>
						<textcolor>grey2</textcolor>
						<focusedcolor>white</focusedcolor>
						<label>$LOCALIZE[88119]</label>
						<onclick>Skin.ToggleSetting(EnableSkinDebug)</onclick>
						<selected>Skin.HasSetting(EnableSkinDebug)</selected>
						<onclick>Skin.ToggleDebug</onclick>
						<texturefocus>MenuItemFO.png</texturefocus>
						<texturenofocus>MenuItemNF.png</texturenofocus>
					</control>
					<control type="image" id="230">
						<description>Separator Image</description>
						<height>2</height>
						<texture>separator2.png</texture>
					</control>
					<control type="button" id="231">
						<description>Reset Section</description>
						<width>750</width>
						<height>40</height>
						<font>font13</font>
						<label>$LOCALIZE[10041]</label>
						<textcolor>grey2</textcolor>
						<focusedcolor>white</focusedcolor>
						<texturefocus>MenuItemFO.png</texturefocus>
						<texturenofocus>MenuItemNF.png</texturenofocus>
						<onclick>ActivateWindow(2142)</onclick>
					</control>
				</control>
				<control type="scrollbar" id="62">
					<left>1060</left>
					<top>60</top>
					<width>25</width>
					<height>435</height>
					<texturesliderbackground border="0,14,0,14">ScrollBarV.png</texturesliderbackground>
					<texturesliderbar border="0,14,0,14">ScrollBarV_bar.png</texturesliderbar>
					<texturesliderbarfocus border="0,14,0,14">ScrollBarV_bar_focus.png</texturesliderbarfocus>
					<textureslidernib>ScrollBarNib.png</textureslidernib>
					<textureslidernibfocus>ScrollBarNib.png</textureslidernibfocus>
					<onleft>9002</onleft>
					<onright>9000</onright>
					<showonepage>false</showonepage>
					<orientation>vertical</orientation>
					<visible>Container(9000).Hasfocus(2)</visible>
				</control>
				<!-- Main menu -->
				<control type="grouplist" id="9003">
					<visible>Container(9000).Hasfocus(3)</visible>
					<left>290</left>
					<top>60</top>
					<width>750</width>
					<height>435</height>
					<itemgap>-1</itemgap>
					<pagecontrol>63</pagecontrol>
					<onleft>9000</onleft>
					<onright>63</onright>
					<onup>9003</onup>
					<ondown>9003</ondown>
					<control type="label" id="300">
						<description>Main Menu Label</description>
						<width>750</width>
						<height>45</height>
						<font>font13_title</font>
						<label>$LOCALIZE[513]</label>
						<textcolor>blue</textcolor>
						<shadowcolor>black</shadowcolor>
						<align>left</align>
						<aligny>center</aligny>
					</control>
					<control type="button" id="301">
						<description>Manage Main Menu</description>
						<width>750</width>
						<height>40</height>
						<font>font13</font>
						<label>$LOCALIZE[90070]</label>
						<textcolor>grey2</textcolor>
						<focusedcolor>white</focusedcolor>
						<texturefocus>MenuItemFO.png</texturefocus>
						<texturenofocus>MenuItemNF.png</texturenofocus>
						<onclick>ActivateWindow(2123)</onclick>
					</control>
					<control type="image" id="302">
						<description>Separator Image</description>
						<height>2</height>
						<texture>separator2.png</texture>
					</control>
					<control type="button" id="303">
						<description>Reset All Menu</description>
						<width>750</width>
						<height>40</height>
						<font>font13</font>
						<label>$LOCALIZE[90071]</label>
						<textcolor>grey2</textcolor>
						<focusedcolor>white</focusedcolor>
						<texturefocus>MenuItemFO.png</texturefocus>
						<texturenofocus>MenuItemNF.png</texturenofocus>
						<onclick>ActivateWindow(2150)</onclick>
					</control>
					<control type="image" id="304">
						<description>Separator Image</description>
						<height>2</height>
						<texture>separator2.png</texture>
					</control>
					<control type="label" id="305">
						<description>Options Label</description>
						<width>750</width>
						<height>45</height>
						<font>font13_title</font>
						<label>$LOCALIZE[31101]</label>
						<textcolor>blue</textcolor>
						<shadowcolor>black</shadowcolor>
						<align>left</align>
						<aligny>center</aligny>
					</control>
					<control type="radiobutton" id="306">
						<description>Lower Menu Button</description>
						<width>750</width>
						<height>40</height>
						<font>font13</font>
						<textcolor>grey2</textcolor>
						<focusedcolor>white</focusedcolor>
						<label>$LOCALIZE[13333]</label>
						<texturefocus>MenuItemFO.png</texturefocus>
						<texturenofocus>MenuItemNF.png</texturenofocus>
						<onclick>Skin.ToggleSetting(LowerMenu)</onclick>
						<selected>Skin.HasSetting(LowerMenu)</selected>
					</control>
					<control type="radiobutton" id="307">
						<description>Enable Wrap Around Menu</description>
						<width>750</width>
						<height>40</height>
						<font>font13</font>
						<textcolor>grey2</textcolor>
						<focusedcolor>white</focusedcolor>
						<label>$LOCALIZE[88086]</label>
						<texturefocus>MenuItemFO.png</texturefocus>
						<texturenofocus>MenuItemNF.png</texturenofocus>
						<onclick>Skin.ToggleSetting(WrapAroundHomeMenu)</onclick>
						<onclick>Skin.Reset(FixedEndingMenu)</onclick>
						<selected>Skin.HasSetting(WrapAroundHomeMenu)</selected>
					</control>
					<control type="radiobutton" id="308">
						<description>Enable Fixed Ends Menu</description>
						<width>750</width>
						<height>40</height>
						<font>font13</font>
						<textcolor>grey2</textcolor>
						<focusedcolor>white</focusedcolor>
						<label>$LOCALIZE[88087]</label>
						<texturefocus>MenuItemFO.png</texturefocus>
						<texturenofocus>MenuItemNF.png</texturenofocus>
						<onclick>Skin.ToggleSetting(FixedEndingMenu)</onclick>
						<selected>!Skin.HasSetting(FixedEndingMenu)</selected>
						<enable>!Skin.HasSetting(WrapAroundHomeMenu)</enable>
					</control>
					<control type="radiobutton" id="309">
						<description>No Slide SubMenu</description>
						<width>750</width>
						<height>40</height>
						<font>font13</font>
						<textcolor>grey2</textcolor>
						<focusedcolor>white</focusedcolor>
						<label>$LOCALIZE[88072]</label>
						<texturefocus>MenuItemFO.png</texturefocus>
						<texturenofocus>MenuItemNF.png</texturenofocus>
						<onclick>Skin.ToggleSetting(NoSlide)</onclick>
						<selected>!Skin.HasSetting(NoSlide)</selected>
					</control>
					<control type="button" id="310">
						<description>Menu Color</description>
						<width>750</width>
						<height>40</height>
						<font>font13</font>
						<textcolor>grey2</textcolor>
						<focusedcolor>white</focusedcolor>
						<label>$LOCALIZE[88081]</label>
						<label2>$VAR[MenuColorName]</label2>
						<texturefocus>MenuItemFO.png</texturefocus>
						<texturenofocus>MenuItemNF.png</texturenofocus>
						<onclick>ActivateWindow(2210)</onclick>
					</control>
					<control type="button" id="311">
						<description>Startup Focus Control</description>
						<width>750</width>
						<height>40</height>
						<font>font13</font>
						<textcolor>grey2</textcolor>
						<focusedcolor>white</focusedcolor>
						<label>$LOCALIZE[88082]</label>
						<label2>$VAR[MenuFocusName]</label2>
						<texturefocus>MenuItemFO.png</texturefocus>
						<texturenofocus>MenuItemNF.png</texturenofocus>
						<onclick>ActivateWindow(2211)</onclick>
					</control>
					<control type="image" id="312">
						<description>Separator Image</description>
						<height>2</height>
						<texture>separator2.png</texture>
					</control>
					<control type="button" id="313">
						<description>Reset Section</description>
						<width>750</width>
						<height>40</height>
						<font>font13</font>
						<label>$LOCALIZE[10041]</label>
						<textcolor>grey2</textcolor>
						<focusedcolor>white</focusedcolor>
						<texturefocus>MenuItemFO.png</texturefocus>
						<texturenofocus>MenuItemNF.png</texturenofocus>
						<onclick>ActivateWindow(2143)</onclick>
					</control>
				</control>
				<control type="scrollbar" id="63">
					<left>1060</left>
					<top>60</top>
					<width>25</width>
					<height>435</height>
					<texturesliderbackground border="0,14,0,14">ScrollBarV.png</texturesliderbackground>
					<texturesliderbar border="0,14,0,14">ScrollBarV_bar.png</texturesliderbar>
					<texturesliderbarfocus border="0,14,0,14">ScrollBarV_bar_focus.png</texturesliderbarfocus>
					<textureslidernib>ScrollBarNib.png</textureslidernib>
					<textureslidernibfocus>ScrollBarNib.png</textureslidernibfocus>
					<onleft>9003</onleft>
					<onright>9000</onright>
					<showonepage>false</showonepage>
					<orientation>vertical</orientation>
					<visible>Container(9000).Hasfocus(3)</visible>
				</control>
				<!-- Widgets -->
				<control type="grouplist" id="9004">
					<visible>Container(9000).Hasfocus(4)</visible>
					<left>290</left>
					<top>60</top>
					<width>750</width>
					<height>435</height>
					<itemgap>-1</itemgap>
					<pagecontrol>64</pagecontrol>
					<onleft>9000</onleft>
					<onright>64</onright>
					<onup>9004</onup>
					<ondown>9004</ondown>
					<include content="HomeMainWidgetsItemSettings">
						<param name="id1" value="41" />
						<param name="title" value="$LOCALIZE[88136]" />
						<param name="setchannelstype" value="TV" />
						<param name="type" value="0" />
					</include>
					<include content="HomeMainWidgetsItemSettings">
						<param name="id1" value="42" />
						<param name="title" value="$LOCALIZE[88137]" />
						<param name="setchannelstype" value="Radio" />
						<param name="type" value="1" />
					</include>
					<control type="image" id="4301">
						<description>Separator Image</description>
						<height>2</height>
						<texture>separator2.png</texture>
					</control>
					<control type="button" id="4302">
						<description>Reset Section</description>
						<width>750</width>
						<height>40</height>
						<font>font13</font>
						<label>$LOCALIZE[10041]</label>
						<textcolor>grey2</textcolor>
						<focusedcolor>white</focusedcolor>
						<texturefocus>MenuItemFO.png</texturefocus>
						<texturenofocus>MenuItemNF.png</texturenofocus>
						<onclick>ActivateWindow(2124)</onclick>
					</control>
				</control>
				<control type="scrollbar" id="64">
					<left>1060</left>
					<top>60</top>
					<width>25</width>
					<height>435</height>
					<texturesliderbackground border="0,14,0,14">ScrollBarV.png</texturesliderbackground>
					<texturesliderbar border="0,14,0,14">ScrollBarV_bar.png</texturesliderbar>
					<texturesliderbarfocus border="0,14,0,14">ScrollBarV_bar_focus.png</texturesliderbarfocus>
					<textureslidernib>ScrollBarNib.png</textureslidernib>
					<textureslidernibfocus>ScrollBarNib.png</textureslidernibfocus>
					<onleft>9004</onleft>
					<onright>9000</onright>
					<showonepage>false</showonepage>
					<orientation>vertical</orientation>
					<visible>Container(9000).Hasfocus(4)</visible>
				</control>
				<!-- Background -->
				<control type="grouplist" id="9005">
					<visible>Container(9000).Hasfocus(5)</visible>
					<left>290</left>
					<top>60</top>
					<width>750</width>
					<height>435</height>
					<itemgap>-1</itemgap>
					<pagecontrol>65</pagecontrol>
					<onleft>9000</onleft>
					<onright>65</onright>
					<onup>9005</onup>
					<ondown>9005</ondown>
					<control type="label" id="500">
						<description>Options Label</description>
						<width>750</width>
						<height>45</height>
						<font>font13_title</font>
						<label>$LOCALIZE[31106]</label>
						<textcolor>blue</textcolor>
						<shadowcolor>black</shadowcolor>
						<align>left</align>
						<aligny>center</aligny>
					</control>
					<control type="radiobutton" id="501">
						<description>Hide Background Fanart</description>
						<width>750</width>
						<height>40</height>
						<font>font13</font>
						<label>$LOCALIZE[31119]</label>
						<textcolor>grey2</textcolor>
						<focusedcolor>white</focusedcolor>
						<texturefocus>MenuItemFO.png</texturefocus>
						<texturenofocus>MenuItemNF.png</texturenofocus>
						<onclick>Skin.ToggleSetting(HideBackGroundFanart)</onclick>
						<selected>Skin.HasSetting(HideBackGroundFanart)</selected>
					</control>
					<control type="radiobutton" id="502">
						<description>Hide Visualization Fanart</description>
						<width>750</width>
						<height>40</height>
						<font>font13</font>
						<label>$LOCALIZE[31129]</label>
						<textcolor>grey2</textcolor>
						<focusedcolor>white</focusedcolor>
						<texturefocus>MenuItemFO.png</texturefocus>
						<texturenofocus>MenuItemNF.png</texturenofocus>
						<onclick>Skin.ToggleSetting(HideVisualizationFanart)</onclick>
						<selected>Skin.HasSetting(HideVisualizationFanart)</selected>
					</control>
					<control type="radiobutton" id="503">
						<description>Show Background Video</description>
						<width>750</width>
						<height>40</height>
						<font>font13</font>
						<label>$LOCALIZE[31124]</label>
						<textcolor>grey2</textcolor>
						<focusedcolor>white</focusedcolor>
						<texturefocus>MenuItemFO.png</texturefocus>
						<texturenofocus>MenuItemNF.png</texturenofocus>
						<onclick>Skin.ToggleSetting(ShowBackgroundVideo)</onclick>
						<selected>!Skin.HasSetting(ShowBackgroundVideo)</selected>
					</control>
					<control type="radiobutton" id="504">
						<description>Show Background Visualization</description>
						<width>750</width>
						<height>40</height>
						<font>font13</font>
						<label>$LOCALIZE[31125]</label>
						<textcolor>grey2</textcolor>
						<focusedcolor>white</focusedcolor>
						<texturefocus>MenuItemFO.png</texturefocus>
						<texturenofocus>MenuItemNF.png</texturenofocus>
						<onclick>Skin.ToggleSetting(ShowBackgroundVis)</onclick>
						<selected>!Skin.HasSetting(ShowBackgroundVis)</selected>
					</control>
					<control type="label" id="505">
						<description>Background Label</description>
						<width>750</width>
						<height>45</height>
						<font>font13_title</font>
						<label>$LOCALIZE[31102]</label>
						<textcolor>blue</textcolor>
						<shadowcolor>black</shadowcolor>
						<align>left</align>
						<aligny>center</aligny>
					</control>
					<control type="button" id="506">
						<description>Audio Background</description>
						<width>750</width>
						<height>40</height>
						<font>font13</font>
						<label>$LOCALIZE[90108]</label>
						<label2>$VAR[BackgroundAudioName]</label2>
						<textcolor>grey2</textcolor>
						<focusedcolor>white</focusedcolor>
						<texturefocus>MenuItemFO.png</texturefocus>
						<texturenofocus>MenuItemNF.png</texturenofocus>
						<onclick>SetProperty(setbackgrounds,AudioBackground,home)</onclick>
						<onclick>ActivateWindow(1202)</onclick>
						<enable>Skin.HasSetting(SeparateBackground)</enable>
					</control>
					<control type="button" id="507">
						<description>Home Fanart</description>
						<width>750</width>
						<height>40</height>
						<font>font13</font>
						<label>$LOCALIZE[80003]</label>
						<label2>$VAR[HomeFanartName]</label2>
						<textcolor>grey2</textcolor>
						<focusedcolor>white</focusedcolor>
						<texturefocus>MenuItemFO.png</texturefocus>
						<texturenofocus>MenuItemNF.png</texturenofocus>
						<onclick condition="!System.HasAddon(script.image.resource.select)">InstallAddon(script.image.resource.select)</onclick>
						<onclick condition="System.HasAddon(script.image.resource.select)">RunScript(script.image.resource.select,property=HomeFanart&amp;type=resource.images.skinbackgrounds)</onclick>
						<enable>Skin.HasSetting(SeparateBackground)</enable>
					</control>
					<control type="button" id="508">
						<description>MovieGenre Fanart</description>
						<width>750</width>
						<height>40</height>
						<font>font13</font>
						<label>$LOCALIZE[80006]</label>
						<label2>$VAR[MovieGenreFanartName]</label2>
						<textcolor>grey2</textcolor>
						<focusedcolor>white</focusedcolor>
						<texturefocus>MenuItemFO.png</texturefocus>
						<texturenofocus>MenuItemNF.png</texturenofocus>
						<onclick condition="!System.HasAddon(script.image.resource.select)">InstallAddon(script.image.resource.select)</onclick>
						<onclick condition="System.HasAddon(script.image.resource.select)">RunScript(script.image.resource.select,property=MovieGenreFanart&amp;type=resource.images.moviegenrefanart)</onclick>
					</control>
					<control type="button" id="509">
						<description>Weather Fanart</description>
						<width>750</width>
						<height>40</height>
						<font>font13</font>
						<label>$LOCALIZE[80002]</label>
						<label2>$VAR[WeatherFanartName]</label2>
						<textcolor>grey2</textcolor>
						<focusedcolor>white</focusedcolor>
						<texturefocus>MenuItemFO.png</texturefocus>
						<texturenofocus>MenuItemNF.png</texturenofocus>
						<onclick condition="!System.HasAddon(script.image.resource.select)">InstallAddon(script.image.resource.select)</onclick>
						<onclick condition="System.HasAddon(script.image.resource.select)">RunScript(script.image.resource.select,property=WeatherFanart&amp;type=resource.images.weatherfanart)</onclick>
					</control>
					<control type="radiobutton" id="510">
						<description>Separate Backgrounds</description>
						<width>750</width>
						<height>40</height>
						<font>font13</font>
						<label>$LOCALIZE[89709]</label>
						<textcolor>grey2</textcolor>
						<focusedcolor>white</focusedcolor>
						<texturefocus>MenuItemFO.png</texturefocus>
						<texturenofocus>MenuItemNF.png</texturenofocus>
						<onclick>Skin.ToggleSetting(SeparateBackground)</onclick>
						<selected>Skin.HasSetting(SeparateBackground)</selected>
						<enable>!Skin.HasSetting(UseCustomBackground)</enable>
					</control>
					<control type="radiobutton" id="511">
						<description>Use Custom Background</description>
						<width>750</width>
						<height>40</height>
						<font>font13</font>
						<label>$LOCALIZE[31109]</label>
						<textcolor>grey2</textcolor>
						<focusedcolor>white</focusedcolor>
						<texturefocus>MenuItemFO.png</texturefocus>
						<texturenofocus>MenuItemNF.png</texturenofocus>
						<onclick>Skin.ToggleSetting(UseCustomBackground)</onclick>
						<selected>Skin.HasSetting(UseCustomBackground)</selected>
						<enable>!Skin.HasSetting(SeparateBackground)</enable>
					</control>
					<control type="button" id="512">
						<description>Custom Background Path</description>
						<width>750</width>
						<height>40</height>
						<font>font13</font>
						<label>- $LOCALIZE[31110]</label>
						<label2>[COLOR=selected]$INFO[Skin.String(CustomBackgroundPath)][/COLOR]</label2>
						<textcolor>grey2</textcolor>
						<focusedcolor>white</focusedcolor>
						<texturefocus>MenuItemFO.png</texturefocus>
						<texturenofocus>MenuItemNF.png</texturenofocus>
						<onclick>Skin.SetImage(CustomBackgroundPath)</onclick>
						<enable>Skin.HasSetting(UseCustomBackground)</enable>
					</control>
					<control type="image" id="513">
						<description>Separator Image</description>
						<height>2</height>
						<texture>separator2.png</texture>
					</control>
					<control type="button" id="514">
						<description>Reset Section</description>
						<width>750</width>
						<height>40</height>
						<font>font13</font>
						<label>$LOCALIZE[10041]</label>
						<textcolor>grey2</textcolor>
						<focusedcolor>white</focusedcolor>
						<texturefocus>MenuItemFO.png</texturefocus>
						<texturenofocus>MenuItemNF.png</texturenofocus>
						<onclick>ActivateWindow(2145)</onclick>
					</control>
				</control>
				<control type="scrollbar" id="65">
					<left>1060</left>
					<top>60</top>
					<width>25</width>
					<height>435</height>
					<texturesliderbackground border="0,14,0,14">ScrollBarV.png</texturesliderbackground>
					<texturesliderbar border="0,14,0,14">ScrollBarV_bar.png</texturesliderbar>
					<texturesliderbarfocus border="0,14,0,14">ScrollBarV_bar_focus.png</texturesliderbarfocus>
					<textureslidernib>ScrollBarNib.png</textureslidernib>
					<textureslidernibfocus>ScrollBarNib.png</textureslidernibfocus>
					<onleft>9005</onleft>
					<onright>9000</onright>
					<showonepage>false</showonepage>
					<orientation>vertical</orientation>
					<visible>Container(9000).Hasfocus(5)</visible>
				</control>
				<!-- Background Adv -->
				<control type="group">
					<left>290</left>
					<top>60</top>
					<visible>Container(9000).Hasfocus(6)</visible>
					<control type="label">
						<description>Background Label</description>
						<left>0</left>
						<top>0</top>
						<width>680</width>
						<height>45</height>
						<font>font13_title</font>
						<label>$LOCALIZE[89710]</label>
						<textcolor>blue</textcolor>
						<shadowcolor>black</shadowcolor>
						<align>left</align>
						<aligny>center</aligny>
					</control>
					<control type="button" id="600">
						<description>Home Fanart</description>
						<left>0</left>
						<top>45</top>
						<width>750</width>
						<height>40</height>
						<font>font13</font>
						<onleft>9000</onleft>
						<onright>601</onright>
						<onup>604</onup>
						<ondown>601</ondown>
						<label>$LOCALIZE[31131]</label>
						<label2>$VAR[HomeFanartName]</label2>
						<textcolor>grey2</textcolor>
						<focusedcolor>white</focusedcolor>
						<texturefocus>MenuItemFO.png</texturefocus>
						<texturenofocus>MenuItemNF.png</texturenofocus>
						<onclick condition="!System.HasAddon(script.image.resource.select)">InstallAddon(script.image.resource.select)</onclick>
						<onclick condition="System.HasAddon(script.image.resource.select)">RunScript(script.image.resource.select,property=HomeFanart&amp;type=resource.images.skinbackgrounds)</onclick>
						<enable>Skin.HasSetting(SeparateBackground)</enable>
					</control>
					<control type="button" id="601">
						<description>Menu Item Next Button</description>
						<left>670</left>
						<top>93</top>
						<width>33</width>
						<height>22</height>
						<label/>
						<font/>
						<texturenofocus>scroll-down-2.png</texturenofocus>
						<texturefocus>scroll-down-focus-2.png</texturefocus>
						<onclick>Control.Move(603,1)</onclick>
						<onleft>9000</onleft>
						<onright>602</onright>
						<onup>600</onup>
						<ondown>604</ondown>
					</control>
					<control type="button" id="602">
						<description>Menu Item Prev Button</description>
						<left>703</left>
						<top>93</top>
						<width>33</width>
						<height>22</height>
						<label/>
						<font/>
						<texturenofocus>scroll-up-2.png</texturenofocus>
						<texturefocus>scroll-up-focus-2.png</texturefocus>
						<onclick>Control.Move(603,-1)</onclick>
						<onleft>601</onleft>
						<onright>9000</onright>
						<onup>600</onup>
						<ondown>604</ondown>
					</control>
					<control type="list" id="603">
						<hitrect x="0" y="0" w="0" h="0" />
						<left>0</left>
						<top>85</top>
						<width>750</width>
						<height>40</height>
						<onleft>9000</onleft>
						<onright>604</onright>
						<onup>602</onup>
						<ondown>600</ondown>
						<pagecontrol/>
						<scrolltime>0</scrolltime>
						<itemlayout height="1" width="750">
						</itemlayout>
						<focusedlayout height="40" width="750">
							<control type="image">
								<left>0</left>
								<top>0</top>
								<width>750</width>
								<height>40</height>
								<texture>MenuItemNF.png</texture>
								<visible>![Control.HasFocus(601) | Control.HasFocus(602)]</visible>
							</control>
							<control type="image">
								<left>0</left>
								<top>0</top>
								<width>750</width>
								<height>40</height>
								<texture>MenuItemFO.png</texture>
								<visible>[Control.HasFocus(601) | Control.HasFocus(602)]</visible>
							</control>
							<control type="label">
								<left>10</left>
								<top>0</top>
								<width>600</width>
								<height>40</height>
								<font>font13</font>
								<textcolor>grey2</textcolor>
								<align>left</align>
								<aligny>center</aligny>
								<label>$LOCALIZE[31110]</label>
								<visible>![Control.HasFocus(601) | Control.HasFocus(602)]</visible>
							</control>
							<control type="label">
								<left>10</left>
								<top>0</top>
								<width>600</width>
								<height>40</height>
								<font>font13</font>
								<textcolor>white</textcolor>
								<align>left</align>
								<aligny>center</aligny>
								<label>$LOCALIZE[31110]</label>
								<visible>[Control.HasFocus(601) | Control.HasFocus(602)]</visible>
							</control>
							<control type="label">
								<left>20</left>
								<top>0</top>
								<width>640</width>
								<height>40</height>
								<font>font13</font>
								<textcolor>grey2</textcolor>
								<align>right</align>
								<aligny>center</aligny>
								<label>$INFO[ListItem.Label]</label>
								<visible>![Control.HasFocus(601) | Control.HasFocus(602)]</visible>
							</control>
							<control type="label">
								<left>20</left>
								<top>0</top>
								<width>640</width>
								<height>40</height>
								<font>font13</font>
								<textcolor>white</textcolor>
								<align>right</align>
								<aligny>center</aligny>
								<label>$INFO[ListItem.Label]</label>
								<visible>[Control.HasFocus(601) | Control.HasFocus(602)]</visible>
							</control>
						</focusedlayout>
						<content>
							<item id="1">
								<label>$INFO[Skin.String(HomeItem.1.Label)]</label>
								<label2>HomeItem.1.CBackground</label2>
								<onclick>-</onclick>
								<icon>$INFO[Skin.String(HomeItem.1.DBackground)]</icon>
								<thumb>$INFO[Skin.String(HomeItem.1.CBackground)]</thumb>
								<property name="BackgroundsSetImage">$INFO[Skin.String(HomeFanart.path)]$INFO[Skin.String(HomeItem.1.Type)]$INFO[Skin.String(HomeFanart.ext)]</property>
								<visible>!String.IsEmpty(Skin.String(HomeItem.1.Path))</visible>
							</item>
							<item id="2">
								<label>$INFO[Skin.String(HomeItem.2.Label)]</label>
								<label2>HomeItem.2.CBackground</label2>
								<onclick>-</onclick>
								<icon>$INFO[Skin.String(HomeItem.2.DBackground)]</icon>
								<thumb>$INFO[Skin.String(HomeItem.2.CBackground)]</thumb>
								<property name="BackgroundsSetImage">$INFO[Skin.String(HomeFanart.path)]$INFO[Skin.String(HomeItem.2.Type)]$INFO[Skin.String(HomeFanart.ext)]</property>
								<visible>!String.IsEmpty(Skin.String(HomeItem.2.Path))</visible>
							</item>
							<item id="3">
								<label>$INFO[Skin.String(HomeItem.3.Label)]</label>
								<label2>HomeItem.3.CBackground</label2>
								<onclick>-</onclick>
								<icon>$INFO[Skin.String(HomeItem.3.DBackground)]</icon>
								<thumb>$INFO[Skin.String(HomeItem.3.CBackground)]</thumb>
								<property name="BackgroundsSetImage">$INFO[Skin.String(HomeFanart.path)]$INFO[Skin.String(HomeItem.3.Type)]$INFO[Skin.String(HomeFanart.ext)]</property>
								<visible>!String.IsEmpty(Skin.String(HomeItem.3.Path))</visible>
							</item>
							<item id="4">
								<label>$INFO[Skin.String(HomeItem.4.Label)]</label>
								<label2>HomeItem.4.CBackground</label2>
								<onclick>-</onclick>
								<icon>$INFO[Skin.String(HomeItem.4.DBackground)]</icon>
								<thumb>$INFO[Skin.String(HomeItem.4.CBackground)]</thumb>
								<property name="BackgroundsSetImage">$INFO[Skin.String(HomeFanart.path)]$INFO[Skin.String(HomeItem.4.Type)]$INFO[Skin.String(HomeFanart.ext)]</property>
								<visible>!String.IsEmpty(Skin.String(HomeItem.4.Path))</visible>
							</item>
							<item id="5">
								<label>$INFO[Skin.String(HomeItem.5.Label)]</label>
								<label2>HomeItem.5.CBackground</label2>
								<onclick>-</onclick>
								<icon>$INFO[Skin.String(HomeItem.5.DBackground)]</icon>
								<thumb>$INFO[Skin.String(HomeItem.5.CBackground)]</thumb>
								<property name="BackgroundsSetImage">$INFO[Skin.String(HomeFanart.path)]$INFO[Skin.String(HomeItem.5.Type)]$INFO[Skin.String(HomeFanart.ext)]</property>
								<visible>!String.IsEmpty(Skin.String(HomeItem.5.Path))</visible>
							</item>
							<item id="6">
								<label>$INFO[Skin.String(HomeItem.6.Label)]</label>
								<label2>HomeItem.6.CBackground</label2>
								<onclick>-</onclick>
								<icon>$INFO[Skin.String(HomeItem.6.DBackground)]</icon>
								<thumb>$INFO[Skin.String(HomeItem.6.CBackground)]</thumb>
								<property name="BackgroundsSetImage">$INFO[Skin.String(HomeFanart.path)]$INFO[Skin.String(HomeItem.6.Type)]$INFO[Skin.String(HomeFanart.ext)]</property>
								<visible>!String.IsEmpty(Skin.String(HomeItem.6.Path))</visible>
							</item>
							<item id="7">
								<label>$INFO[Skin.String(HomeItem.7.Label)]</label>
								<label2>HomeItem.7.CBackground</label2>
								<onclick>-</onclick>
								<icon>$INFO[Skin.String(HomeItem.7.DBackground)]</icon>
								<thumb>$INFO[Skin.String(HomeItem.7.CBackground)]</thumb>
								<property name="BackgroundsSetImage">$INFO[Skin.String(HomeFanart.path)]$INFO[Skin.String(HomeItem.7.Type)]$INFO[Skin.String(HomeFanart.ext)]</property>
								<visible>!String.IsEmpty(Skin.String(HomeItem.7.Path))</visible>
							</item>
							<item id="8">
								<label>$INFO[Skin.String(HomeItem.8.Label)]</label>
								<label2>HomeItem.8.CBackground</label2>
								<onclick>-</onclick>
								<icon>$INFO[Skin.String(HomeItem.8.DBackground)]</icon>
								<thumb>$INFO[Skin.String(HomeItem.8.CBackground)]</thumb>
								<property name="BackgroundsSetImage">$INFO[Skin.String(HomeFanart.path)]$INFO[Skin.String(HomeItem.8.Type)]$INFO[Skin.String(HomeFanart.ext)]</property>
								<visible>!String.IsEmpty(Skin.String(HomeItem.8.Path))</visible>
							</item>
							<item id="9">
								<label>$INFO[Skin.String(HomeItem.9.Label)]</label>
								<label2>HomeItem.9.CBackground</label2>
								<onclick>-</onclick>
								<icon>$INFO[Skin.String(HomeItem.9.DBackground)]</icon>
								<thumb>$INFO[Skin.String(HomeItem.9.CBackground)]</thumb>
								<property name="BackgroundsSetImage">$INFO[Skin.String(HomeFanart.path)]$INFO[Skin.String(HomeItem.9.Type)]$INFO[Skin.String(HomeFanart.ext)]</property>
								<visible>!String.IsEmpty(Skin.String(HomeItem.9.Path))</visible>
							</item>
							<item id="10">
								<label>$INFO[Skin.String(HomeItem.10.Label)]</label>
								<label2>HomeItem.10.CBackground</label2>
								<onclick>-</onclick>
								<icon>$INFO[Skin.String(HomeItem.10.DBackground)]</icon>
								<thumb>$INFO[Skin.String(HomeItem.10.CBackground)]</thumb>
								<property name="BackgroundsSetImage">$INFO[Skin.String(HomeFanart.path)]$INFO[Skin.String(HomeItem.10.Type)]$INFO[Skin.String(HomeFanart.ext)]</property>
								<visible>!String.IsEmpty(Skin.String(HomeItem.10.Path))</visible>
							</item>
							<item id="11">
								<label>$INFO[Skin.String(HomeItem.11.Label)]</label>
								<label2>HomeItem.11.CBackground</label2>
								<onclick>-</onclick>
								<icon>$INFO[Skin.String(HomeItem.11.DBackground)]</icon>
								<thumb>$INFO[Skin.String(HomeItem.11.CBackground)]</thumb>
								<property name="BackgroundsSetImage">$INFO[Skin.String(HomeFanart.path)]$INFO[Skin.String(HomeItem.11.Type)]$INFO[Skin.String(HomeFanart.ext)]</property>
								<visible>!String.IsEmpty(Skin.String(HomeItem.11.Path))</visible>
							</item>
							<item id="12">
								<label>$INFO[Skin.String(HomeItem.12.Label)]</label>
								<label2>HomeItem.12.CBackground</label2>
								<onclick>-</onclick>
								<icon>$INFO[Skin.String(HomeItem.12.DBackground)]</icon>
								<thumb>$INFO[Skin.String(HomeItem.12.CBackground)]</thumb>
								<property name="BackgroundsSetImage">$INFO[Skin.String(HomeFanart.path)]$INFO[Skin.String(HomeItem.12.Type)]$INFO[Skin.String(HomeFanart.ext)]</property>
								<visible>!String.IsEmpty(Skin.String(HomeItem.12.Path))</visible>
							</item>
							<item id="13">
								<label>$INFO[Skin.String(HomeItem.13.Label)]</label>
								<label2>HomeItem.13.CBackground</label2>
								<onclick>-</onclick>
								<icon>$INFO[Skin.String(HomeItem.13.DBackground)]</icon>
								<thumb>$INFO[Skin.String(HomeItem.13.CBackground)]</thumb>
								<property name="BackgroundsSetImage">$INFO[Skin.String(HomeFanart.path)]$INFO[Skin.String(HomeItem.13.Type)]$INFO[Skin.String(HomeFanart.ext)]</property>
								<visible>!String.IsEmpty(Skin.String(HomeItem.13.Path))</visible>
							</item>
							<item id="14">
								<label>$INFO[Skin.String(HomeItem.14.Label)]</label>
								<label2>HomeItem.14.CBackground</label2>
								<onclick>-</onclick>
								<icon>$INFO[Skin.String(HomeItem.14.DBackground)]</icon>
								<thumb>$INFO[Skin.String(HomeItem.14.CBackground)]</thumb>
								<property name="BackgroundsSetImage">$INFO[Skin.String(HomeFanart.path)]$INFO[Skin.String(HomeItem.14.Type)]$INFO[Skin.String(HomeFanart.ext)]</property>
								<visible>!String.IsEmpty(Skin.String(HomeItem.14.Path))</visible>
							</item>
							<item id="15">
								<label>$INFO[Skin.String(HomeItem.15.Label)]</label>
								<label2>HomeItem.15.CBackground</label2>
								<onclick>-</onclick>
								<icon>$INFO[Skin.String(HomeItem.15.DBackground)]</icon>
								<thumb>$INFO[Skin.String(HomeItem.15.CBackground)]</thumb>
								<property name="BackgroundsSetImage">$INFO[Skin.String(HomeFanart.path)]$INFO[Skin.String(HomeItem.15.Type)]$INFO[Skin.String(HomeFanart.ext)]</property>
								<visible>!String.IsEmpty(Skin.String(HomeItem.15.Path))</visible>
							</item>
							<item id="16">
								<label>$INFO[Skin.String(HomeItem.16.Label)]</label>
								<label2>HomeItem.16.CBackground</label2>
								<onclick>-</onclick>
								<icon>$INFO[Skin.String(HomeItem.16.DBackground)]</icon>
								<thumb>$INFO[Skin.String(HomeItem.16.CBackground)]</thumb>
								<property name="BackgroundsSetImage">$INFO[Skin.String(HomeFanart.path)]$INFO[Skin.String(HomeItem.16.Type)]$INFO[Skin.String(HomeFanart.ext)]</property>
								<visible>!String.IsEmpty(Skin.String(HomeItem.16.Path))</visible>
							</item>
							<item id="17">
								<label>$INFO[Skin.String(HomeItem.17.Label)]</label>
								<label2>HomeItem.17.CBackground</label2>
								<onclick>-</onclick>
								<icon>$INFO[Skin.String(HomeItem.17.DBackground)]</icon>
								<thumb>$INFO[Skin.String(HomeItem.17.CBackground)]</thumb>
								<property name="BackgroundsSetImage">$INFO[Skin.String(HomeFanart.path)]$INFO[Skin.String(HomeItem.17.Type)]$INFO[Skin.String(HomeFanart.ext)]</property>
								<visible>!String.IsEmpty(Skin.String(HomeItem.17.Path))</visible>
							</item>
							<item id="18">
								<label>$INFO[Skin.String(HomeItem.18.Label)]</label>
								<label2>HomeItem.18.CBackground</label2>
								<onclick>-</onclick>
								<icon>$INFO[Skin.String(HomeItem.18.DBackground)]</icon>
								<thumb>$INFO[Skin.String(HomeItem.18.CBackground)]</thumb>
								<property name="BackgroundsSetImage">$INFO[Skin.String(HomeFanart.path)]$INFO[Skin.String(HomeItem.18.Type)]$INFO[Skin.String(HomeFanart.ext)]</property>
								<visible>!String.IsEmpty(Skin.String(HomeItem.18.Path))</visible>
							</item>
							<item id="19">
								<label>$INFO[Skin.String(HomeItem.19.Label)]</label>
								<label2>HomeItem.19.CBackground</label2>
								<onclick>-</onclick>
								<icon>$INFO[Skin.String(HomeItem.19.DBackground)]</icon>
								<thumb>$INFO[Skin.String(HomeItem.19.CBackground)]</thumb>
								<property name="BackgroundsSetImage">$INFO[Skin.String(HomeFanart.path)]$INFO[Skin.String(HomeItem.19.Type)]$INFO[Skin.String(HomeFanart.ext)]</property>
								<visible>!String.IsEmpty(Skin.String(HomeItem.19.Path))</visible>
							</item>
							<item id="20">
								<label>$INFO[Skin.String(HomeItem.20.Label)]</label>
								<label2>HomeItem.20.CBackground</label2>
								<onclick>-</onclick>
								<icon>$INFO[Skin.String(HomeItem.20.DBackground)]</icon>
								<thumb>$INFO[Skin.String(HomeItem.20.CBackground)]</thumb>
								<property name="BackgroundsSetImage">$INFO[Skin.String(HomeFanart.path)]$INFO[Skin.String(HomeItem.20.Type)]$INFO[Skin.String(HomeFanart.ext)]</property>
								<visible>!String.IsEmpty(Skin.String(HomeItem.20.Path))</visible>
							</item>
						</content>
					</control>
					<control type="image">
						<left>65</left>
						<top>140</top>
						<width>610</width>
						<height>395</height>
						<texture>black-back.png</texture>
					</control>
					<control type="group">
						<left>75</left>
						<top>150</top>
						<control type="button" id="604">
							<description>Single Image Button</description>
							<left>5</left>
							<top>0</top>
							<width>190</width>
							<height>40</height>
							<label>1033</label>
							<font>font12_title</font>
							<textcolor>grey2</textcolor>
							<focusedcolor>white</focusedcolor>
							<align>center</align>
							<texturenofocus border="5">button-nofocus.png</texturenofocus>
							<texturefocus border="5">button-focus.png</texturefocus>
							<onclick>Skin.SetImage($INFO[Container(603).ListItem.Label2])</onclick>
							<onleft>606</onleft>
							<onright>605</onright>
							<onup>601</onup>
							<ondown>600</ondown>
							<enable>String.IsEmpty(Skin.String(HomeFanart.path)) | String.IsEmpty(Control.GetLabel(651))</enable>
						</control>
						<control type="button" id="605">
							<description>Multi Image Button</description>
							<left>200</left>
							<top>0</top>
							<width>190</width>
							<height>40</height>
							<label>657</label>
							<font>font12_title</font>
							<textcolor>grey2</textcolor>
							<focusedcolor>white</focusedcolor>
							<align>center</align>
							<texturenofocus border="5">button-nofocus.png</texturenofocus>
							<texturefocus border="5">button-focus.png</texturefocus>
							<onclick>Skin.SetPath($INFO[Container(603).ListItem.Label2])</onclick>
							<onleft>604</onleft>
							<onright>606</onright>
							<onup>601</onup>
							<ondown>600</ondown>
							<enable>String.IsEmpty(Skin.String(HomeFanart.path)) | String.IsEmpty(Control.GetLabel(651))</enable>
						</control>
						<control type="button" id="606">
							<description>Default Image Button</description>
							<left>395</left>
							<top>0</top>
							<width>190</width>
							<height>40</height>
							<label>571</label>
							<font>font12_title</font>
							<textcolor>grey2</textcolor>
							<focusedcolor>white</focusedcolor>
							<align>center</align>
							<texturenofocus border="5">button-nofocus.png</texturenofocus>
							<texturefocus border="5">button-focus.png</texturefocus>
							<onclick>Skin.Reset($INFO[Container(603).ListItem.Label2])</onclick>
							<onleft>605</onleft>
							<onright>604</onright>
							<onup>601</onup>
							<ondown>600</ondown>
							<enable>String.IsEmpty(Skin.String(HomeFanart.path)) | String.IsEmpty(Control.GetLabel(651))</enable>
						</control>
						<control type="multiimage" id="650">
							<left>0</left>
							<top>50</top>
							<width>590</width>
							<height>295</height>
							<imagepath background="true">$INFO[Container(603).ListItem.Icon]</imagepath>
							<timeperimage>6000</timeperimage>
							<randomize>true</randomize>
							<fadetime>500</fadetime>
							<visible>String.IsEmpty(Skin.String(HomeFanart.path)) | String.IsEmpty(Control.GetLabel(651))</visible>
						</control>
						<control type="multiimage" id="651">
							<left>0</left>
							<top>50</top>
							<width>590</width>
							<height>295</height>
							<imagepath background="true">$INFO[Container(603).ListItem.Property(BackgroundsSetImage)]</imagepath>
							<timeperimage>6000</timeperimage>
							<randomize>true</randomize>
							<fadetime>500</fadetime>
							<visible>!String.IsEmpty(Skin.String(HomeFanart.path))</visible>
						</control>
						<control type="label">
							<left>0</left>
							<top>350</top>
							<width>580</width>
							<height>20</height>
							<align>center</align>
							<aligny>center</aligny>
							<font>font11</font>
							<haspath>yes</haspath>
							<label fallback="571">$INFO[Container(603).ListItem.Thumb]</label>
							<textcolor>white</textcolor>
							<visible>String.IsEmpty(Skin.String(HomeFanart.path)) | String.IsEmpty(Control.GetLabel(651))</visible>
						</control>
					</control>
				</control>
				<!-- Reset -->
				<control type="grouplist" id="9007">
					<visible>Container(9000).Hasfocus(7)</visible>
					<left>290</left>
					<top>60</top>
					<width>750</width>
					<height>530</height>
					<itemgap>-1</itemgap>
					<pagecontrol/>
					<onleft>9000</onleft>
					<onright>9000</onright>
					<onup>9007</onup>
					<ondown>9007</ondown>
					<control type="label" id="700">
						<width>750</width>
						<height>45</height>
						<font>font13_title</font>
						<label>$LOCALIZE[13007]</label>
						<textcolor>blue</textcolor>
						<shadowcolor>black</shadowcolor>
						<align>left</align>
						<aligny>center</aligny>
					</control>
					<control type="button" id="701">
						<description>Reset All Skin Settings</description>
						<width>750</width>
						<height>40</height>
						<font>font13</font>
						<label>$LOCALIZE[10045]</label>
						<textcolor>grey2</textcolor>
						<focusedcolor>white</focusedcolor>
						<texturefocus>MenuItemFO.png</texturefocus>
						<texturenofocus>MenuItemNF.png</texturenofocus>
						<onclick>ActivateWindow(2140)</onclick>
					</control>
				</control>
			</control>
			<control type="image">
				<description>separator image</description>
				<left>290</left>
				<top>525</top>
				<width>750</width>
				<height>2</height>
				<texture>separator2.png</texture>
				<colordiffuse>40FFFFFF</colordiffuse>
				<visible>!Container(9000).Hasfocus(6)</visible>
			</control>
			<control type="textbox" id="6">
				<description>description area</description>
				<left>297</left>
				<top>532</top>
				<width>736</width>
				<height>83</height>
				<font>font12</font>
				<align>justify</align>
				<textcolor>white</textcolor>
				<autoscroll time="3000" delay="4000" repeat="5000">true</autoscroll>
				<label>$INFO[Container(9000).ListItem.Label2]</label>
				<visible>!Container(9000).Hasfocus(6)</visible>
			</control>
		</control>
		<include>CommonNowPlaying</include>
		<include>MainWindowMouseButtons</include>
		<include>BehindDialogFadeOut</include>
	</controls>
</window>
