﻿<?xml version="1.0" encoding="utf-8"?>
<includes>
	<include name="Include-HomeCtegoriesAndWidgets">
		<include>MoviesHomeWidgets</include>
		<include>TVShowsHomeWidgets</include>
		<include>MusicHomeWidgets</include>
		<include>AddonsHomeWidgets</include>
		<include>VideoHomeWidgets</include>
		<include>LiveTVHomeWidgets</include>
		<include>RadioHomeWidgets</include>
		<include>FavoritesHomeWidgets</include>
		<include>WeatherHomeWidgets</include>
		<include>MusicVideosHomeWidgets</include>
		<include>PicturesHomeWidgets</include>
		<include>GamesHomeWidgets</include>
		<include>DiscHomeWidgets</include>
	</include>
	<include name="MoviesHomeWidgets">
		<control type="group" id="5000">
			<visible>String.IsEqual(Container(9000).ListItem.Property(defaultID),movies)</visible>
			<include content="Visible_Right_Delayed">
				<param name="id" value="movies"/>
			</include>
			<control type="grouplist" id="5001">
				<include>Widget-GroupCommon</include>
				<pagecontrol>5010</pagecontrol>
				<include content="Widget-Categories" condition="Library.HasContent(movies) + !Skin.HasSetting(home_no_categories_widget)">
					<param name="widget_header" value="$LOCALIZE[31148]"/>
					<param name="content_target" value="videos"/>
					<param name="content_path" value="library://video/movies/"/>
					<param name="small" value="Skin.HasSetting(use_smaller_categories)"/>
					<param name="list_id" value="5900"/>
				</include>
				<include content="Widget-Movies" condition="Library.HasContent(movies)">
					<param name="widget_header" value="$LOCALIZE[31010]"/>
					<param name="widget_header_focus" value="$INFO[Container($PARAM[list_id]).ListItem.Title, | ]$INFO[Container($PARAM[list_id]).ListItem.Year, (,)]"/>
					<param name="content_target" value="videos"/>
					<param name="content_path" value="special://skin/extras/playlists/inprogress_movies.xsp"/>
					<param name="list_id" value="5100"/>
				</include>
				<include content="Widget-Movies" condition="Library.HasContent(movies)">
					<param name="widget_header" value="$LOCALIZE[20386]"/>
					<param name="widget_header_focus" value="$INFO[Container($PARAM[list_id]).ListItem.Title, | ]$INFO[Container($PARAM[list_id]).ListItem.Year, (,)]"/>
					<param name="content_target" value="videos"/>
					<param name="content_path" value="special://skin/extras/playlists/recent_unwatched_movies.xsp"/>
					<param name="list_id" value="5200"/>
				</include>
				<include content="Widget-Movies" condition="Library.HasContent(movies)">
					<param name="widget_header" value="$LOCALIZE[31007]"/>
					<param name="widget_header_focus" value="$INFO[Container($PARAM[list_id]).ListItem.Title, | ]$INFO[Container($PARAM[list_id]).ListItem.Year, (,)]"/>
					<param name="content_target" value="videos"/>
					<param name="content_path" value="special://skin/extras/playlists/unwatched_movies.xsp"/>
					<param name="list_id" value="5300"/>
				</include>
				<include content="Widget-Movies" condition="Library.HasContent(movies)">
					<param name="widget_header" value="$LOCALIZE[31006]"/>
					<param name="widget_header_focus" value="$INFO[Container($PARAM[list_id]).ListItem.Title, | ]$INFO[Container($PARAM[list_id]).ListItem.Year, (,)]"/>
					<param name="content_target" value="videos"/>
					<param name="content_path" value="special://skin/extras/playlists/random_movies.xsp"/>
					<param name="list_id" value="5400"/>
				</include>
				<include content="Widget-MovieGenres" condition="Library.HasContent(movies)">
					<param name="widget_header" value="$LOCALIZE[135]"/>
					<param name="content_target" value="videos"/>
					<param name="content_path" value="videodb://movies/genres/"/>
			<param name="content_sortby" value="lastplayed"/>
			<param name="content_sortorder" value="ascending"/>
					<param name="list_id" value="5500"/>
				</include>
				<include content="Widget-Movies" condition="Library.HasContent(movies)">
					<param name="widget_header" value="$LOCALIZE[31075]"/>
					<param name="widget_header_focus" value="$INFO[Container($PARAM[list_id]).ListItem.Title, | ]"/>
					<param name="content_target" value="videos"/>
					<param name="content_path" value="videodb://movies/sets/"/>
					<param name="content_sortby" value="random"/>
					<param name="list_id" value="5600"/>
				</include>
			</control>
			<include content="Widget-Image" condition="!Library.HasContent(movies)">
				<param name="text_label" value="$LOCALIZE[31104]" />
				<param name="button_label" value="$LOCALIZE[31110]" />
				<param name="button_onclick" value="ActivateWindow(videos,files,return)"/>
				<param name="button_id" value="5700"/>
				<param name="button2_onclick" value="Skin.SetBool(home_no_movie_button)"/>
			</include>
			<include content="Widget-Scrollbar" condition="Skin.HasSetting(touchmode)">
				<param name="scrollbar_id" value="5010"/>
			</include>
		</control>
	</include>
	<include name="TVShowsHomeWidgets">
		<control type="group" id="6000">
			<visible>String.IsEqual(Container(9000).ListItem.Property(defaultID),tvshows)</visible>
			<include content="Visible_Right_Delayed">
				<param name="id" value="tvshows"/>
			</include>
			<control type="grouplist" id="6001">
				<include>Widget-GroupCommon</include>
				<pagecontrol>6010</pagecontrol>
				<include content="Widget-Categories" condition="Library.HasContent(tvshows) + !Skin.HasSetting(home_no_categories_widget)">
					<param name="widget_header" value="$LOCALIZE[31148]"/>
					<param name="content_target" value="videos"/>
					<param name="content_path" value="library://video/tvshows/"/>
					<param name="small" value="Skin.HasSetting(use_smaller_categories)"/>
					<param name="list_id" value="6900"/>
				</include>
				<include content="Widget-TVShows" condition="Library.HasContent(tvshows)">
					<param name="widget_header" value="$LOCALIZE[626]"/>
					<param name="widget_header_focus" value="$INFO[Container($PARAM[list_id]).ListItem.Title, | ]$INFO[Container($PARAM[list_id]).ListItem.Year, (,)]"/>
					<param name="content_target" value="videos"/>
					<param name="content_path" value="videodb://inprogresstvshows"/>
					<param name="content_sortby" value="lastplayed"/>
					<param name="content_sortorder" value="descending"/>
					<param name="list_id" value="6100"/>
				</include>
				<include content="Widget-Episodes" condition="Library.HasContent(tvshows)">
					<param name="widget_header" value="$LOCALIZE[20387]"/>
					<param name="widget_header_focus" value="$INFO[Container($PARAM[list_id]).ListItem.TVShowTitle, | , - ]$INFO[Container($PARAM[list_id]).ListItem.Title]$INFO[Container($PARAM[list_id]).ListItem.Year, (,)]"/>
					<param name="content_target" value="videos"/>
					<param name="content_path" value="special://skin/extras/playlists/recent_unwatched_episodes.xsp"/>
					<param name="list_id" value="6200"/>
				</include>
				<include content="Widget-TVShows" condition="Library.HasContent(tvshows)">
					<param name="widget_header" value="$LOCALIZE[31122]"/>
					<param name="widget_header_focus" value="$INFO[Container($PARAM[list_id]).ListItem.Title, | ]$INFO[Container($PARAM[list_id]).ListItem.Year, (,)]"/>
					<param name="content_target" value="videos"/>
					<param name="content_path" value="special://skin/extras/playlists/unwatched_tvshows.xsp"/>
					<param name="list_id" value="6300"/>
				</include>
				<include content="Widget-MovieGenres" condition="Library.HasContent(tvshows)">
					<param name="widget_header" value="$LOCALIZE[135]"/>
					<param name="content_target" value="videos"/>
					<param name="content_path" value="videodb://tvshows/genres/"/>
					<param name="content_sortby" value="lastplayed"/>
					<param name="content_sortorder" value="ascending"/>
					<param name="list_id" value="6400"/>
				</include>
				<include content="Widget-Studios" condition="Library.HasContent(tvshows)">
					<param name="widget_header" value="$LOCALIZE[20388]"/>
					<param name="content_target" value="videos"/>
					<param name="content_path" value="videodb://tvshows/studios/"/>
					<param name="content_sortby" value="lastplayed"/>
					<param name="content_sortorder" value="ascending"/>
					<param name="list_id" value="6500"/>
				</include>
			</control>
			<include content="Widget-Image" condition="!Library.HasContent(tvshows)">
				<param name="text_label" value="$LOCALIZE[31104]" />
				<param name="button_label" value="$LOCALIZE[31110]" />
				<param name="button_onclick" value="ActivateWindow(videos,files,return)"/>
				<param name="button_id" value="6600"/>
				<param name="button2_onclick" value="Skin.SetBool(home_no_tvshow_button)"/>
			</include>
			<include content="Widget-Scrollbar" condition="Skin.HasSetting(touchmode)">
				<param name="scrollbar_id" value="6010"/>
			</include>
		</control>
	</include>
	<include name="MusicHomeWidgets">
		<control type="group" id="7000">
			<visible>String.IsEqual(Container(9000).ListItem.Property(defaultID),music)</visible>
			<include content="Visible_Right_Delayed">
				<param name="id" value="music"/>
			</include>
			<control type="grouplist" id="7001">
				<include>Widget-GroupCommon</include>
				<include content="Widget-Categories" condition="Library.HasContent(music) + !Skin.HasSetting(home_no_categories_widget)">
					<param name="widget_header" value="$LOCALIZE[31148]"/>
					<param name="content_target" value="music"/>
					<param name="content_path" value="library://music/"/>
					<param name="small" value="Skin.HasSetting(use_smaller_categories)"/>
					<param name="list_id" value="7900"/>
				</include>
				<include content="Widget-Albums" condition="Library.HasContent(music)">
					<param name="widget_header" value="$LOCALIZE[517]"/>
					<param name="widget_header_focus" value="$INFO[Container($PARAM[list_id]).ListItem.Artist, | , - ]$INFO[Container($PARAM[list_id]).ListItem.Title]$INFO[Container($PARAM[list_id]).ListItem.Year, (,)]"/>
					<param name="content_target" value="music"/>
					<param name="content_path" value="musicdb://recentlyplayedalbums"/>
					<param name="list_id" value="7100"/>
				</include>
				<include content="Widget-Albums" condition="Library.HasContent(music)">
					<param name="widget_header" value="$LOCALIZE[359]"/>
					<param name="widget_header_focus" value="$INFO[Container($PARAM[list_id]).ListItem.Artist, | , - ]$INFO[Container($PARAM[list_id]).ListItem.Title]$INFO[Container($PARAM[list_id]).ListItem.Year, (,)]"/>
					<param name="content_target" value="music"/>
					<param name="content_path" value="musicdb://recentlyaddedalbums/"/>
					<param name="list_id" value="7200"/>
				</include>
				<include content="Widget-Albums" condition="Library.HasContent(music)">
					<param name="widget_header" value="$LOCALIZE[31012]"/>
					<param name="widget_header_focus" value="$INFO[Container($PARAM[list_id]).ListItem.Artist, | , - ]$INFO[Container($PARAM[list_id]).ListItem.Title]$INFO[Container($PARAM[list_id]).ListItem.Year, (,)]"/>
					<param name="content_target" value="music"/>
					<param name="content_path" value="special://skin/extras/playlists/random_albums.xsp"/>
					<param name="list_id" value="7300"/>
				</include>
				<include content="Widget-Artists" condition="Library.HasContent(music)">
					<param name="widget_header" value="$LOCALIZE[31013]"/>
					<param name="widget_header_focus" value="$INFO[Container($PARAM[list_id]).ListItem.Artist, | ,]"/>
					<param name="content_target" value="music"/>
					<param name="content_path" value="special://skin/extras/playlists/random_artists.xsp"/>
					<param name="list_id" value="7400"/>
				</include>
				<include content="Widget-Albums" condition="Library.HasContent(music)">
					<param name="widget_header" value="$LOCALIZE[31014]"/>
					<param name="widget_header_focus" value="$INFO[Container($PARAM[list_id]).ListItem.Artist, | , - ]$INFO[Container($PARAM[list_id]).ListItem.Title]$INFO[Container($PARAM[list_id]).ListItem.Year, (,)]"/>
					<param name="content_target" value="music"/>
					<param name="content_path" value="special://skin/extras/playlists/unplayed_albums.xsp"/>
					<param name="list_id" value="7500"/>
				</include>
				<include content="Widget-Albums" condition="Library.HasContent(music)">
					<param name="widget_header" value="$LOCALIZE[31011]"/>
					<param name="widget_header_focus" value="$INFO[Container($PARAM[list_id]).ListItem.Artist, | , - ]$INFO[Container($PARAM[list_id]).ListItem.Title]$INFO[Container($PARAM[list_id]).ListItem.Year, (,)]"/>
					<param name="content_target" value="music"/>
					<param name="content_path" value="special://skin/extras/playlists/mostplayed_albums.xsp"/>
					<param name="content_sortby" value="playcount"/>
					<param name="content_sortorder" value="descending"/>
					<param name="list_id" value="7600"/>
				</include>
			</control>
			<include content="Widget-Image" condition="!Library.HasContent(music)">
				<param name="text_label" value="$LOCALIZE[31104]" />
				<param name="button_label" value="$LOCALIZE[31110]" />
				<param name="button_onclick" value="ActivateWindow(music,files)"/>
				<param name="button_id" value="7700"/>
				<param name="button2_onclick" value="Skin.SetBool(home_no_music_button)"/>
			</include>
			<include content="Widget-Scrollbar" condition="Skin.HasSetting(touchmode)">
				<param name="scrollbar_id" value="7010"/>
			</include>
		</control>
	</include>
	<include name="AddonsHomeWidgets">
		<control type="group" id="8000">
			<visible>String.IsEqual(Container(9000).ListItem.Property(defaultID),addons)</visible>
			<include content="Visible_Right_Delayed">
				<param name="id" value="addons"/>
			</include>
			<control type="grouplist" id="8001">
				<include>Widget-GroupCommon</include>
				<pagecontrol>8010</pagecontrol>
				<include content="Widget-Categories" condition="!Skin.HasSetting(home_no_categories_widget)">
					<param name="widget_header" value="$LOCALIZE[31148]"/>
					<param name="content_target" value="addonbrowser"/>
					<param name="content_path" value="addons://"/>
					<param name="small" value="Skin.HasSetting(use_smaller_categories)"/>
					<param name="list_id" value="8900"/>
					<param name="visible" value="Integer.IsGreater(Container(8100).NumItems,0) | Integer.IsGreater(Container(8200).NumItems,0) | Integer.IsGreater(Container(8300).NumItems,0) | Integer.IsGreater(Container(8400).NumItems,0) | Integer.IsGreater(Container(8500).NumItems,0)"/>
				</include>
				<include condition="![Skin.HasSetting(enable_custom_list_addons) + Skin.HasSetting(enable_custom_list_addons_video)]" content="Widget-Addons">
					<param name="widget_header" value="$LOCALIZE[1037]"/>
					<param name="content_target" value="videos"/>
					<param name="content_path" value="addons://sources/video/"/>
					<param name="content_sortby" value="lastused"/>
					<param name="content_sortorder" value="descending"/>
					<param name="list_id" value="8100"/>
				</include>
				<include condition="Skin.HasSetting(enable_custom_list_addons) + Skin.HasSetting(enable_custom_list_addons_video)" content="Widget-AddonsCustom">
					<param name="widget_header" value="$LOCALIZE[1037]"/>
					<param name="content_target" value="Video"/>
					<param name="list_id" value="8100"/>
				</include>
				<include condition="![Skin.HasSetting(enable_custom_list_addons) + Skin.HasSetting(enable_custom_list_addons_audio)]" content="Widget-Addons">
					<param name="widget_header" value="$LOCALIZE[1038]"/>
					<param name="content_target" value="music"/>
					<param name="content_path" value="addons://sources/audio/"/>
					<param name="content_sortby" value="lastused"/>
					<param name="content_sortorder" value="descending"/>
					<param name="list_id" value="8200"/>
				</include>
				<include condition="Skin.HasSetting(enable_custom_list_addons) + Skin.HasSetting(enable_custom_list_addons_audio)" content="Widget-AddonsCustom">
					<param name="widget_header" value="$LOCALIZE[1038]"/>
					<param name="content_target" value="Audio"/>
					<param name="list_id" value="8200"/>
				</include>
				<include condition="![Skin.HasSetting(enable_custom_list_addons) + Skin.HasSetting(enable_custom_list_addons_game)] + System.GetBool(gamesgeneral.enable)" content="Widget-Addons">
					<param name="widget_header" value="$LOCALIZE[35049]"/>
					<param name="content_target" value="games"/>
					<param name="content_path" value="addons://sources/game/"/>
					<param name="content_sortby" value="lastused"/>
					<param name="content_sortorder" value="descending"/>
					<param name="list_id" value="8300"/>
				</include>
				<include condition="Skin.HasSetting(enable_custom_list_addons) + Skin.HasSetting(enable_custom_list_addons_game) + System.GetBool(gamesgeneral.enable)" content="Widget-AddonsCustom">
					<param name="widget_header" value="$LOCALIZE[35049]"/>
					<param name="content_target" value="Game"/>
					<param name="list_id" value="8300"/>
				</include>
				<include condition="![Skin.HasSetting(enable_custom_list_addons) + Skin.HasSetting(enable_custom_list_addons_programs)]" content="Widget-Addons">
					<param name="content_path" value="addons://sources/executable/"/>
					<param name="widget_header" value="$LOCALIZE[1043]"/>
					<param name="content_target" value="programs"/>
					<param name="content_path" value="addons://sources/executable/"/>
					<param name="content_sortby" value="lastused"/>
					<param name="content_sortorder" value="descending"/>
					<param name="list_id" value="8400"/>
				</include>
				<include condition="Skin.HasSetting(enable_custom_list_addons) + Skin.HasSetting(enable_custom_list_addons_programs)" content="Widget-AddonsCustom">
					<param name="widget_header" value="$LOCALIZE[1043]"/>
					<param name="content_target" value="Programs"/>
					<param name="list_id" value="8400"/>
				</include>
				<include condition="System.Platform.Android" content="Widget-Addons">
					<param name="widget_header" value="$LOCALIZE[20244]"/>
					<param name="content_target" value="programs"/>
					<param name="content_path" value="androidapp://sources/apps/"/>
					<param name="content_sortby" value="lastused"/>
					<param name="content_sortorder" value="descending"/>
					<param name="list_id" value="8500"/>
				</include>
				<include condition="![Skin.HasSetting(enable_custom_list_addons) + Skin.HasSetting(enable_custom_list_addons_image)]" content="Widget-Addons">
					<param name="widget_header" value="$LOCALIZE[1039]"/>
					<param name="content_target" value="pictures"/>
					<param name="content_path" value="addons://sources/image/"/>
					<param name="content_sortby" value="lastused"/>
					<param name="content_sortorder" value="descending"/>
					<param name="list_id" value="8600"/>
				</include>
				<include condition="Skin.HasSetting(enable_custom_list_addons) + Skin.HasSetting(enable_custom_list_addons_image)" content="Widget-AddonsCustom">
					<param name="widget_header" value="$LOCALIZE[1039]"/>
					<param name="content_target" value="Image"/>
					<param name="list_id" value="8600"/>
				</include>
			</control>
			<include content="Widget-Image">
				<param name="text_label" value="$LOCALIZE[31119]" />
				<param name="button_label" value="$LOCALIZE[31118]" />
				<param name="button_onclick" value="ActivateWindow(addonbrowser)"/>
				<param name="button_id" value="8700"/>
				<param name="visible" value="!Integer.IsGreater(Container(8100).NumItems,0) + !Integer.IsGreater(Container(8200).NumItems,0) + !Integer.IsGreater(Container(8300).NumItems,0) + !Integer.IsGreater(Container(8400).NumItems,0) + !Integer.IsGreater(Container(8500).NumItems,0) + !Skin.HasSetting(enable_custom_list_addons)"/>
				<param name="button2_onclick" value="Skin.SetBool(home_no_programs_button)"/>
			</include>
			<include content="Widget-Scrollbar" condition="Skin.HasSetting(touchmode)">
				<param name="scrollbar_id" value="8010"/>
			</include>
		</control>
	</include>
	<include name="VideoHomeWidgets">
		<control type="group" id="11000">
			<visible>String.IsEqual(Container(9000).ListItem.Property(defaultID),video)</visible>
			<include content="Visible_Right_Delayed">
				<param name="id" value="video"/>
			</include>
			<control type="grouplist" id="11001">
				<include>Widget-GroupCommon</include>
				<pagecontrol>11010</pagecontrol>
				<include content="Widget-Categories" condition="!Skin.HasSetting(home_no_categories_widget)">
					<param name="widget_header" value="$LOCALIZE[31148]"/>
					<param name="content_target" value="videos"/>
					<param name="content_path" value="library://video/"/>
					<param name="small" value="Skin.HasSetting(use_smaller_categories)"/>
					<param name="list_id" value="11900"/>
				</include>
				<include content="Widget-Source">
					<param name="widget_header" value="$LOCALIZE[20094]"/>
					<param name="content_target" value="videos"/>
					<param name="content_path" value="sources://video/"/>
					<param name="list_id" value="11100"/>
				</include>
				<include content="Widget-Playlists">
					<param name="widget_header" value="$LOCALIZE[136]"/>
					<param name="content_target" value="videos"/>
					<param name="content_path" value="special://videoplaylists/"/>
					<param name="list_id" value="11200"/>
				</include>
			</control>
			<include content="Widget-Image">
				<param name="text_label" value="$LOCALIZE[31105]" />
				<param name="button_label" value="$LOCALIZE[31110]" />
				<param name="button_onclick" value="ActivateWindow(videos,root)"/>
				<param name="button_id" value="11300"/>
				<param name="visible" value="!Integer.IsGreater(Container(11001).NumItems,0)"/>
				<param name="button2_onclick" value="Skin.SetBool(home_no_videos_button)"/>
			</include>
			<include content="Widget-Scrollbar" condition="Skin.HasSetting(touchmode)">
				<param name="scrollbar_id" value="11010"/>
			</include>
		</control>
	</include>
	<include name="LiveTVHomeWidgets">
		<control type="group" id="12000">
			<visible>String.IsEqual(Container(9000).ListItem.Property(defaultID),livetv)</visible>
			<include content="Visible_Right_Delayed">
				<param name="id" value="livetv"/>
			</include>
			<control type="grouplist" id="12001">
				<include>Widget-GroupCommon</include>
				<pagecontrol>12010</pagecontrol>
				<include content="Widget-TVTimers">
					<param name="list_id" value="12855"/>
				</include>
				<include content="Widget-Categories" condition="System.HasPVRAddon + !Skin.HasSetting(home_no_categories_widget)">
					<param name="widget_header" value="$LOCALIZE[31148]"/>
					<param name="content_type" value="TV"/>
					<param name="content_path" value="PVRSubMenuContent"/>
					<param name="custom" value="true"/>
					<param name="small" value="Skin.HasSetting(use_smaller_categories)"/>
					<param name="list_id" value="11900"/>
				</include>
				<include condition="![Skin.HasSetting(enable_custom_list_channels) + Skin.HasSetting(enable_custom_list_channels_tv)] + System.HasPVRAddon" content="Widget-PVRChannels">
					<param name="widget_header" value="$LOCALIZE[31016]"/>
					<param name="content_target" value="pvr"/>
					<param name="content_path" value="pvr://channels/tv/*?view=lastplayed"/>
					<param name="content_sortby" value="lastplayed"/>
					<param name="content_sortorder" value="descending"/>
					<param name="list_id" value="12100"/>
				</include>
				<include condition="Skin.HasSetting(enable_custom_list_channels) + Skin.HasSetting(enable_custom_list_channels_tv) + System.HasPVRAddon" content="Widget-PVRChannelsCustom">
					<param name="widget_header" value="$LOCALIZE[43241]"/>
					<param name="content_target" value="TV"/>
					<param name="list_id" value="12100"/>
				</include>
				<include condition="System.HasPVRAddon" content="Widget-PVRRecordings">
					<param name="widget_header" value="$LOCALIZE[31015]"/>
					<param name="widget_header_focus" value="$INFO[Container($PARAM[list_id]).ListItem.ChannelName, | ]$INFO[Container($PARAM[list_id]).ListItem.Title, - ]$INFO[Container($PARAM[list_id]).ListItem.EpisodeName, (,)]"/>
					<param name="content_target" value="pvr"/>
					<param name="content_path" value="pvr://recordings/tv/active?view=flat"/>
					<param name="content_sortby" value="date"/>
					<param name="content_sortorder" value="descending"/>
					<param name="list_id" value="12200"/>
				</include>
			</control>
			<include condition="!System.HasPVRAddon" content="Widget-Image">
				<param name="text_label" value="$LOCALIZE[31143]" />
				<param name="button_label" value="$LOCALIZE[31144]" />
				<param name="button_onclick" value="ActivateWindow(addonbrowser,addons://all/xbmc.pvrclient,return)"/>
				<param name="button_id" value="12300"/>
				<param name="button2_onclick" value="Skin.SetBool(home_no_tv_button)"/>
			</include>
			<include content="Widget-Scrollbar" condition="Skin.HasSetting(touchmode)">
				<param name="scrollbar_id" value="12010"/>
			</include>
		</control>
	</include>
	<include name="RadioHomeWidgets">
		<control type="group" id="13000">
			<visible>String.IsEqual(Container(9000).ListItem.Property(defaultID),radio)</visible>
			<include content="Visible_Right_Delayed">
				<param name="id" value="radio"/>
			</include>
			<control type="grouplist" id="13001">
				<include>Widget-GroupCommon</include>
				<pagecontrol>13010</pagecontrol>
				<include content="Widget-RadioTimers">
					<param name="list_id" value="13855"/>
				</include>
				<include content="Widget-Categories" condition="System.HasPVRAddon + !Skin.HasSetting(home_no_categories_widget)">
					<param name="widget_header" value="$LOCALIZE[31148]"/>
					<param name="content_type" value="Radio"/>
					<param name="content_path" value="PVRSubMenuContent"/>
					<param name="small" value="Skin.HasSetting(use_smaller_categories)"/>
					<param name="custom" value="true"/>
					<param name="list_id" value="13900"/>
				</include>
				<include condition="![Skin.HasSetting(enable_custom_list_channels) + Skin.HasSetting(enable_custom_list_channels_radio)] + System.HasPVRAddon" content="Widget-PVRChannels" >
					<param name="widget_header" value="$LOCALIZE[31018]"/>
					<param name="content_target" value="files"/>
					<param name="content_path" value="pvr://channels/radio/*?view=lastplayed"/>
					<param name="content_sortby" value="lastplayed"/>
					<param name="content_sortorder" value="descending"/>
					<param name="list_id" value="13100"/>
				</include>
				<include condition="Skin.HasSetting(enable_custom_list_channels) + Skin.HasSetting(enable_custom_list_channels_radio) + System.HasPVRAddon" content="Widget-PVRChannelsCustom">
					<param name="widget_header" value="$LOCALIZE[43241]"/>
					<param name="widget_target" value="Radio"/>
					<param name="list_id" value="13100"/>
				</include>
				<include condition="System.HasPVRAddon" content="Widget-PVRRecordings">
					<param name="widget_header" value="$LOCALIZE[31015]"/>
					<param name="widget_header_focus" value="$INFO[Container($PARAM[list_id]).ListItem.ChannelName, | ]$INFO[Container($PARAM[list_id]).ListItem.Title, - ]$INFO[Container($PARAM[list_id]).ListItem.EpisodeName, (,)]"/>
					<param name="content_target" value="pvr"/>
					<param name="content_path" value="pvr://recordings/radio/active?view=flat"/>
					<param name="content_sortby" value="date"/>
					<param name="content_sortorder" value="descending"/>
					<param name="list_id" value="13200"/>
				</include>
			</control>
			<include condition="!System.HasPVRAddon" content="Widget-Image">
				<param name="text_label" value="$LOCALIZE[31143]" />
				<param name="button_label" value="$LOCALIZE[31144]" />
				<param name="button_onclick" value="ActivateWindow(addonbrowser,addons://all/xbmc.pvrclient,return)"/>
				<param name="button_id" value="13300"/>
				<param name="button2_onclick" value="Skin.SetBool(home_no_radio_button)"/>
			</include>
			<include content="Widget-Scrollbar" condition="Skin.HasSetting(touchmode)">
				<param name="scrollbar_id" value="13010"/>
			</include>
		</control>
	</include>
	<include name="FavoritesHomeWidgets">
		<control type="group" id="14000">
			<visible>String.IsEqual(Container(9000).ListItem.Property(defaultID),favorites)</visible>
			<include content="Visible_Right_Delayed">
				<param name="id" value="favorites"/>
			</include>
			<include content="Widget-FavouritesFull">
				<param name="list_id" value="14100"/>
			</include>
			<include content="Widget-Image">
				<param name="text_label" value="$LOCALIZE[31025]" />
				<param name="button_label" value="$LOCALIZE[31116]" />
				<param name="button_onclick" value=""/>
				<param name="button_id" value="14200"/>
				<param name="visible" value="!Integer.IsGreater(Container(14100).NumItems,0) + !Container(14100).IsUpdating"/>
				<param name="visible_1" value="false"/>
				<param name="button2_onclick" value="Skin.SetBool(home_no_fav_button)"/>
			</include>
			<include content="Widget-Scrollbar" condition="Skin.HasSetting(touchmode)">
				<param name="scrollbar_id" value="14010"/>
			</include>
		</control>
	</include>
	<include name="WeatherHomeWidgets">
		<control type="group" id="15000">
			<visible>String.IsEqual(Container(9000).ListItem.Property(defaultID),weather)</visible>
			<include content="Visible_Right_Delayed">
				<param name="id" value="weather"/>
			</include>
			<control type="grouplist" id="15001">
				<include>Widget-GroupCommon</include>
				<control type="group" id="16678">
					<description>Weather Info</description>
					<left>68</left>
					<right>70</right>
					<top>102</top>
					<height>300</height>
					<visible>!String.IsEmpty(Weather.plugin)</visible>
					<control type="image">
						<bottom>90</bottom>
						<width>100%</width>
						<texture border="21">dialogs/dialog-bg.png</texture>
						<animation effect="zoom" start="100,100" end="72.5,100" time="300" condition="[Control.HasFocus(9000) | ControlGroup(700).HasFocus] + Skin.HasSetting(hide_main_menu_with_widgets) + !Skin.HasSetting(minimize_main_menu)">Conditional</animation>
						<animation effect="zoom" start="100,100" end="92.5,100" time="300" condition="[Control.HasFocus(9000) | ControlGroup(700).HasFocus] + Skin.HasSetting(hide_main_menu_with_widgets) + Skin.HasSetting(minimize_main_menu)">Conditional</animation>
					</control>
					<control type="grouplist">
						<top>50</top>
						<left>50</left>
						<right>20</right>
						<orientation>horizontal</orientation>
						<align>left</align>
						<itemgap>-110</itemgap>
						<include content="WeatherIcon" condition="!String.IsEmpty(Weather.Plugin)">
							<param name="label" value="Window(weather).Property(Current.Wind)" />
							<param name="texture" value="icons/weather/wind.png" />
							<param name="header" value="404" />
						</include>
						<include content="WeatherIcon" condition="!String.IsEmpty(Weather.Plugin)">
							<param name="label" value="Window(weather).Property(Current.Humidity)" />
							<param name="texture" value="icons/weather/humidity.png" />
							<param name="header" value="406" />
						</include>
						<include content="WeatherIcon" condition="!String.IsEmpty(Weather.Plugin)">
							<param name="label" value="Window(weather).Property(Current.Precipitation)" />
							<param name="texture" value="icons/weather/rain.png" />
							<param name="header" value="33021" />
						</include>
						<include content="WeatherIcon" condition="!String.IsEmpty(Weather.Plugin)">
							<param name="label" value="Window(weather).Property(Today.Sunrise)" />
							<param name="texture" value="icons/weather/sunrise.png" />
							<param name="header" value="405" />
						</include>
						<include content="WeatherIcon" condition="!String.IsEmpty(Weather.Plugin)">
							<param name="label" value="Window(weather).Property(Today.Sunset)" />
							<param name="texture" value="icons/weather/sunset.png" />
							<param name="header" value="403" />
						</include>
						<include content="WeatherIcons" condition="!String.IsEmpty(Weather.Plugin)">
							<param name="left" value="0" />
							<param name="top" value="-10" />
							<param name="width" value="130" />
							<param name="height" value="130" />
							<param name="image_1" value="$VAR[CurrentWeatherIconVar]" />
							<param name="image_multi" value="$VAR[CurrentWeatherIconVar]" />
						</include>
						<control type="group">
							<width>350</width>
							<visible>Weather.IsFetched</visible>
							<control type="label">
								<top>10</top>
								<aligny>center</aligny>
								<height>24</height>
								<align>right</align>
								<font>font30_title</font>
								<label>$INFO[Weather.Location]</label>
								<scroll>true</scroll>
							</control>
							<control type="label">
								<top>80</top>
								<aligny>center</aligny>
								<height>24</height>
								<align>right</align>
								<font>font14</font>
								<label>$INFO[Weather.Conditions,, ∙ ]$INFO[Weather.Temperature]</label>
								<scroll>true</scroll>
							</control>
						</control>
						<control type="group">
							<width>450</width>
							<visible>Weather.IsFetched</visible>
							<control type="label">
								<top>40</top>
								<aligny>center</aligny>
								<height>24</height>
								<align>right</align>
								<font>WeatherTemp</font>
								<label>$INFO[Weather.Temperature]</label>
								<visible>Skin.HasSetting(minimize_main_menu) | ![Control.HasFocus(9000) | ControlGroup(700).HasFocus]</visible>
							</control>
						</control>
					</control>
				</control>
				<include content="Widget-WeatherDaily" condition="!String.IsEmpty(Weather.Plugin)">
					<param name="widget_header" value="$LOCALIZE[31019]"/>
					<param name="visible" value="!String.IsEmpty(Window(weather).Property(Daily.IsFetched))" />
				<param name="list_id" value="$PARAM[control_id]103" />
				</include>
				<include content="Widget-WeatherHourly" condition="!String.IsEmpty(Weather.Plugin)">
					<param name="widget_header" value="$LOCALIZE[33036]"/>
					<param name="visible" value="!String.IsEmpty(Window(weather).Property(Hourly.IsFetched))" />
					<param name="list_id" value="$PARAM[control_id]104" />
				</include>
			</control>
			<include content="Widget-Image" condition="String.IsEmpty(Weather.plugin)">
				<param name="text_label" value="$LOCALIZE[31120]" />
				<param name="button_label" value="$LOCALIZE[31121]" />
				<param name="button_onclick" value="ActivateWindow(servicesettings,weather)"/>
				<param name="button_id" value="15300"/>
				<param name="button2_onclick" value="Skin.SetBool(home_no_weather_button)"/>
			</include>
			<include content="Widget-Scrollbar" condition="Skin.HasSetting(touchmode)">
				<param name="scrollbar_id" value="15010"/>
			</include>
		</control>
	</include>
	<include name="MusicVideosHomeWidgets">
		<control type="group" id="16000">
			<visible>String.IsEqual(Container(9000).ListItem.Property(defaultID),musicvideos)</visible>
			<include content="Visible_Right_Delayed">
				<param name="id" value="musicvideos"/>
			</include>
			<control type="grouplist" id="16001">
				<include>Widget-GroupCommon</include>
				<pagecontrol>16010</pagecontrol>
				<include content="Widget-Categories" condition="Library.HasContent(musicvideos) + !Skin.HasSetting(home_no_categories_widget)">
					<param name="widget_header" value="$LOCALIZE[31148]"/>
					<param name="content_target" value="videos"/>
					<param name="content_path" value="library://video/musicvideos/"/>
					<param name="small" value="Skin.HasSetting(use_smaller_categories)"/>
					<param name="list_id" value="16900"/>
				</include>
				<include content="Widget-MusicVideos" condition="Library.HasContent(musicvideos)">
					<param name="widget_header" value="$LOCALIZE[20390]"/>
					<param name="widget_header_focus" value="$INFO[Container($PARAM[list_id]).ListItem.Artist, | , - ]$INFO[Container($PARAM[list_id]).ListItem.Title]$INFO[Container($PARAM[list_id]).ListItem.Year, (,)]"/>
					<param name="content_target" value="videos"/>
					<param name="content_path" value="videodb://recentlyaddedmusicvideos/"/>
					<param name="list_id" value="16100"/>
				</include>
				<include content="Widget-MusicVideos" condition="Library.HasContent(musicvideos)">
					<param name="widget_header" value="$LOCALIZE[31151]"/>
					<param name="widget_header_focus" value="$INFO[Container($PARAM[list_id]).ListItem.Artist, | , - ]$INFO[Container($PARAM[list_id]).ListItem.Title]$INFO[Container($PARAM[list_id]).ListItem.Year, (,)]"/>
					<param name="content_target" value="videos"/>
					<param name="content_path" value="special://skin/extras/playlists/unwatched_musicvideos.xsp"/>
					<param name="list_id" value="16200"/>
				</include>
				<include content="Widget-Artists" condition="Library.HasContent(musicvideos)">
					<param name="widget_header" value="$LOCALIZE[31013]"/>
					<param name="widget_header_focus" value="$INFO[Container($PARAM[list_id]).ListItem.Artist, | ,]"/>
					<param name="content_target" value="music"/>
					<param name="content_path" value="special://skin/extras/playlists/random_musicvideo_artists.xsp"/>
					<param name="list_id" value="16300"/>
				</include>
				<include content="Widget-MusicVideos" condition="Library.HasContent(musicvideos)">
					<param name="widget_header" value="$LOCALIZE[31152]"/>
					<param name="widget_header_focus" value="$INFO[Container($PARAM[list_id]).ListItem.Artist, | , - ]$INFO[Container($PARAM[list_id]).ListItem.Title]$INFO[Container($PARAM[list_id]).ListItem.Year, (,)]"/>
					<param name="content_target" value="videos"/>
					<param name="content_path" value="special://skin/extras/playlists/random_musicvideos.xsp"/>
					<param name="list_id" value="16400"/>
				</include>
				<include content="Widget-Studios" condition="Library.HasContent(musicvideos)">
					<param name="widget_header" value="$LOCALIZE[20388]"/>
					<param name="content_target" value="music"/>
					<param name="content_path" value="videodb://musicvideos/studios/"/>
					<param name="list_id" value="16500"/>
				</include>
			</control>
			<include content="Widget-Image" condition="!Library.HasContent(musicvideos)">
				<param name="text_label" value="$LOCALIZE[31104]" />
				<param name="button_label" value="$LOCALIZE[31110]" />
				<param name="button_onclick" value="ActivateWindow(videos,files,return)"/>
				<param name="button_id" value="16600"/>
				<param name="button2_onclick" value="Skin.SetBool(home_no_musicvideo_button)"/>
			</include>
			<include content="Widget-Scrollbar" condition="Skin.HasSetting(touchmode)">
				<param name="scrollbar_id" value="16010"/>
			</include>
		</control>
	</include>
	<include name="PicturesHomeWidgets">
		<control type="group" id="4000">
			<visible>String.IsEqual(Container(9000).ListItem.Property(defaultID),pictures)</visible>
			<include content="Visible_Right_Delayed">
				<param name="id" value="pictures"/>
			</include>
			<control type="grouplist" id="4001">
				<include>Widget-GroupCommon</include>
				<include content="Widget-Source" condition="!Skin.HasSetting(home_no_pictures_button)">
					<param name="widget_header" value="$LOCALIZE[20094]"/>
					<param name="content_target" value="pictures"/>
					<param name="content_path" value="sources://pictures/"/>
					<param name="list_id" value="4100"/>
				</include>
			</control>
		</control>
	</include>
	<include name="GamesHomeWidgets">
		<control type="group" id="17000">
			<visible>String.IsEqual(Container(9000).ListItem.Property(defaultID),games)</visible>
			<include content="Visible_Right_Delayed">
				<param name="id" value="games"/>
			</include>
			<control type="grouplist" id="17001">
				<include>Widget-GroupCommon</include>
				<pagecontrol>17010</pagecontrol>
				<include content="Widget-Addons">
					<param name="widget_header" value="$LOCALIZE[35049]"/>
					<param name="content_target" value="games"/>
					<param name="content_path" value="addons://sources/game/"/>
					<param name="content_sortby" value="lastused"/>
					<param name="content_sortorder" value="descending"/>
					<param name="list_id" value="17200"/>
				</include>
			</control>
			<include content="Widget-Image">
				<param name="text_label" value="$LOCALIZE[31162]" />
				<param name="button_label" value="$LOCALIZE[31144]" />
				<param name="button_onclick" value="ActivateWindow(addonbrowser,addons://all/category.gameaddons,return)"/>
				<param name="button_id" value="17100"/>
				<param name="visible" value="!Integer.IsGreater(Container(17001).NumItems,0)"/>
				<param name="button2_onclick" value="Skin.SetBool(home_no_games_button)"/>
			</include>
			<include content="Widget-Scrollbar" condition="Skin.HasSetting(touchmode)">
				<param name="scrollbar_id" value="17010"/>
			</include>
		</control>
	</include>
	<include name="DiscHomeWidgets">
		<control type="group" id="21000">
			<visible>String.IsEqual(Container(9000).ListItem.Property(defaultID),dvd)</visible>
			<include content="Visible_Right_Delayed">
				<param name="id" value="dvd"/>
			</include>
			<include content="Widget-Image">
				<param name="text_label" value="$INFO[System.DVDLabel]" />
				<param name="button_label" value="$LOCALIZE[341]" />
				<param name="button_onclick" value="PlayDisc"/>
				<param name="button_id" value="21100"/>
				<param name="visible" value="true"/>
				<param name="button2_label" value="$LOCALIZE[13391]"/>
				<param name="button2_onclick" value="EjectTray()"/>
				<param name="button3_label" value="$LOCALIZE[600]"/>
				<param name="button3_onclick" value="RipCD"/>
				<param name="visible_3" value="System.HasMediaAudioCD"/>
			</include>
		</control>
	</include>
</includes>