<?xml version="1.0" encoding="UTF-8"?>
<window>
	<defaultcontrol always="true">52</defaultcontrol>
	<backgroundcolor>$VAR[BackgroundColorVar]</backgroundcolor>
	<onload>SetProperty(fanarthometype,addons,Home)</onload>
	<onload condition="String.IsEmpty(Window(Home).Property(homebackground))">SetProperty(homebackground,$VAR[BackgroundAddonsVar],Home)</onload>
	<views>50,52,55,500</views>
	<menucontrol>9000</menucontrol>
	<controls>
		<include>DefaultBackground</include>
		<control type="group">
			<animation effect="fade" start="100" end="0" time="200" tween="sine" condition="$EXP[infodialog_active]">Conditional</animation>
			<include>View_50_List</include>
			<include>View_52_IconWall</include>
			<include>View_55_WideList</include>
			<include>View_500_Wall</include>
			<control type="group">
				<include>OpenClose_Left</include>
				<include>Visible_Left</include>
				<visible>Control.IsVisible(55)</visible>
				<include>ListThumbInfoPanelA</include>
			</control>
			<include content="TopBar">
				<param name="breadcrumbs_label" value="$LOCALIZE[10001]" />
			</include>
			<include content="BottomBar">
				<param name="info_visible" value="true" />
			</include>
			<include>CommonScrollbars</include>
			<include>MediaMenuMouseOverlay</include>
			<control type="group">
				<include>MediaMenuCommon</include>
				<control type="grouplist" id="9000">
					<top>50</top>
					<include>MediaMenuListCommon</include>
					<control type="label" id="203">
						<description>Actions</description>
						<include>MediaMenuLabelCommon</include>
						<label>$LOCALIZE[31020]</label>
						<visible>Control.IsVisible(621)</visible>
					</control>
					<control type="button" id="624">
						<include>MediaMenuItemsCommon</include>
						<label>$LOCALIZE[10140]</label>
						<onclick>Addon.OpenSettings($INFO[Container.PluginName])</onclick>
						<visible>!String.IsEmpty(Container.PluginName)</visible>
					</control>
					<control type="button" id="621">
						<description>Get more</description>
						<include>MediaMenuItemsCommon</include>
						<label>$LOCALIZE[21452]</label>
						<onclick>ActivateWindow(addonbrowser,addons://more/executable/,return)</onclick>
						<visible>Container.Content(addons)</visible>
					</control>
				</control>
				<include>MediaMenuNowPlaying</include>
			</control>
		</control>
	</controls>
</window>
