<?xml version="1.0" encoding="UTF-8"?>
<window>
	<defaultcontrol always="true">50</defaultcontrol>
	<backgroundcolor>$VAR[BackgroundColorVar]</backgroundcolor>
	<views>50,54</views>
	<menucontrol>9000</menucontrol>
	<controls>
		<include content="DefaultBackground">
			<param name="fanart_media" value="$VAR[SearchFanartVar]" />
		</include>
		<control type="group">
			<visible>![Window.IsVisible(DialogVideoInfo.xml) | Window.IsVisible(DialogMusicInfo.xml)]</visible>
			<depth>DepthContentPanel</depth>
			<include>OpenClose_Left</include>
			<control type="group">
				<depth>DepthContentPanel</depth>
				<include>OpenClose_Left</include>
				<visible>Container.Content(songs) | Container.Content(actors) | Container.Content(directors) | Container.Content(livetv) | [Control.IsVisible(50) + [Container.Content(episodes) | Container.Content(musicvideos) | Container.Content(artists) | Container.Content(albums)]]</visible>
				<include>Visible_Left</include>
				<include>ListThumbInfoPanelA</include>
			</control>
			<control type="group">
				<depth>DepthContentPanel</depth>
				<include>OpenClose_Left</include>
				<visible>Container.Content(movies) | Container.Content(tvshows) | Container.Content(seasons) | [Control.IsVisible(54) + [Container.Content(episodes) | Container.Content(musicvideos) | Container.Content(artists) | Container.Content(albums)]]</visible>
				<include>Visible_Left</include>
				<include>ListThumbInfoPanelB</include>
			</control>
			<control type="list" id="50">
				<left>596</left>
				<include condition="Container.Content(movies) | Container.Content(tvshows) | Container.Content(seasons)">Right_50</include>
				<include condition="![Container.Content(movies) | Container.Content(tvshows) | Container.Content(seasons)]">Right_55</include>
				<top>110</top>
				<bottom>list_y_offset</bottom>
				<movement>5</movement>
				<focusposition>6</focusposition>
				<orientation>vertical</orientation>
				<pagecontrol>50600</pagecontrol>
				<onleft>9000</onleft>
				<onright>50600</onright>
				<onup condition="Integer.IsGreater(Container.NumPages,1)">50</onup>
				<onup condition="!Integer.IsGreater(Container.NumPages,1)">9000</onup>
				<ondown>50</ondown>
				<viewtype label="[B]$LOCALIZE[535][/B]">list</viewtype>
				<scrolltime tween="cubic" easing="out">500</scrolltime>
				<animation effect="fade" time="200">VisibleChange</animation>
				<focusedlayout height="list_item_height">
					<control type="image">
						<left>0</left>
						<right>0</right>
						<top>0</top>
						<bottom>0</bottom>
						<texture colordiffuse="$VAR[MainColorVar]">lists/focus.png</texture>
						<visible>Control.HasFocus(50)</visible>
					</control>
					<control type="label">
						<left>70</left>
						<right>70</right>
						<top>0</top>
						<bottom>0</bottom>
						<aligny>center</aligny>
						<scroll>true</scroll>
						<font>font27</font>
						<label>$INFO[ListItem.Label]</label>
						<shadowcolor>$VAR[TextShadowColorVar]</shadowcolor>
					</control>
					<control type="label">
						<top>0</top>
						<bottom>0</bottom>
						<left>100</left>
						<right>20</right>
						<align>right</align>
						<aligny>center</aligny>
						<font>font12</font>
						<label>$VAR[ListLabel2Var]</label>
						<animation effect="fade" start="70" end="100" time="300" reversible="false">Focus</animation>
						<shadowcolor>$VAR[TextShadowColorVar]</shadowcolor>
					</control>
					<control type="image">
						<left>21</left>
						<centertop>50%</centertop>
						<width>32</width>
						<height>32</height>
						<texture>$VAR[ListWatchedIconVar]</texture>
						<animation effect="fade" start="30" end="100" time="300" reversible="false">Focus</animation>
					</control>
					<control type="image">
						<left>21</left>
						<centertop>50%</centertop>
						<width>32</width>
						<height>32</height>
						<texture colordiffuse="$VAR[MainColorVar]">$VAR[ListWatchedIconVar]</texture>
						<animation effect="fade" start="0" end="100" time="300" reversible="false">Focus</animation>
						<animation effect="fade" time="150">VisibleChange</animation>
						<visible>!Control.HasFocus(50)</visible>
					</control>
				</focusedlayout>
				<itemlayout height="list_item_height">
					<control type="label">
						<left>70</left>
						<right>70</right>
						<top>0</top>
						<bottom>0</bottom>
						<aligny>center</aligny>
						<font>font27</font>
						<label>$INFO[ListItem.Label]</label>
						<shadowcolor>$VAR[TextShadowColorVar]</shadowcolor>
					</control>
					<control type="label">
						<left>20</left>
						<right>20</right>
						<top>0</top>
						<bottom>0</bottom>
						<align>right</align>
						<aligny>center</aligny>
						<font>font12</font>
						<label>$VAR[ListLabel2Var]</label>
						<textcolor>$VAR[MainColorVar]</textcolor>
						<shadowcolor>$VAR[TextShadowColorVar]</shadowcolor>
					</control>
					<control type="image">
						<left>21</left>
						<centertop>50%</centertop>
						<width>32</width>
						<height>32</height>
						<texture colordiffuse="$VAR[GreyColorVar]">$VAR[ListWatchedIconVar]</texture>
					</control>
				</itemlayout>
			</control>
			<control type="panel" id="54">
				<left>590</left>
				<top>0</top>
				<right>15</right>
				<height>100%</height>
				<onleft>9000</onleft>
				<onright>54600</onright>
				<onup condition="Integer.IsGreater(Container.NumPages,1)">54</onup>
				<onup condition="!Integer.IsGreater(Container.NumPages,1)">9000</onup>
				<ondown>54</ondown>
				<viewtype label="[B]$LOCALIZE[31101][/B]">icon</viewtype>
				<preloaditems>2</preloaditems>
				<pagecontrol>54600</pagecontrol>
				<animation effect="fade" time="200">VisibleChange</animation>
				<scrolltime tween="cubic" easing="out">500</scrolltime>
				<itemlayout height="445" width="320" condition="Container.Content(movies) | Container.Content(tvshows) | Container.Content(seasons)">
					<control type="group">
						<left>30</left>
						<top>120</top>
						<include content="PosterLayout">
							<param name="istvshows" value="String.IsEqual(ListItem.Property(content),tvshows)" />
							<param name="percentplayed" value="ListItem.Property(percentplayed)" />
							<param name="ispercentplayed" value="Integer.IsEqual(ListItem.Property(percentplayed),0)" />
							<param name="overlaybg" value="!Integer.IsEqual(ListItem.Property(percentplayed),0) | Integer.IsGreater(ListItem.Property(playcount),0)" />
							<param name="watchedicon" value="$VAR[WallWatchedSearhIconVar]" />
						</include>
					</control>
				</itemlayout>
				<focusedlayout height="445" width="320" condition="Container.Content(movies) | Container.Content(tvshows) | Container.Content(seasons)">
					<control type="group">
						<depth>DepthContentPopout</depth>
						<left>30</left>
						<animation effect="zoom" start="100" end="110" time="200" tween="sine" easing="inout" center="190,300">Focus</animation>
						<animation effect="zoom" start="110" end="100" time="200" tween="sine" easing="inout" center="190,300">UnFocus</animation>
						<top>120</top>
						<include content="PosterLayout">
							<param name="focused" value="true" />
							<param name="istvshows" value="String.IsEqual(ListItem.Property(content),tvshows)" />
							<param name="percentplayed" value="ListItem.Property(percentplayed)" />
							<param name="ispercentplayed" value="Integer.IsEqual(ListItem.Property(percentplayed),0)" />
							<param name="overlaybg" value="!Integer.IsEqual(ListItem.Property(percentplayed),0) | Integer.IsGreater(ListItem.Property(playcount),0)" />
							<param name="watchedicon" value="$VAR[WallWatchedSearhIconVar]" />
						</include>
					</control>
				</focusedlayout>
				<itemlayout height="300" width="300" condition="Container.Content(episodes)">
					<control type="group">
						<left>64</left>
						<top>110</top>
						<include content="ThumbLayout">
							<param name="percentplayed" value="ListItem.Property(percentplayed)" />
							<param name="ispercentplayed" value="Integer.IsEqual(ListItem.Property(percentplayed),0)" />
							<param name="overlaybg" value="!Integer.IsEqual(ListItem.Property(percentplayed),0) | Integer.IsGreater(ListItem.Property(playcount),0)" />
							<param name="watchedicon" value="$VAR[WallWatchedSearhIconVar]" />
						</include>
					</control>
				</itemlayout>
				<focusedlayout height="300" width="300" condition="Container.Content(episodes)">
					<control type="group">
						<depth>DepthContentPopout</depth>
						<animation effect="zoom" start="100" end="110" time="200" tween="sine" easing="inout" center="220,250">Focus</animation>
						<animation effect="zoom" start="110" end="100" time="200" tween="sine" easing="inout" center="220,250">UnFocus</animation>
						<left>64</left>
						<top>110</top>
						<include content="ThumbLayout">
							<param name="focused" value="true" />
							<param name="percentplayed" value="ListItem.Property(percentplayed)" />
							<param name="ispercentplayed" value="Integer.IsEqual(ListItem.Property(percentplayed),0)" />
							<param name="overlaybg" value="!Integer.IsEqual(ListItem.Property(percentplayed),0) | Integer.IsGreater(ListItem.Property(playcount),0)" />
							<param name="watchedicon" value="$VAR[WallWatchedSearhIconVar]" />
						</include>
					</control>
				</focusedlayout>
				<itemlayout height="300" width="300" condition="Container.Content(musicvideos)">
					<control type="group">
						<left>64</left>
						<top>110</top>
						<include content="ThumbLayout">
							<param name="thumb_label" value="[COLOR $VAR[MainColorVar]]$INFO[ListItem.Duration][/COLOR]" />
							<param name="sub_label" value="$INFO[ListItem.Artist]" />
							<param name="overlaybg" value="!Integer.IsEqual(ListItem.Property(percentplayed),0) | Integer.IsGreater(ListItem.Property(playcount),0)" />
							<param name="watchedicon" value="$VAR[WallWatchedSearhIconVar]" />
						</include>
					</control>
				</itemlayout>
				<focusedlayout height="300" width="300" condition="Container.Content(musicvideos)">
					<control type="group">
						<depth>DepthContentPopout</depth>
						<animation effect="zoom" start="100" end="110" time="200" tween="sine" easing="inout" center="220,250">Focus</animation>
						<animation effect="zoom" start="110" end="100" time="200" tween="sine" easing="inout" center="220,250">UnFocus</animation>
						<left>64</left>
						<top>110</top>
						<include content="ThumbLayout">
							<param name="focused" value="true" />
							<param name="thumb_label" value="[COLOR $VAR[MainColorVar]]$INFO[ListItem.Duration][/COLOR]" />
							<param name="sub_label" value="$INFO[ListItem.Artist]" />
							<param name="overlaybg" value="!Integer.IsEqual(ListItem.Property(percentplayed),0) | Integer.IsGreater(ListItem.Property(playcount),0)" />
							<param name="watchedicon" value="$VAR[WallWatchedSearhIconVar]" />
						</include>
					</control>
				</focusedlayout>
				<itemlayout height="410" width="310" condition="Container.Content(artists) | Container.Content(albums) | Container.Content(songs)">
					<control type="group">
						<top>150</top>
						<left>40</left>
						<include>SquareLayout</include>
					</control>
				</itemlayout>
				<focusedlayout height="410" width="310" condition="Container.Content(artists) | Container.Content(albums) | Container.Content(songs)">
					<control type="group">
						<depth>DepthContentPopout</depth>
						<animation effect="zoom" start="100" end="115" time="200" tween="sine" easing="inout" center="200,350">Focus</animation>
						<animation effect="zoom" start="115" end="100" time="200" tween="sine" easing="inout" center="200,350">UnFocus</animation>
						<top>150</top>
						<left>40</left>
						<include content="SquareLayout">
							<param name="focused" value="true" />
						</include>
					</control>
				</focusedlayout>
				<itemlayout height="410" width="310" condition="Container.Content(actors) | Container.Content(directors)">
					<control type="group">
						<top>150</top>
						<left>40</left>
						<include content="SquareLayout">
							<param name="img_top" value="8" />
							<param name="img_ratio" value="keep" />
						</include>
					</control>
				</itemlayout>
				<focusedlayout height="410" width="310" condition="Container.Content(actors) | Container.Content(directors)">
					<control type="group">
						<depth>DepthContentPopout</depth>
						<animation effect="zoom" start="100" end="115" time="200" tween="sine" easing="inout" center="200,350">Focus</animation>
						<animation effect="zoom" start="115" end="100" time="200" tween="sine" easing="inout" center="200,350">UnFocus</animation>
						<top>150</top>
						<left>40</left>
						<include content="SquareLayout">
							<param name="focused" value="true" />
							<param name="img_top" value="8" />
							<param name="img_ratio" value="keep" />
						</include>
					</control>
				</focusedlayout>
				<itemlayout height="410" width="310" condition="Container.Content(livetv)">
					<control type="group">
						<top>150</top>
						<left>40</left>
						<include content="SquareLayout">
							<param name="img_top" value="24" />
							<param name="img_height" value="70%" />
							<param name="img_ratio" value="keep" />
							<param name="txt_height" value="20%" />
							<param name="progress" value="true" />
						</include>
					</control>
				</itemlayout>
				<focusedlayout height="410" width="310" condition="Container.Content(livetv)">
					<control type="group">
						<depth>DepthContentPopout</depth>
						<animation effect="zoom" start="100" end="115" time="200" tween="sine" easing="inout" center="200,350">Focus</animation>
						<animation effect="zoom" start="115" end="100" time="200" tween="sine" easing="inout" center="200,350">UnFocus</animation>
						<top>150</top>
						<left>40</left>
						<include content="SquareLayout">
							<param name="focused" value="true" />
							<param name="img_top" value="24" />
							<param name="img_height" value="70%" />
							<param name="img_ratio" value="keep" />
							<param name="txt_height" value="20%" />
							<param name="progress" value="true" />
						</include>
					</control>
				</focusedlayout>
			</control>
			<control type="group">
				<right>0</right>
				<top>80</top>
				<width>60</width>
				<bottom>80</bottom>
				<control type="scrollbar" id="50600">
					<right>0</right>
					<top>list_y_offset</top>
					<bottom>list_y_offset</bottom>
					<width>12</width>
					<onleft>50</onleft>
					<onright>50</onright>
					<orientation>vertical</orientation>
					<texturesliderbackground />
					<animation effect="fade" start="0" end="100" time="200" delay="300">Visible</animation>
					<animation effect="fade" start="100" end="0" time="200">Hidden</animation>
					<animation effect="slide" end="6,0" time="300" tween="sine" easing="inout" condition="!Control.HasFocus(50600)">conditional</animation>
					<visible>Control.IsVisible(50) + ![Container.Content(movies) | Container.Content(tvshows) | Container.Content(seasons)]</visible>
				</control>
				<control type="scrollbar" id="54600">
					<right>0</right>
					<top>list_y_offset</top>
					<bottom>list_y_offset</bottom>
					<width>12</width>
					<onleft>54</onleft>
					<onright>54</onright>
					<orientation>vertical</orientation>
					<texturesliderbackground />
					<animation effect="fade" start="0" end="100" time="200" delay="300">Visible</animation>
					<animation effect="fade" start="100" end="0" time="200">Hidden</animation>
					<animation effect="slide" end="6,0" time="300" tween="sine" easing="inout" condition="!Control.HasFocus(54600)">conditional</animation>
					<visible>Control.IsVisible(54)</visible>
				</control>
			</control>
			<control type="group">
				<depth>DepthContentPanel</depth>
				<visible>Control.IsVisible(50) + [Container.Content(movies) | Container.Content(tvshows) | Container.Content(seasons)]</visible>
				<control type="group">
					<right>-20</right>
					<width>634</width>
					<include content="ContentPanel">
						<param name="left" value="0" />
						<param name="top" value="-20" />
						<param name="width" value="656" />
						<param name="flipx" value="true" />
					</include>
					<control type="scrollbar" id="50600">
						<left>20</left>
						<top>list_y_offset</top>
						<bottom>list_y_offset</bottom>
						<width>12</width>
						<onleft>50</onleft>
						<onright>50</onright>
						<orientation>vertical</orientation>
						<animation effect="zoom" end="50,100" time="300" tween="sine" center="20,0" easing="inout" condition="!Control.HasFocus(50600)">conditional</animation>
					</control>
					<include content="PosterLayout">
						<param name="top" value="115" />
						<param name="left" value="15" />
						<param name="width" value="607" />
						<param name="height" value="883" />
						<param name="border" value="true" />
						<param name="watched" value="false" />
						<param name="img_height" value="97%" />
						<param name="txt_label" value="false" />
						<param name="cd_art_visible" value="true" />
						<param name="cd_art_size" value="300" />
						<param name="cd_art_size_overlay" value="302" />
					</include>
				</control>
			</control>
			<control type="label" id="999">
				<left>436</left>
				<top>0</top>
				<width>1484</width>
				<height>1080</height>
				<align>center</align>
				<aligny>center</aligny>
				<font>font_MainMenu</font>
				<label>$LOCALIZE[284]</label>
			</control>
			<include content="TopBar">
				<param name="breadcrumbs_label" value="$LOCALIZE[137]$INFO[Window(Home).Property(GlobalSearch.SearchString), - ,]" />
			</include>
			<include content="BottomBar">
				<param name="info_visible" value="true" />
			</include>
			<control type="group">
				<centerleft>50%</centerleft>
				<visible>!Skin.HasSetting(hide_logo_search)</visible>
				<visible>!Player.HasMedia + !Window.IsVisible(extendedprogressdialog) + ![Window.IsVisible(DialogVideoInfo.xml) | Window.IsVisible(DialogMusicInfo.xml)] + !ListItem.IsParentFolder + [!Window.IsActive(volumebar) | Player.Muted]</visible>
				<control type="image">
					<top>0</top>
					<height>140</height>
					<texture>$VAR[LibraryClearLogoVar]</texture>
					<aspectratio aligny="center" align="center">keep</aspectratio>
					<visible>!Container.Content()</visible>
				</control>
			</control>
			<control type="group">
				<depth>DepthBars</depth>
				<bottom>0</bottom>
				<height>70</height>
				<animation effect="fade" start="0" end="100" time="300" delay="300">WindowOpen</animation>
				<animation effect="fade" start="100" end="0" time="200">WindowClose</animation>
				<include condition="!Skin.HasSetting(hide_mediaflags_search)" content="MediaFlags">
					<param name="infolabel_prefix" value="Container." />
					<param name="resolution_var" value="$VAR[ContainerResolutionFlagVar]" />
				</include>
			</control>
			<control type="group">
				<include>OpenClose_Left</include>
				<depth>DepthSideBlade</depth>
				<animation effect="slide" end="-520,0" time="400">UnFocus</animation>
				<control type="image">
					<left>0</left>
					<top>0</top>
					<width>520</width>
					<height>100%</height>
					<texture border="0,0,52,0">lists/panel-mediamenu.png</texture>
				</control>
				<control type="image">
					<left>333</left>
					<top>86</top>
					<width>118</width>
					<height>118</height>
					<texture colordiffuse="$VAR[MainColorVar]">buttons/roundbutton-fo.png</texture>
					<visible>Control.HasFocus(990)</visible>
				</control>
				<control type="image">
					<left>372</left>
					<top>125</top>
					<width>40</width>
					<height>40</height>
					<texture colordiffuse="$VAR[GreyColorVar]">icons/search.png</texture>
					<visible>Control.IsVisible(990) + !Control.HasFocus(990)</visible>
				</control>
				<control type="image">
					<left>372</left>
					<top>125</top>
					<width>40</width>
					<height>40</height>
					<texture>icons/search.png</texture>
					<visible>Control.HasFocus(990)</visible>
				</control>
				<control type="grouplist">
					<left>20</left>
					<top>115</top>
					<width>442</width>
					<align>center</align>
					<itemgap>10</itemgap>
					<orientation>horizontal</orientation>
					<control type="label">
						<width>auto</width>
						<height>55</height>
						<aligny>center</aligny>
						<font>font13</font>
						<label>$ADDON[script.globalsearch 32297]</label>
						<visible>Control.IsVisible(991)</visible>
					</control>
					<control type="label" id="991">
						<width>380</width>
						<height>55</height>
						<aligny>center</aligny>
						<font>font13</font>
						<label></label>
					</control>
				</control>
				<control type="button" id="990">
					<left>77</left>
					<top>80</top>
					<width>500</width>
					<height>120</height>
					<label>$ADDON[script.globalsearch 32299]</label>
					<align>left</align>
					<aligny>center</aligny>
					<font>font14</font>
					<texturefocus></texturefocus>
					<texturenofocus></texturenofocus>
					<onup>SetFocus(9000,99,absolute)</onup>
					<ondown>2</ondown>
					<onleft>50</onleft>
					<onright>50</onright>
				</control>
				<control type="group">
					<top>145</top>
					<control type="label">
						<left>0</left>
						<top>30</top>
						<width>470</width>
						<height>50</height>
						<textoffsetx>20</textoffsetx>
						<textoffsety>15</textoffsety>
						<radioposx>300</radioposx>
						<font>font25_title</font>
						<aligny>top</aligny>
						<textcolor>$VAR[MainColorVar]</textcolor>
						<label>$LOCALIZE[14018]</label>
					</control>
					<control type="button" id="2">
						<left>0</left>
						<top>80</top>
						<width>470</width>
						<height>80</height>
						<aligny>center</aligny>
						<font>font14</font>
						<textoffsetx>20</textoffsetx>
						<texturenofocus />
						<texturefocus colordiffuse="$VAR[MainColorVar]">lists/focus.png</texturefocus>
						<onup>990</onup>
						<ondown>SetFocus(9000,0,absolute)</ondown>
						<onleft>990</onleft>
						<onright>50</onright>
						<onclick>Container.NextViewMode</onclick>
						<align>right</align>
					</control>
					<control type="label">
						<left>0</left>
						<top>150</top>
						<width>470</width>
						<height>50</height>
						<textoffsetx>20</textoffsetx>
						<textoffsety>15</textoffsety>
						<radioposx>300</radioposx>
						<font>font25_title</font>
						<aligny>top</aligny>
						<textcolor>$VAR[MainColorVar]</textcolor>
						<label>$LOCALIZE[14211]</label>
					</control>
					<control type="fixedlist" id="9000">
						<left>0</left>
						<top>200</top>
						<width>470</width>
						<height>840</height>
						<movement>6</movement>
						<onup>2</onup>
						<ondown>990</ondown>
						<onleft>2</onleft>
						<onright>50</onright>
						<scrolltime tween="cubic" easing="out">500</scrolltime>
						<focusedlayout height="95" width="470">
							<control type="group">
								<animation effect="fade" start="100" end="0" time="0">UnFocus</animation>
								<control type="image">
									<left>0</left>
									<top>0</top>
									<width>470</width>
									<height>95</height>
									<texture colordiffuse="$VAR[MainColorVar]">lists/focus.png</texture>
									<animation effect="fade" start="100" end="0" time="0" condition="[!Control.HasFocus(9000) + !ControlGroup(700).HasFocus] | System.HasModalDialog">Conditional</animation>
								</control>
								<control type="image">
									<left>-3</left>
									<top>1</top>
									<width>95</width>
									<height>95</height>
									<texture colordiffuse="$VAR[MainColorVar]">$VAR[SearchIconVar]</texture>
									<animation effect="fade" start="0" end="100" time="300" reversible="false">Focus</animation>
								</control>
								<control type="image">
									<left>0</left>
									<top>0</top>
									<width>95</width>
									<height>95</height>
									<texture colordiffuse="mbutton_overlay">colors/black.png</texture>
									<animation effect="fade" start="100" end="0" time="0" condition="[!Control.HasFocus(9000) + !ControlGroup(700).HasFocus] | System.HasModalDialog">Conditional</animation>
								</control>
							</control>
							<control type="image">
								<left>-3</left>
								<top>1</top>
								<width>95</width>
								<height>95</height>
								<texture>$VAR[SearchIconVar]</texture>
							</control>
							<control type="label">
								<left>104</left>
								<top>0</top>
								<height>95</height>
								<width>350</width>
								<aligny>center</aligny>
								<font>font37</font>
								<label>$INFO[ListItem.Label]</label>
								<shadowcolor>$VAR[TextShadowColorVar]</shadowcolor>
							</control>
							<control type="label">
								<left>104</left>
								<top>0</top>
								<height>95</height>
								<width>340</width>
								<align>right</align>
								<aligny>center</aligny>
								<font>font37</font>
								<label>[B]$INFO[ListItem.Label2][/B]</label>
								<shadowcolor>$VAR[TextShadowColorVar]</shadowcolor>
							</control>
						</focusedlayout>
						<itemlayout height="95" width="470">
							<control type="image">
								<left>-3</left>
								<top>1</top>
								<width>95</width>
								<height>95</height>
								<texture colordiffuse="$VAR[GreyColorVar]">$VAR[SearchIconVar]</texture>
							</control>
							<control type="label">
								<left>104</left>
								<top>0</top>
								<height>95</height>
								<width>350</width>
								<aligny>center</aligny>
								<font>font37</font>
								<label>$INFO[ListItem.Label]</label>
								<shadowcolor>$VAR[TextShadowColorVar]</shadowcolor>
							</control>
							<control type="label">
								<left>104</left>
								<top>0</top>
								<height>95</height>
								<width>340</width>
								<align>right</align>
								<aligny>center</aligny>
								<font>font37</font>
								<label>[B]$INFO[ListItem.Label2][/B]</label>
								<shadowcolor>$VAR[TextShadowColorVar]</shadowcolor>
							</control>
						</itemlayout>
					</control>
				</control>
			</control>
		</control>
	</controls>
</window>
