<?xml version="1.0" encoding="UTF-8"?>
<includes>
	<include name="View_58_BigPoster">
		<control type="group">
			<visible>Control.IsVisible(58)</visible>
			<include>Visible_Right</include>
			<include>OpenClose_Right</include>
			<top>180</top>
			<left>93</left>
			<right>93</right>
			<height>700</height>
			<control type="group">
				<control type="fixedlist" id="58">
					<animation effect="slide" start="0" end="237" condition="Container($PARAM[id]).Position(0) | Container($PARAM[id]).Position(1)" time="400" tween="quadratic">Conditional</animation>
					<animation effect="slide" start="0" end="-237" condition="Container($PARAM[id]).Position(3) | Container($PARAM[id]).Position(4)" time="400" tween="quadratic">Conditional</animation>
					<top>0</top>
					<left>-362</left>
					<width>2800</width>
					<height>700</height>
					<onleft>58</onleft>
					<onright>58</onright>
					<onup>9000</onup>
					<ondown>5199</ondown>
					<pagecontrol>5199</pagecontrol>
					<focusposition>2</focusposition>
					<movement>1</movement>
					<preloaditems>2</preloaditems>
					<orientation>horizontal</orientation>
					<viewtype label="$LOCALIZE[43200]">bigicons</viewtype>
					<scrolltime tween="quadratic">400</scrolltime>
					<visible>Container.Content(episodes) | Container.Content(albums) | Container.Content(artists) | Container.Content(seasons) | Container.Content(sets) | Container.Content(tvshows) | Container.Content(movies)</visible>
					<itemlayout height="700" width="495" condition="Container.Content(movies) | Container.Content(sets) | Container.Content(tvshows) | Container.Content(seasons)">
						<control type="group">
							<top>23</top>
							<include content="PosterLayout">
								<param name="width" value="493" />
								<param name="height" value="663" />
							</include>
						</control>
					</itemlayout>
					<focusedlayout height="700" width="495" condition="Container.Content(movies) | Container.Content(sets) | Container.Content(tvshows) | Container.Content(seasons)">
						<control type="group">
							<depth>DepthContentPopout</depth>
							<top>23</top>
							<include content="PosterLayout">
								<param name="focused" value="true" />
								<param name="width" value="493" />
								<param name="height" value="663" />
								<param name="cd_art_right" value="0" />
								<param name="cd_art_size" value="300" />
								<param name="cd_art_size_overlay" value="302" />
							</include>
						</control>
					</focusedlayout>
					<itemlayout height="700" width="495" condition="Container.Content(episodes)">
						<control type="group">
							<top>23</top>
							<control type="group">
								<control type="image">
									<left>15</left>
									<top>-10</top>
									<width>485</width>
									<height>655</height>
									<texture>dialogs/dialog-bg-nobo.png</texture>
									<bordertexture border="21">overlays/shadow.png</bordertexture>
									<bordersize>20</bordersize>
								</control>
								<control type="group">
									<left>15</left>
									<top>-10</top>
									<width>485</width>
									<height>655</height>
									<control type="group">
										<visible>!ListItem.IsParentFolder</visible>
										<include content="ThumbLayout">
											<param name="left" value="-4" />
											<param name="top" value="-4" />
											<param name="width" value="492" />
											<param name="height" value="300" />
											<param name="border" value="false" />
											<param name="watched_bottom" value="12" />
											<param name="thumb_label" value="" />
											<param name="img_height" value="100%" />
											<param name="txt_label" value="false" />
										</include>
										<control type="label">
											<top>290</top>
											<left>30</left>
											<right>30</right>
											<height>36</height>
											<label>[B]$INFO[ListItem.Title][/B]</label>
										</control>
										<control type="label">
											<top>330</top>
											<left>30</left>
											<right>30</right>
											<height>24</height>
											<font>font12</font>
											<label>[UPPERCASE]$INFO[ListItem.Season,$LOCALIZE[20373] , - ]$INFO[ListItem.Episode,$LOCALIZE[20359] ,][/UPPERCASE]</label>
											<textcolor>$VAR[MainColorVar]</textcolor>
										</control>
										<control type="textbox">
											<top>365</top>
											<left>30</left>
											<right>30</right>
											<bottom>30</bottom>
											<font>font12</font>
											<label>$VAR[PlotAndTagVar]</label>
											<autoscroll>false</autoscroll>
											<visible>String.IsEqual(Skin.Font, Arial) + !String.IsEmpty(ListItem.Plot)</visible>
										</control>
										<control type="textbox">
											<top>365</top>
											<left>30</left>
											<right>30</right>
											<bottom>50</bottom>
											<font>font12</font>
											<label>$VAR[PlotAndTagVar]</label>
											<autoscroll>false</autoscroll>
											<visible>!String.IsEqual(Skin.Font, Arial) + !String.IsEmpty(ListItem.Plot)</visible>
										</control>
										<control type="textbox">
											<top>365</top>
											<left>30</left>
											<right>30</right>
											<bottom>40</bottom>
											<align>center</align>
											<aligny>center</aligny>
											<font>font27</font>
											<textcolor>white8</textcolor>
											<label>$LOCALIZE[19055]</label>
											<visible>String.IsEmpty(ListItem.Plot)</visible>
										</control>
									</control>
									<control type="group">
										<visible>ListItem.IsParentFolder</visible>
										<include content="ThumbLayout">
											<param name="left" value="-4" />
											<param name="top" value="-4" />
											<param name="width" value="492" />
											<param name="height" value="650" />
											<param name="border" value="false" />
											<param name="img_height" value="100%" />
											<param name="txt_label" value="false" />
										</include>
									</control>
								</control>
							</control>
						</control>
					</itemlayout>
					<focusedlayout height="700" width="495" condition="Container.Content(episodes)">
						<control type="group">
							<top>23</top>
							<control type="group">
								 <control type="image">
									<left>15</left>
									<top>-10</top>
									<width>485</width>
									<height>655</height>
									<texture>dialogs/dialog-bg-nobo.png</texture>
									<bordertexture border="21">overlays/shadow.png</bordertexture>
									<bordersize>20</bordersize>
								</control>
								<control type="image">
									<left>11</left>
									<top>-14</top>
									<width>493</width>
									<height>663</height>
									<texture colordiffuse="$VAR[MainColorVar]">colors/grey.png</texture>
									<bordertexture border="21">overlays/shadow.png</bordertexture>
									<bordersize>20</bordersize>
									<include>Animation_FocusTextureFade</include>
								</control>
								<control type="group">
									<left>15</left>
									<top>-10</top>
									<width>485</width>
									<height>655</height>
									<control type="group">
										<visible>!ListItem.IsParentFolder</visible>
										<include content="ThumbLayout">
											<param name="left" value="-4" />
											<param name="top" value="-4" />
											<param name="width" value="492" />
											<param name="height" value="300" />
											<param name="border" value="false" />
											<param name="watched_bottom" value="12" />
											<param name="thumb_label" value="" />
											<param name="img_height" value="100%" />
											<param name="txt_label" value="false" />
										</include>
										<control type="label">
											<top>290</top>
											<left>30</left>
											<right>30</right>
											<height>36</height>
											<label>[B]$INFO[ListItem.Title][/B]</label>
										</control>
										<control type="label">
											<top>330</top>
											<left>30</left>
											<right>30</right>
											<height>24</height>
											<font>font12</font>
											<label>[UPPERCASE]$INFO[ListItem.Season,$LOCALIZE[20373] , - ]$INFO[ListItem.Episode,$LOCALIZE[20359] ,][/UPPERCASE]</label>
										</control>
										<control type="textbox">
											<top>365</top>
											<left>30</left>
											<right>30</right>
											<bottom>30</bottom>
											<font>font12</font>
											<label>$VAR[PlotAndTagVar]</label>
											<autoscroll delay="10000" time="5000" repeat="10000">Skin.HasSetting(autoscroll)</autoscroll>
											<visible>String.IsEqual(Skin.Font, Arial) + !String.IsEmpty(ListItem.Plot)</visible>
										</control>
										<control type="textbox">
											<top>365</top>
											<left>30</left>
											<right>30</right>
											<bottom>50</bottom>
											<font>font12</font>
											<label>$VAR[PlotAndTagVar]</label>
											<autoscroll delay="10000" time="5000" repeat="10000">Skin.HasSetting(autoscroll)</autoscroll>
											<visible>!String.IsEqual(Skin.Font, Arial) + !String.IsEmpty(ListItem.Plot)</visible>
										</control>
										<control type="textbox">
											<top>365</top>
											<left>30</left>
											<right>30</right>
											<bottom>40</bottom>
											<align>center</align>
											<aligny>center</aligny>
											<font>font27</font>
											<textcolor>white8</textcolor>
											<label>$LOCALIZE[19055]</label>
											<visible>String.IsEmpty(ListItem.Plot)</visible>
										</control>
									</control>
									<control type="group">
										<visible>ListItem.IsParentFolder</visible>
										<include content="ThumbLayout">
											<param name="left" value="-4" />
											<param name="top" value="-4" />
											<param name="width" value="492" />
											<param name="height" value="650" />
											<param name="border" value="false" />
											<param name="img_height" value="100%" />
											<param name="txt_label" value="false" />
										</include>
									</control>
								</control>
							</control>
						</control>
					</focusedlayout>
					<itemlayout height="700" width="495" condition="Container.Content(artists) | Container.Content(albums)">
						<control type="group">
							<top>23</top>
							<control type="group">
								<control type="image">
									<left>15</left>
									<top>-10</top>
									<width>485</width>
									<height>655</height>
									<texture>dialogs/dialog-bg-nobo.png</texture>
									<bordertexture border="21">overlays/shadow.png</bordertexture>
									<bordersize>20</bordersize>
								</control>
								<control type="group">
									<left>15</left>
									<top>-10</top>
									<width>485</width>
									<height>655</height>
									<control type="group">
										<visible>!ListItem.IsParentFolder</visible>
										<include content="SquareLayout">
											<param name="left" value="-4" />
											<param name="top" value="-4" />
											<param name="width" value="492" />
											<param name="height" value="475" />
											<param name="border" value="false" />
											<param name="istwolabel" value="false" />
											<param name="img_height" value="100%" />
											<param name="txt_label" value="false" />
										</include>
										<control type="textbox">
											<left>20</left>
											<right>20</right>
											<top>460</top>
											<bottom>20</bottom>
											<label>$INFO[ListItem.Artist,[B],[/B]]</label>
											<align>center</align>
											<aligny>center</aligny>
											<visible>Container.Content(artists)</visible>
										</control>
										<control type="textbox">
											<left>20</left>
											<right>20</right>
											<top>460</top>
											<bottom>20</bottom>
											<label>$INFO[ListItem.Album,[B],[/B]]$VAR[ListItemYearLabelVar,[B],[/B]][CR]$INFO[ListItem.Artist,[I],[/I]]</label>
											<align>center</align>
											<aligny>center</aligny>
											<visible>Container.Content(albums)</visible>
										</control>
										<control type="textbox">
											<left>20</left>
											<right>20</right>
											<top>460</top>
											<bottom>20</bottom>
											<label>$INFO[ListItem.Label]</label>
											<align>center</align>
											<aligny>center</aligny>
											<visible>String.IsEmpty(ListItem.Artist) + String.IsEmpty(ListItem.Album) + String.IsEmpty(ListItem.Year) + !ListItem.IsParentFolder</visible>
										</control>
									</control>
									<control type="group">
										<visible>ListItem.IsParentFolder</visible>
										<include content="SquareLayout">
											<param name="left" value="-4" />
											<param name="top" value="-4" />
											<param name="width" value="492" />
											<param name="height" value="475" />
											<param name="border" value="false" />
											<param name="img_height" value="100%" />
											<param name="txt_label" value="false" />
										</include>
										<control type="textbox">
											<left>20</left>
											<right>20</right>
											<top>460</top>
											<bottom>20</bottom>
											<label>..</label>
											<align>center</align>
											<aligny>center</aligny>
										</control>
									</control>
								</control>
							</control>
						</control>
					</itemlayout>
					<focusedlayout height="700" width="495" condition="Container.Content(artists) | Container.Content(albums)">
						<control type="group">
							<top>23</top>
							<control type="group">
								<control type="image">
									<left>15</left>
									<top>-10</top>
									<width>485</width>
									<height>655</height>
									<texture>dialogs/dialog-bg-nobo.png</texture>
									<bordertexture border="21">overlays/shadow.png</bordertexture>
									<bordersize>20</bordersize>
								</control>
								<control type="image">
									<left>11</left>
									<top>-14</top>
									<width>493</width>
									<height>663</height>
									<texture colordiffuse="$VAR[MainColorVar]">colors/grey.png</texture>
									<bordertexture border="21">overlays/shadow.png</bordertexture>
									<bordersize>20</bordersize>
									<include>Animation_FocusTextureFade</include>
								</control>
								<control type="group">
									<left>15</left>
									<top>-10</top>
									<width>485</width>
									<height>655</height>
									<control type="group">
										<visible>!ListItem.IsParentFolder</visible>
										<include content="SquareLayout">
											<param name="left" value="-4" />
											<param name="top" value="-4" />
											<param name="width" value="492" />
											<param name="height" value="475" />
											<param name="border" value="false" />
											<param name="istwolabel" value="false" />
											<param name="img_height" value="100%" />
											<param name="txt_label" value="false" />
										</include>
										<control type="textbox">
											<left>20</left>
											<right>20</right>
											<top>460</top>
											<bottom>20</bottom>
											<label>$INFO[ListItem.Artist,[B],[/B]]</label>
											<align>center</align>
											<aligny>center</aligny>
											<visible>Container.Content(artists)</visible>
										</control>
										<control type="textbox">
											<left>20</left>
											<right>20</right>
											<top>460</top>
											<bottom>20</bottom>
											<label>$INFO[ListItem.Album,[B],[/B]] $VAR[ListItemYearLabelVar,[B],[/B]][CR]$INFO[ListItem.Artist,[I],[/I]]</label>
											<align>center</align>
											<aligny>center</aligny>
											<visible>Container.Content(albums)</visible>
										</control>
										<control type="textbox">
											<left>20</left>
											<right>20</right>
											<top>460</top>
											<bottom>20</bottom>
											<label>$INFO[ListItem.Label]</label>
											<align>center</align>
											<aligny>center</aligny>
											<visible>String.IsEmpty(ListItem.Artist) + String.IsEmpty(ListItem.Album) + String.IsEmpty(ListItem.Year) + !ListItem.IsParentFolder</visible>
										</control>
									</control>
									<control type="group">
										<visible>ListItem.IsParentFolder</visible>
										<include content="SquareLayout">
											<param name="left" value="-4" />
											<param name="top" value="-4" />
											<param name="width" value="492" />
											<param name="height" value="475" />
											<param name="border" value="false" />
											<param name="img_height" value="100%" />
											<param name="txt_label" value="false" />
										</include>
										<control type="textbox">
											<left>20</left>
											<right>20</right>
											<top>460</top>
											<bottom>20</bottom>
											<label>..</label>
											<align>center</align>
											<aligny>center</aligny>
										</control>
									</control>
								</control>
							</control>
						</control>
					</focusedlayout>
				</control>
			</control>
		</control>
	</include>
</includes>