<?xml version="1.0" encoding="UTF-8"?>
<includes>
	<include name="View_53_Shift">
		<control type="group">
			<description>Poster Viewtype</description>
			<centertop>50%</centertop>
			<left>0</left>
			<height>880</height>
			<control type="group">
				<visible>Control.IsVisible(53)</visible>
				<animation effect="fade" start="0" end="100" time="300">WindowOpen</animation>
				<animation effect="fade" start="100" end="0" time="300">WindowClose</animation>
				<animation effect="fade" time="200">VisibleChange</animation>
				<control type="image">
					<left>0</left>
					<top>760</top>
					<width>100%</width>
					<height>110</height>
					<texture colordiffuse="bg_desc">dialogs/dialog-bg-nobo.png</texture>
				</control>
				<control type="image">
					<left>0</left>
					<top>35</top>
					<width>100%</width>
					<height>190</height>
					<texture colordiffuse="bg_desc">dialogs/dialog-bg-nobo.png</texture>
				</control>
			</control>
			<control type="group">
				<visible>Control.IsVisible(53)</visible>
				<include>Visible_Right</include>
				<include>OpenClose_Right</include>
				<top>160</top>
				<control type="image">
					<left>600</left>
					<top>600</top>
					<width>340</width>
					<height>110</height>
					<visible>Control.HasFocus(53)</visible>
					<animation effect="fade" time="200">VisibleChange</animation>
					<texture colordiffuse="$VAR[MainColorVar]">colors/grey.png</texture>
					<animation effect="slide" start="0,0" end="-364,0" time="300" tween="sine" easing="inout" condition="Integer.IsEqual(Container.Position,1) | Integer.IsEqual(Container.Position,0)">Conditional</animation>
					<animation effect="slide" start="0,0" end="-364,0" time="300" tween="sine" easing="inout" condition="Integer.IsEqual(Container.Position,0)">Conditional</animation>
					<animation effect="slide" start="0,0" end="364,0" time="300" tween="sine" easing="inout" condition="Integer.IsEqual(Container.Position,3) | Integer.IsEqual(Container.Position,4)">Conditional</animation>
					<animation effect="slide" start="0,0" end="364,0" time="300" tween="sine" easing="inout" condition="Integer.IsEqual(Container.Position,4)">Conditional</animation>
				</control>
				<control type="fixedlist" id="53">
					<left>-150</left>
					<top>0</top>
					<width>111%</width>
					<height>710</height>
					<focusposition>1</focusposition>
					<movement>0</movement>
					<pagecontrol>5199</pagecontrol>
					<scrolltime tween="cubic" easing="out">500</scrolltime>
					<orientation>horizontal</orientation>
					<visible>Container.Content(movies) | Container.Content(sets) | Container.Content(tvshows) | Container.Content(seasons) | Container.Content(artists) | Container.Content(albums) | Container.Content(mixed) | Container.Content(images) | Container.Content(videos) | Container.Content(games)</visible>
					<onleft>53</onleft>
					<onup>9000</onup>
					<ondown>5199</ondown>
					<onright>53</onright>
					<preloaditems>1</preloaditems>
					<viewtype label="31100">icon</viewtype>
					<itemlayout width="370">
						<control type="group">
							<visible>Container.Content(images)</visible>
							<include content="PictureLayout">
								<param name="top" value="88" />
								<param name="left" value="13" />
								<param name="width" value="344" />
								<param name="height" value="484" />
								<param name="img_height" value="98%" />
								<param name="txt_label" value="false" />
							</include>
						</control>
						<control type="group">
							<visible>Container.Content(movies) | Container.Content(sets) | Container.Content(tvshows) | Container.Content(seasons)</visible>
							<include content="PosterLayout">
								<param name="top" value="88" />
								<param name="left" value="13" />
								<param name="width" value="344" />
								<param name="height" value="484" />
								<param name="img_height" value="97%" />
								<param name="txt_label" value="false" />
							</include>
						</control>
						<control type="group">
							<visible>Container.Content(artists) | Container.Content(albums)</visible>
							<include content="SquareLayout">
								<param name="top" value="150" />
								<param name="left" value="13" />
								<param name="width" value="344" />
								<param name="height" value="350" />
								<param name="istwolabel" value="false" />
								<param name="img_height" value="98%" />
								<param name="img_ratio" value="scale" />
								<param name="txt_label" value="false" />
							</include>
						</control>
						<control type="image">
							<left>20</left>
							<top>605</top>
							<width>330</width>
							<height>100</height>
							<aspectratio aligny="center">keep</aspectratio>
							<texture>$VAR[ViewClearLogoVar]</texture>
							<visible>!ListItem.IsParentFolder</visible>
							<visible>!Skin.HasSetting(hide_logo_library)</visible>
							<visible>![String.IsEqual(ListItem.DBType,season) | String.IsEqual(listItem.DBType,album)]</visible>
						</control>
						<control type="textbox">
							<left>20</left>
							<top>603</top>
							<width>330</width>
							<height>105</height>
							<align>center</align>
							<aligny>center</aligny>
							<label>$INFO[ListItem.Label]</label>
							<autoscroll time="3000" delay="3000" repeat="3000">True</autoscroll>
							<visible>!Skin.HasSetting(hide_logo_library)</visible>
							<visible>String.IsEmpty(ListItem.Art(tvshow.clearlogo)) + String.IsEmpty(ListItem.Art(artist.clearlogo)) + String.IsEmpty(ListItem.Art(clearlogo))</visible>
							<visible>![String.IsEqual(ListItem.DBType,season) | String.IsEqual(listItem.DBType,album)]</visible>
						</control>
						<control type="textbox">
							<left>20</left>
							<top>603</top>
							<width>330</width>
							<height>105</height>
							<align>center</align>
							<aligny>center</aligny>
							<label>$INFO[ListItem.Label]</label>
							<autoscroll time="3000" delay="3000" repeat="3000">True</autoscroll>
							<visible>Skin.HasSetting(hide_logo_library) | String.IsEqual(ListItem.DBType,season) | String.IsEqual(listItem.DBType,album)</visible>
						</control>
					</itemlayout>
					<focusedlayout width="370">
						<depth>DepthContentPopout</depth>
						<control type="group">
							<visible>Container.Content(images)</visible>
							<include content="PictureLayout">
								<param name="top" value="88" />
								<param name="left" value="13" />
								<param name="width" value="344" />
								<param name="height" value="484" />
								<param name="focused" value="true" />
								<param name="img_height" value="98%" />
								<param name="txt_label" value="false" />
							</include>
						</control>
						<control type="group">
							<visible>Container.Content(movies) | Container.Content(sets) | Container.Content(tvshows) | Container.Content(seasons)</visible>
							<include content="PosterLayout">
								<param name="top" value="88" />
								<param name="left" value="13" />
								<param name="width" value="344" />
								<param name="height" value="484" />
								<param name="focused" value="true" />
								<param name="img_height" value="97%" />
								<param name="txt_label" value="false" />
							</include>
						</control>
						<control type="group">
							<visible>Container.Content(artists) | Container.Content(albums)</visible>
							<include content="SquareLayout">
								<param name="top" value="150" />
								<param name="left" value="13" />
								<param name="width" value="344" />
								<param name="height" value="350" />
								<param name="focused" value="true" />
								<param name="istwolabel" value="false" />
								<param name="img_height" value="98%" />
								<param name="img_ratio" value="scale" />
								<param name="txt_label" value="false" />
							</include>
						</control>
						<control type="image">
							<left>20</left>
							<top>605</top>
							<width>330</width>
							<height>100</height>
							<aspectratio aligny="center">keep</aspectratio>
							<texture>$VAR[ViewClearLogoVar]</texture>
							<visible>!ListItem.IsParentFolder</visible>
							<visible>!Skin.HasSetting(hide_logo_library)</visible>
							<visible>![String.IsEqual(ListItem.DBType,season) | String.IsEqual(listItem.DBType,album)]</visible>
						</control>
						<control type="textbox">
							<left>20</left>
							<top>603</top>
							<width>330</width>
							<height>105</height>
							<align>center</align>
							<aligny>center</aligny>
							<label>$INFO[ListItem.Label]</label>
							<autoscroll time="3000" delay="3000" repeat="3000">True</autoscroll>
							<visible>!Skin.HasSetting(hide_logo_library)</visible>
							<visible>String.IsEmpty(ListItem.Art(tvshow.clearlogo)) + String.IsEmpty(ListItem.Art(artist.clearlogo)) + String.IsEmpty(ListItem.Art(clearlogo))</visible>
							<visible>![String.IsEqual(ListItem.DBType,season) | String.IsEqual(listItem.DBType,album)]</visible>
						</control>
						<control type="textbox">
							<left>20</left>
							<top>603</top>
							<width>330</width>
							<height>105</height>
							<align>center</align>
							<aligny>center</aligny>
							<label>$INFO[ListItem.Label]</label>
							<autoscroll time="3000" delay="3000" repeat="3000">True</autoscroll>
							<visible>Skin.HasSetting(hide_logo_library) | String.IsEqual(ListItem.DBType,season) | String.IsEqual(listItem.DBType,album)</visible>
						</control>
					</focusedlayout>
				</control>
			</control>
			<control type="group">
				<visible>Control.IsVisible(53)</visible>
				<include>Visible_Right</include>
				<include>OpenClose_Right</include>
				<control type="group">
					<width>50%</width>
					<include content="ShiftTextbox">
						<param name="textbox_id" value="53200" />
						<param name="textbox_content" value="$VAR[ShiftLeftTextBoxVar]" />
					</include>
				</control>
				<control type="group">
					<left>50%</left>
					<width>50%</width>
					<include content="ShiftTextbox">
						<param name="textbox_id" value="53300" />
						<param name="textbox_content" value="$VAR[ShiftRightTextBoxVar]" />
					</include>
				</control>
				<control type="group">
					<visible>ListItem.IsCollection</visible>
					<visible>!ListItem.IsParentFolder</visible>
					<control type="group">
						<left>20</left>
						<top>45</top>
						<height>166</height>
						<visible>!Skin.HasSetting(hide_collections_text)</visible>
						<include content="InfoList">
							<param name="bottom" value="0" />
							<param name="width" value="903" />
							<param name="sortby" value="year" />
							<param name="sortorder" value="ascending" />
							<param name="list_id" value="5810" />
						</include>
					</control>
					<control type="group">
						<left>20</left>
						<top>45</top>
						<height>245</height>
						<visible>Skin.HasSetting(hide_collections_text)</visible>
						<include content="InfoListPics">
							<param name="bottom" value="0" />
							<param name="width" value="903" />
							<param name="sortby" value="year" />
							<param name="sortorder" value="ascending" />
							<param name="list_id" value="6110" />
						</include>
					</control>
				</control>
				<control type="group">
					<visible>!String.IsEmpty(ListItem.DBID)</visible>
					<visible>String.IsEqual(ListItem.DBType,artist)</visible>
					<visible>!ListItem.IsParentFolder</visible>
					<control type="group">
						<left>20</left>
						<top>45</top>
						<height>166</height>
						<visible>!Skin.HasSetting(hide_albums_text)</visible>
						<include content="InfoList">
							<param name="bottom" value="0" />
							<param name="width" value="903" />
							<param name="sortby" value="year" />
							<param name="sortorder" value="ascending" />
							<param name="list_id" value="5810" />
							<param name="item_label" value="$VAR[ListItemYearLabel2Var]$INFO[ListItem.Label]" />
						</include>
					</control>
					<control type="group">
						<left>20</left>
						<top>45</top>
						<height>245</height>
						<visible>Skin.HasSetting(hide_albums_text)</visible>
						<include content="InfoListPics">
							<param name="bottom" value="0" />
							<param name="width" value="903" />
							<param name="sortby" value="year" />
							<param name="sortorder" value="ascending" />
							<param name="list_id" value="6110" />
							<param name="item_width" value="180" />
							<param name="img_source" value="$INFO[ListItem.Thumb]" />
							<param name="img_fallback" value="DefaultAudio.png" />
						</include>
					</control>
				</control>
			</control>
		</control>
	</include>
	<include name="ShiftTextbox">
		<control type="group">
			<animation effect="fade" time="200" start="0" end="100" condition="!String.IsEmpty(Control.GetLabel($PARAM[textbox_id]))">Conditional</animation>
			<animation effect="fade" time="200" start="100" end="0" condition="String.IsEmpty(Control.GetLabel($PARAM[textbox_id]))">Conditional</animation>
			<control type="textbox" id="$PARAM[textbox_id]">
				<left>30</left>
				<top>45</top>
				<right>30</right>
				<height>168</height>
				<label>$PARAM[textbox_content]</label>
				<shadowcolor>$VAR[TextShadowColorVar]</shadowcolor>
				<autoscroll delay="10000" time="5000" repeat="10000">Skin.HasSetting(autoscroll)</autoscroll>
				<visible>!String.IsEqual(Skin.Font, Arial)</visible>
			</control>
			<control type="textbox" id="$PARAM[textbox_id]">
				<left>30</left>
				<top>45</top>
				<right>30</right>
				<height>165</height>
				<label>$PARAM[textbox_content]</label>
				<shadowcolor>$VAR[TextShadowColorVar]</shadowcolor>
				<autoscroll delay="10000" time="5000" repeat="10000">Skin.HasSetting(autoscroll)</autoscroll>
				<visible>String.IsEqual(Skin.Font, Arial)</visible>
			</control>
		</control>
	</include>
</includes>
