<?xml version="1.0" encoding="UTF-8"?>
<window>
	<defaultcontrol always="true">10</defaultcontrol>
	<coordinates>
		<left>235</left>
		<top>75</top>
	</coordinates>
	<include>dialogeffect</include>
	<depth>DepthDialog+</depth>
	<controls>
		<control type="group">
			<control type="image">
				<description>background image</description>
				<left>0</left>
				<top>0</top>
				<width>850</width>
				<height>550</height>
				<texture border="40">$VAR[SelectBack]</texture>
			</control>
			<control type="image">
				<description>Dialog Header image</description>
				<left>40</left>
				<top>16</top>
				<width>770</width>
				<height>40</height>
				<texture>dialogheader.png</texture>
			</control>
			<control type="label" id="1">
				<description>header label</description>
				<left>40</left>
				<top>20</top>
				<width>770</width>
				<height>30</height>
				<font>font13_title</font>
				<label>$ADDON[script.libreelec.devupdate 32145]</label>
				<align>center</align>
				<aligny>center</aligny>
				<textcolor>selected</textcolor>
				<shadowcolor>black</shadowcolor>
			</control>
			<control type="label" id="4">
				<description>No Settings Label</description>
				<left>20</left>
				<top>120</top>
				<width>550</width>
				<align>center</align>
				<font>font13</font>
			</control>
			<control type="button">
				<description>Close Window button</description>
				<left>760</left>
				<top>15</top>
				<width>64</width>
				<height>32</height>
				<label/>
				<font/>
				<onclick>PreviousMenu</onclick>
				<texturefocus>DialogCloseButton-focus.png</texturefocus>
				<texturenofocus>DialogCloseButton.png</texturenofocus>
				<visible>system.getbool(input.enablemouse)</visible>
			</control>
			<control type="group">
				<description>Bottom panel</description>
				<top>210</top>
				<left>410</left>
				<control type="textbox" id="200">
					<description>Info area</description>
					<height>100</height>
					<width>200</width>
				</control>
			</control>
			<control type="list" id="10">
				<description>Source list</description>
				<left>20</left>
				<top>67</top>
				<width>250</width>
				<height>460</height>
				<onup>300</onup>
				<onleft>300</onleft>
				<onright>610</onright>
				<pagecontrol>610</pagecontrol>
				<itemlayout height="46" width="250">
					<control type="image">
						<left>0</left>
						<top>0</top>
						<width>250</width>
						<height>40</height>
						<texture border="5">button-nofocus.png</texture>
					</control>
					<control type="label">
						<visible>String.IsEqual(ListItem.Label2, selected)</visible>
						<left>20</left>
						<top>0</top>
						<width>210</width>
						<height>40</height>
						<font>font13</font>
						<align>left</align>
						<aligny>center</aligny>
						<textcolor>selected</textcolor>
						<info>ListItem.Label</info>
					</control>
					<control type="label">
						<visible>!String.IsEqual(ListItem.Label2, selected)</visible>
						<left>20</left>
						<top>0</top>
						<width>210</width>
						<height>40</height>
						<font>font13</font>
						<align>left</align>
						<aligny>center</aligny>
						<textcolor>grey2</textcolor>
						<info>ListItem.Label</info>
					</control>
				</itemlayout>
				<focusedlayout height="46" width="250">
					<control type="image">
						<left>0</left>
						<top>0</top>
						<width>250</width>
						<height>40</height>
						<texture border="5">button-nofocus.png</texture>
						<visible>!Control.HasFocus(10)</visible>
						<include>VisibleFadeEffect</include>
					</control>
					<control type="image">
						<left>0</left>
						<top>0</top>
						<width>250</width>
						<height>40</height>
						<texture border="5">button-focus2.png</texture>
						<visible>Control.HasFocus(10)</visible>
						<include>VisibleFadeEffect</include>
					</control>
					<control type="label">
						<visible>String.IsEqual(ListItem.Label2, selected)</visible>
						<left>20</left>
						<top>0</top>
						<width>210</width>
						<height>40</height>
						<font>font13</font>
						<align>left</align>
						<aligny>center</aligny>
						<textcolor>selected</textcolor>
						<info>ListItem.Label</info>
					</control>
					<control type="label">
						<visible>!String.IsEqual(ListItem.Label2, selected)</visible>
						<left>20</left>
						<top>0</top>
						<width>210</width>
						<height>40</height>
						<font>font13</font>
						<align>left</align>
						<aligny>center</aligny>
						<textcolor>grey2</textcolor>
						<info>ListItem.Label</info>
					</control>
				</focusedlayout>
			</control>
			<control type="scrollbar" id="610">
				<left>270</left>
				<top>65</top>
				<width>25</width>
				<height>464</height>
				<texturesliderbackground border="0,14,0,14">ScrollBarV.png</texturesliderbackground>
				<texturesliderbar border="0,14,0,14">ScrollBarV_bar.png</texturesliderbar>
				<texturesliderbarfocus border="0,14,0,14">ScrollBarV_bar_focus.png</texturesliderbarfocus>
				<textureslidernib>ScrollBarNib.png</textureslidernib>
				<textureslidernibfocus>ScrollBarNib.png</textureslidernibfocus>
				<onleft>10</onleft>
				<onright>20</onright>
				<ondown>610</ondown>
				<onup>610</onup>
				<showonepage>false</showonepage>
				<orientation>vertical</orientation>
			</control>
			<control type="list" id="20">
				<description>Build list</description>
				<left>300</left>
				<top>67</top>
				<width>300</width>
				<height>460</height>
				<onleft>10</onleft>
				<onright>620</onright>
				<pagecontrol>620</pagecontrol>
				<itemlayout height="46" width="300">
					<control type="image">
						<left>0</left>
						<top>0</top>
						<width>300</width>
						<height>40</height>
						<texture border="5">button-nofocus.png</texture>
					</control>
					<control type="label">
						<left>0</left>
						<width>130</width>
						<aligny>center</aligny>
						<align>center</align>
						<textcolor>ff87bde1</textcolor>
						<info>ListItem.Label</info>
						<animation effect="slide" start="0,0" end="70,0" time="0" condition="String.IsEmpty(ListItem.Label2)">Conditional</animation>
					</control>
					<control type="label">
						<right>70</right>
						<aligny>center</aligny>
						<align>right</align>
						<textcolor>ffbbbbbb</textcolor>
						<info>ListItem.Label2</info>
					</control>
					<control type="image">
						<left>250</left>
						<top>0</top>
						<height>46</height>
						<width>46</width>
						<info>ListItem.Icon</info>
					</control>
				</itemlayout>
				<focusedlayout height="46" width="300">
					<control type="image">
						<left>0</left>
						<top>0</top>
						<width>300</width>
						<height>40</height>
						<texture border="5">button-nofocus.png</texture>
						<visible>!Control.HasFocus(20)</visible>
						<include>VisibleFadeEffect</include>
					</control>
					<control type="image">
						<left>0</left>
						<top>0</top>
						<width>300</width>
						<height>40</height>
						<texture border="5">button-focus2.png</texture>
						<visible>Control.HasFocus(20)</visible>
						<include>VisibleFadeEffect</include>
					</control>
					<control type="label">
						<left>0</left>
						<width>130</width>
						<aligny>center</aligny>
						<align>center</align>
						<info>ListItem.Label</info>
						<animation effect="slide" start="0,0" end="70,0" time="0" condition="String.IsEmpty(ListItem.Label2)">Conditional</animation>
					</control>
					<control type="label">
						<right>70</right>
						<aligny>center</aligny>
						<align>right</align>
						<info>ListItem.Label2</info>
					</control>
					<control type="image">
						<left>250</left>
						<top>0</top>
						<height>46</height>
						<width>46</width>
						<info>ListItem.Icon</info>
					</control>
				</focusedlayout>
			</control>
			<control type="scrollbar" id="620">
				<left>600</left>
				<top>65</top>
				<width>25</width>
				<height>464</height>
				<texturesliderbackground border="0,14,0,14">ScrollBarV.png</texturesliderbackground>
				<texturesliderbar border="0,14,0,14">ScrollBarV_bar.png</texturesliderbar>
				<texturesliderbarfocus border="0,14,0,14">ScrollBarV_bar_focus.png</texturesliderbarfocus>
				<textureslidernib>ScrollBarNib.png</textureslidernib>
				<textureslidernibfocus>ScrollBarNib.png</textureslidernibfocus>
				<onleft>20</onleft>
				<onright>300</onright>
				<ondown>620</ondown>
				<onup>620</onup>
				<showonepage>false</showonepage>
				<orientation>vertical</orientation>
			</control>
			<control type="grouplist" id="300">
				<description>Toolbar</description>
				<left>640</left>
				<top>60</top>
				<onleft>620</onleft>
				<onright>10</onright>
				<orientation>vertical</orientation>
				<control type="label" id="100">
					<description>Build type label</description>
					<height>40</height>
					<aligny>center</aligny>
					<textcolor>selected</textcolor>
				</control>
				<control type="button" id="30">
					<description>Settings button</description>
					<width>180</width>
					<height>40</height>
					<label>$ADDON[script.libreelec.devupdate 32146]</label>
					<font>font12_title</font>
					<textcolor>white</textcolor>
					<focusedcolor>white</focusedcolor>
					<align>center</align>
				</control>
				<control type="button" id="40">
					<description>History button</description>
					<width>180</width>
					<height>40</height>
					<label>$ADDON[script.libreelec.devupdate 32147]</label>
					<font>font12_title</font>
					<textcolor>white</textcolor>
					<focusedcolor>white</focusedcolor>
					<align>center</align>
				</control>
				<control type="button" id="50">
					<description>Cancel button</description>
					<width>180</width>
					<height>40</height>
					<label>$LOCALIZE[222]</label>
					<font>font12_title</font>
					<textcolor>white</textcolor>
					<focusedcolor>white</focusedcolor>
					<align>center</align>
				</control>
			</control>
		</control>  
	</controls>
</window>
