<?xml version="1.0" encoding="utf-8"?>
<window id="2127" type="dialog">
	<onload>Skin.Reset(EnableRandomPlaylist)</onload>
	<defaultcontrol always="true">10</defaultcontrol>
	<coordinates>
		<system>1</system>
		<left>310</left>
		<top>230</top>
	</coordinates>
	<include>dialogeffect</include>
	<controls>
		<include content="DialogYesNo">
			<param name="dialogheaderlabel" value="$LOCALIZE[24020] - Script Playlists" />
			<param name="dialogtext" value="$LOCALIZE[88129]" />
			<param name="dialogincludeyes" value="RandomPlaylistYes" />
			<param name="dialogincludeno" value="RandomPlaylistNo" />
		</include>
	</controls>
</window>