<?xml version="1.0" encoding="utf-8"?>
<window id="2119" type="dialog">
	<defaultcontrol always="true">450</defaultcontrol>
	<coordinates>
		<system>1</system>
		<left>0</left>
		<top>0</top>
	</coordinates>
	<onunload>ClearProperty(UsrSelectBtnClear,Home)</onunload>
	<controls>
		<include content="CustomSlideDialog">
			<param name="dlg_title" value="$LOCALIZE[89700]" />
			<param name="id_win" value="2119" />
			<param name="include_name" value="AddonItemChoices" />
		</include>
	</controls>
</window>