<?xml version="1.0" encoding="UTF-8"?>
<window>
	<defaultcontrol>110</defaultcontrol>
	<include condition="Skin.HasSetting(lrclyrics_alternative_view)">OpenClose_Right</include>
	<include condition="!Skin.HasSetting(lrclyrics_alternative_view)">Lrclyrics_Dialog</include>
	<controls>
		<control type="group">
			<width>1320</width>
			<centerleft>50%</centerleft>
			<centertop>50%</centertop>
			<height>900</height>
			<include  condition="!Skin.HasSetting(lrclyrics_alternative_view)" content="DialogBackgroundCommons">
				<param name="width" value="1320" />
				<param name="height" value="780" />
				<param name="header_label" value="$ADDON[script.cu.lrclyrics 32199]" />
				<param name="header_id" value="2" />
			</include>
			<animation effect="slide" end="310,0" time="0" condition="[Player.ShowInfo | Window.IsActive(musicosd)] + Skin.HasSetting(lrclyrics_alternative_view)">conditional</animation>
			<!-- ** Required ** Do not change <id> or <type> (Lyrics, will autoscroll if lrc based lyrics are shown) -->
			<control type="list" id="110">
				<left>10</left>
				<top>110</top>
				<width>1300</width>
				<height>600</height>
				<onleft>111</onleft>
				<onright>111</onright>
				<onup>110</onup>
				<ondown>110</ondown>
				<pagecontrol>111</pagecontrol>
				<scrolltime>200</scrolltime>
				<itemlayout height="60">
					<control type="label">
						<left>0</left>
						<top>0</top>
						<width>1300</width>
						<height>60</height>
						<font>font14</font>
						<aligny>center</aligny>
						<align>center</align>
						<label fallback="--">$INFO[ListItem.Label]</label>
					</control>
				</itemlayout>
				<focusedlayout height="60">
					<control type="label">
						<left>0</left>
						<top>0</top>
						<width>1300</width>
						<height>60</height>
						<font>font14</font>
						<aligny>center</aligny>
						<align>center</align>
						<shadowcolor>black</shadowcolor>
						<label fallback="--">$INFO[ListItem.Label]</label>
					</control>
					<control type="label">
						<left>0</left>
						<top>0</top>
						<width>1300</width>
						<height>60</height>
						<font>font14</font>
						<aligny>center</aligny>
						<align>center</align>
						<shadowcolor>black</shadowcolor>
						<textcolor>$VAR[MainColorVar]</textcolor>
						<label fallback="--">$INFO[ListItem.Label]</label>
					</control>
				</focusedlayout>
			</control>
			<control type="label">
				<description>Pick label</description>
				<left>10</left>
				<top>0</top>
				<width>1300</width>
				<height>70</height>
				<align>center</align>
				<aligny>center</aligny>
				<font>font20_title</font>
				<label>$ADDON[script.cu.lrclyrics 32005]</label>
				<shadowcolor>black</shadowcolor>
				<visible>Control.IsVisible(120) + !Control.IsVisible(110)</visible>
			</control>
			<!-- ** Required ** Do not change <id> or <type> (Lyrics Chooser, if multiple lyrics are available) -->
			<control type="list" id="120">
				<left>10</left>
				<top>110</top>
				<width>1300</width>
				<height>600</height>
				<onleft>121</onleft>
				<onright>121</onright>
				<onup>120</onup>
				<ondown>120</ondown>
				<pagecontrol>121</pagecontrol>
				<scrolltime>200</scrolltime>
				<animation effect="slide" start="0,0" end="20,0" time="0" condition="!Control.IsVisible(121)">Conditional</animation>
				<itemlayout height="40">
					<control type="label">
						<left>10</left>
						<top>0</top>
						<width>530</width>
						<height>40</height>
						<font>font14</font>
						<aligny>center</aligny>
						<label>$INFO[ListItem.Label]</label>
					</control>
				</itemlayout>
				<focusedlayout height="40">
					<control type="label">
						<left>10</left>
						<top>0</top>
						<width>530</width>
						<height>40</height>
						<font>font14</font>
						<aligny>center</aligny>
						<label>$INFO[ListItem.Label]</label>
						<textcolor>$VAR[MainColorVar]</textcolor>
					</control>
				</focusedlayout>
			</control>
			<control type="button">
				<left>636</left>
				<top>795</top>
				<width>48</width>
				<height>24</height>
				<texturefocus colordiffuse="$VAR[MainColorVar]">overlays/arrowdown.png</texturefocus>
				<texturenofocus colordiffuse="$VAR[MainColorVar]">overlays/arrowdown.png</texturenofocus>
				<animation effect="zoom" start="100,0" end="100,100" center="auto" time="200" delay="10">VisibleChange</animation>
				<animation effect="zoom" start="100,0" end="100,100" delay="500" center="auto" time="200">WindowOpen</animation>
				<animation effect="zoom" start="100,100" end="100,0" center="auto" time="200">WindowClose</animation>
				<onclick>SetFocus(110)</onclick>
				<onclick>PageDown</onclick>
				<visible>Container(110).HasNext + Control.IsVisible(110) + !Skin.HasSetting(lrclyrics_alternative_view)</visible>
			</control>
			<control type="button">
				<left>636</left>
				<top>-40</top>
				<width>48</width>
				<height>24</height>
				<texturefocus colordiffuse="$VAR[MainColorVar]" flipy="true">overlays/arrowdown.png</texturefocus>
				<texturenofocus colordiffuse="$VAR[MainColorVar]" flipy="true">overlays/arrowdown.png</texturenofocus>
				<animation effect="zoom" start="100,0" end="100,100" center="auto" time="200" delay="10">VisibleChange</animation>
				<animation effect="zoom" start="100,0" end="100,100" delay="500" center="auto" time="200">WindowOpen</animation>
				<animation effect="zoom" start="100,100" end="100,0" center="auto" time="200">WindowClose</animation>
				<onclick>SetFocus(110)</onclick>
				<onclick>PageUp</onclick>
				<visible>Container(110).HasPrevious + Control.IsVisible(110) + !Skin.HasSetting(lrclyrics_alternative_view)</visible>
			</control>
			<control type="image">
				<description>lyricslist</description>
				<left>15</left>
				<top>710</top>
				<width>64</width>
				<height>64</height>
				<texture>icons/contextmenu.png</texture>
				<visible>!IsEmpty(Window(Home).Property(culrc.haslist))</visible>
				<visible>!Skin.HasSetting(lrclyrics_alternative_view)</visible>
			</control>
			<control type="label">
				<description>Scraper label</description>
				<left>0</left>
				<top>740</top>
				<width>1300</width>
				<height>30</height>
				<label>$LOCALIZE[21870]: $INFO[Control.GetLabel(200), [COLOR FF999999], [/COLOR]]</label>
				<font>font12_title</font>
				<align>right</align>
				<aligny>center</aligny>
				<textcolor>$VAR[MainColorVar]</textcolor>
				<shadowcolor>black</shadowcolor>
				<visible>!Skin.HasSetting(lrclyrics_alternative_view)</visible>
			</control>
			<control type="label" id="200">
				<description>Scraper label</description>
				<visible>false</visible>
			</control>
		</control>
	</controls>
</window>
