<?xml version="1.0" encoding="UTF-8"?>
<addon
  id="skin.confluence-extented"
  version="2.8.8.086"
  name="Confluence Extented"
  provider-name="Jezz_X, Team Kodi, YLLOW_DRAGON, plood">
  <requires>
    <import addon="xbmc.gui" version="5.10.0"/>
    <import addon="script.favourites" version="6.0.3"/>
    <import addon="script.pvr.favourites" version="1.0.7"/>
    <import addon="service.skin.widgets" version="0.0.32"/>
    <import addon="script.randomandlastitems" version="2.2.2"/>
  </requires>
  <extension
    point="xbmc.gui.skin"
    defaultthemename="Textures.xbt"
    debugging="false"
    effectslowdown="1.0">
    <res width="1280" height="720" aspect="16:9" default="true" folder="720p" />
  </extension>
  <extension point="xbmc.addon.metadata">
    <summary lang="af_ZA">Confluence Extented tema deur Jezz_X, Team XBMC, YLLOW_DRAGON, plood.</summary>
    <summary lang="ar_SA">جلد "كونفليونس" من صنع Jezz_X, Team XBMC, YLLOW_DRAGON, plood.</summary>
    <summary lang="be_BY">Confluence Extented skin by Jezz_X, Team XBMC, YLLOW_DRAGON, plood.</summary>
    <summary lang="bg_BG">Облик от Jezz_X, Team XBMC, YLLOW_DRAGON, plood.</summary>
    <summary lang="ca_ES">Pell Confluence Extented, per Jezz_X, Team XBMC, YLLOW_DRAGON, plood.</summary>
    <summary lang="cs_CZ">Vzhled Confluence Extented od Jezz_X, Team XBMC, YLLOW_DRAGON, plood.</summary>
    <summary lang="cy_GB">Croen Confluence Extented gan Jezz_X, Team XBMC, YLLOW_DRAGON, plood.</summary>
    <summary lang="da_DK">Confluence Extented skin af Jezz_X, Team XBMC, YLLOW_DRAGON, plood.</summary>
    <summary lang="de_DE">Confluence Extented Skin von Jezz_X, Team XBMC, YLLOW_DRAGON, plood.</summary>
    <summary lang="el_GR">Το κέλυφος Confluence Extented από τον Jezz_X, Team XBMC, YLLOW_DRAGON, plood.</summary>
    <summary lang="en_AU">Confluence Extented skin by Jezz_X, Team XBMC, YLLOW_DRAGON, plood.</summary>
    <summary lang="en_GB">Confluence Extented skin by Jezz_X, Team XBMC, YLLOW_DRAGON, plood.</summary>
    <summary lang="en_NZ">Confluence Extented skin by Jezz_X, Team XBMC, YLLOW_DRAGON, plood.</summary>
    <summary lang="en_US">Confluence Extented skin by Jezz_X, Team XBMC, YLLOW_DRAGON, plood.</summary>
    <summary lang="es_AR">Confluence Extented skin por Jezz_X, Team XBMC, YLLOW_DRAGON, plood.</summary>
    <summary lang="es_AR">Confluence Extented skin por Jezz_X, Team XBMC, YLLOW_DRAGON, plood.</summary>
    <summary lang="es_MX">Skin Confluende Extented por Jezz_X, Team XBMC, YLLOW_DRAGON, plood.</summary>
    <summary lang="et_EE">Confluence Extented rüü autorilt Jezz_X, Team XBMC, YLLOW_DRAGON, plood.</summary>
    <summary lang="fa_IR">پوسته Confluence Extented تهیه شده بوسیله Jezz_X. (پوسته پیش فرض Kodi) </summary>
    <summary lang="fi_FI">Confluence Extented-ulkoasu Jezz_X, Team XBMC, YLLOW_DRAGON, plood:ltä.</summary>
    <summary lang="fo_FO">Confluence Extented útsjónd av Jezz_X, Team XBMC, YLLOW_DRAGON, plood.</summary>
    <summary lang="fr_CA">Habillage Confluence Extented par Jezz_X, Team XBMC, YLLOW_DRAGON, plood.</summary>
    <summary lang="fr_FR">Thème Confluence Extented par Jezz_X, Team XBMC, YLLOW_DRAGON, plood.</summary>
    <summary lang="gl_ES">Pel Confluence Extented por Jezz_X, Team XBMC, YLLOW_DRAGON, plood.</summary>
    <summary lang="he_IL">המעטפת Confluence Extented של Jezz_X, Team XBMC, YLLOW_DRAGON, plood.</summary>
    <summary lang="hr_HR">Confluence Extented presvlaka autora Jezz_X, Team XBMC, YLLOW_DRAGON, plood.</summary>
    <summary lang="hu_HU">Confluence Extented felszín. Készítő: Jezz_X, Team XBMC, YLLOW_DRAGON, plood.</summary>
    <summary lang="hy_AM">''Confluence Extented'' - տեսք՝ Jezz_X, Team XBMC, YLLOW_DRAGON, plood.</summary>
    <summary lang="id_ID">Skin Confluence Extented oleh Jezz_X, Team XBMC, YLLOW_DRAGON, plood.</summary>
    <summary lang="is_IS">Confluence Extented eftir Jezz_X, Team XBMC, YLLOW_DRAGON, plood.</summary>
    <summary lang="it_IT">Skin Confluence Extented da Jezz_X, Team XBMC, YLLOW_DRAGON, plood.</summary>
    <summary lang="ja_JP">Confluence Extented スキン by Jezz_X, Team XBMC, YLLOW_DRAGON, plood.</summary>
    <summary lang="ko_KR">Confluence Extented 스킨 Jezz_X, Team XBMC, YLLOW_DRAGON, plood 만듦</summary>
    <summary lang="lt_LT">Confluence Extented teminė išvaizda, kurią sukūrė Jezz_X, Team XBMC, YLLOW_DRAGON, plood.</summary>
    <summary lang="lv_LV">Confluence Extented apvalks no Jezz_X, Team XBMC, YLLOW_DRAGON, plood.</summary>
    <summary lang="mk_MK">Confluence Extented skin by Jezz_X, Team XBMC, YLLOW_DRAGON, plood.</summary>
    <summary lang="ms_MY">Penyatuan, kulit daripada Jezz_X, Team XBMC, YLLOW_DRAGON, plood.</summary>
    <summary lang="mt_MT">Dehra Confluence Extented magħmula minn Jezz_X. (Id-dehra normali ta' Kodi)</summary>
    <summary lang="nb_NO">Confluence-skall av Jezz_X. (Kodis standardskall)</summary>
    <summary lang="nl_NL">Confluence Extented skin door Jezz_X, Team XBMC, YLLOW_DRAGON, plood.</summary>
    <summary lang="pl_PL">Confluence Extented autorstwa Jezz_X, Team XBMC, YLLOW_DRAGON, plood (domyślna skóra Kodi)</summary>
    <summary lang="pt_BR">Skin Confluence Extented por Jezz_X, Team XBMC, YLLOW_DRAGON, plood.</summary>
    <summary lang="pt_PT">Tema "Confluence Extented" por Jezz_X, Team XBMC, YLLOW_DRAGON, plood.</summary>
    <summary lang="ro_RO">Costum Confluence Extented de Jezz_X, Team XBMC, YLLOW_DRAGON, plood.</summary>
    <summary lang="ru_RU">Обложка Confluence Extented. Авторы: Jezz_X, Team XBMC, YLLOW_DRAGON, plood.</summary>
    <summary lang="sk_SK">Confluence Extented skin od Jezz_X, Team XBMC, YLLOW_DRAGON, plood.</summary>
    <summary lang="sl_SI">Preobleka Confluence Extented avtorja Jezz_X, Team XBMC, YLLOW_DRAGON, plood.</summary>
    <summary lang="sq_AL">Maska Confluence Extented nga Jezz_X, Team XBMC, YLLOW_DRAGON, plood.</summary>
    <summary lang="sr_RS">Confluence маска аутора Jezz_X. (подразумевана Kodi маска)</summary>
    <summary lang="sr_RS@latin">Confluence Extented maska autora Jezz_X, Team XBMC, YLLOW_DRAGON, plood. (podrazumevana Kodi maska)</summary>
    <summary lang="sv_SE">Confluence Extented, ett skal av Jezz_X, Team XBMC, YLLOW_DRAGON, plood.</summary>
    <summary lang="szl">Skōra Confluence zrychtowanŏ ôd Jeez_X. (wychodnŏ skōra we Kodi)</summary>
    <summary lang="tg_TJ">Пӯсти ҳамҷараёнӣ аз ҷониби Jezz_X, Team XBMC, YLLOW_DRAGON, plood.</summary>
    <summary lang="th_TH">ชุดตกแต่ง Confluence Extented โดย  Jezz_X, Team XBMC, YLLOW_DRAGON, plood.</summary>
    <summary lang="tr_TR">Jezz_X, Team XBMC, YLLOW_DRAGON, plood tarafından Confluence Extented dış görünümü.</summary>
    <summary lang="uk_UA">Обкладинка Confluence Extented. Автори: Jezz_X, Team XBMC, YLLOW_DRAGON, plood.</summary>
    <summary lang="vi_VN">Giao diện Confluence Extented bởi Jezz_X, Team XBMC, YLLOW_DRAGON, plood.</summary>
    <summary lang="zh_CN">Jezz_X, Team XBMC, YLLOW_DRAGON, plood 开发的 Confluence Extented 皮肤</summary>
    <summary lang="zh_TW">Jezz_X, Team XBMC, YLLOW_DRAGON, plood 製作的佈景主題</summary>	
    <description lang="af_ZA">Confluence Extented is die standaard tema vir Kodi 9.11 en op. Dit is 'n kombinasie van konsepte van 'n klomp gewilde temas, en 'n poging om hulle goeie idees te omvat en te integreer in 'n tema wat maklik behoort te wees vir eerste keer Kodi gebruikers om te verstaan en te gebruik.</description>
    <description lang="ar_SA">"كونفليونس" هو الجلد المبدأى لبرنامج إكس بى إم سى اﻹصدار 9.11 وما فوق. هو خلط بين اشهر اﻷجلده الاخرى معاً ومحاوله لتبنى ودمج افكارهم للخروج بِنِتَاج يُفترض به ان يكون سهل اﻹستيعاب بمجرد النظر لمستخدمى إكس بى إم سى المبتدئين.</description>
    <description lang="be_BY">Confluence Extented is the default skin for Kodi 9.11 and above. It is a combination of concepts from many popular skins, and attempts to embrace and integrate their good ideas into a skin that should be easy for first time Kodi users to understand and use.</description>
    <description lang="bg_BG">Confluence Extented е стандартният облик на Kodi 9.11 и по-новите версии. Представлява смесица от концепциите на много от популярните облици. Целта е да се интегрират тези добри идеи в подходящ и удобен вид за хора, които се сблъскват за първи път с Kodi.</description>
    <description lang="ca_ES">Confluence Extented és la pell per defecte del Kodi 14.0 i superiors. És una combinació de conceptes de moltes pells populars que intenta adoptar i integrar les seves bones idees en una aparença que sigui senzilla d'entendre i utilitzar per els nous usuaris de Kodi.</description>
    <description lang="cs_CZ">Confluence Extented je výchozí vzhled pro Kodi 9.11 a novější. Jedná se o kombinaci konceptů z mnoha jiných populárních vzhledů, která se pokouší uchopit a integrovat jejich dobré nápady do vzhledu, který by měl být pro nového uživatele Kodi jednoduchý na pochopení a používání.</description>
    <description lang="cy_GB">Confluence Extented yw croen rhagosodedig Kodi 9.11 ac uwch. Mae'n gyfuniad o gysyniadau o nifer o grwyn poblogaidd ac mae'n ymdrechu i gyfuno eu syniadau da hwy i groen ddylai fod yn hawdd i ddefnyddiwr cyntaf Kodi ei deall a'i ddefnyddio.</description>
    <description lang="da_DK">Confluence Extented er standardskin'et til Kodi 9.11 og senere versioner. Det er en kombination af koncepter fra mange populære skins, og det forsøger at omfavne og integrere de gode ideer i et skin, der er let for førstegangsbrugere af Kodi at forstå og bruge.</description>
    <description lang="de_DE">Confluence Extented ist der Standardskin ab Kodi 14.0. Er ist eine Kombination mehrerer unterschiedlicher Skin-Konzepte und versucht dabei die besten Ideen zu kombinieren, um einen einfachen Einstieg für neue Kodi-Nutzer zu ermöglichen.</description>
    <description lang="el_GR">Το Confluence Extented είναι το προεπιλεγμένο κέλυφος για τις εκδόσεις Kodi 9.11 και άνω. Είναι ένας συνδυασμός από πολλά δημοφιλή κελύφη, και επιχειρεί να συμπεριλάβει τις καλύτερες ιδέες τους σε ένα κέλυφος το οποίο είναι εύκολο σε αρχάριους χρήστες του Kodi να κατανοήσουν και χρησιμοποιήσουν.</description>
    <description lang="en_AU">Confluence Extented is the modernized skin for KODI. It is a combination of concepts from many popular skins, and attempts to embrace and integrate their good ideas into a skin that should be easy for first time Kodi users to understand and use.</description>
    <description lang="en_GB">Confluence Extented is the modernized skin for KODI. It is a combination of concepts from many popular skins, and attempts to embrace and integrate their good ideas into a skin that should be easy for first time Kodi users to understand and use.</description>
    <description lang="en_NZ">Confluence Extented is the modernized skin for KODI. It is a combination of concepts from many popular skins, and attempts to embrace and integrate their good ideas into a skin that should be easy for first time Kodi users to understand and use.</description>
    <description lang="en_US">Confluence Extented is the modernized skin for KODI. It is a combination of concepts from many popular skins, and attempts to embrace and integrate their good ideas into a skin that should be easy for first time Kodi users to understand and use.</description>
    <description lang="es_AR">Confluence Extented es el skin por defecto de Kodi 9.11 y posteriores. Es una combinación de conceptos de muchos skins populares, e intenta abarcar e integrar lo mejor de ellos en un skin que sea sencillo de entender y utilizar para los nuevos usuarios de Kodi.</description>
    <description lang="es_ES">Confluence Extented es la skin por defecto de Kodi 9.11 y posteriores. Es una combinación de conceptos de muchas skins populares, e intenta abarcar e integrar lo mejor de ellas en una skin que sea sencilla de entender y utilizar para los nuevos usuarios de Kodi.</description>
    <description lang="es_MX">Confluence Extented es el skin por defecto para Kodi 9.11 en adelante. Es una combinación de conceptos de varias skins populares, e intenta adoptar e integrar sus buenas ideas en un skin que debería ser fá de entender y usar para quienes usen Kodi por primera vez.</description>
    <description lang="et_EE">Confluence Extented on Kodi vaikerüü alates versioonist 9.11. Confluence Extented on paljude populaarsete rüüde kombinatsioon, üritades omavahel siduda nende parimaid lahendusi, et saavutada esmakasutajale selget ja kergelt kasutatavat tulemust.</description>
    <description lang="fa_IR">Confluence Extented پوسته پیش فرض Kodi در ویرایش 14 و بالاتر است. این پوسته ترکیبی از چند پوسته محبوب دیگر است و تلاش دارد بهترین ایده ها را با هم ترکیب کند، تا شروعی ساده و آسان را برای کاربران جدید Kodi امکان پذیر سازد.</description>
    <description lang="fi_FI">Confluence Extented on oletusulkoasu Kodi:n versiosta 9.11 lähtien. Se on yhdistelmä useiden suosittujen ulkoasujen konsepteista, ja yritys omaksua ja integroida heidän hyvät ideat ulkoasuun, jonka pitäisi olla helppokäyttöinen ja -tajuinen kaikille Kodi:n käyttäjille.</description>
    <description lang="fo_FO">Confluence Extented er vanliga útsjóndin, sum er brúkt í Kodi síðan útg. 9.11. Hetta er ein samansjóðan av fleiri hugtøkum. Ætlanin er at útsjóndin skal lætta um móttøku og nýtslu av Kodi fyri nýggjar brúkarar.</description>
    <description lang="fr_FR">Confluence Extented est le thème par défaut à partir de Kodi 14.0. Reprenant les concepts issus de plusieurs thèmes populaires, il est une tentative d'inclusion et d'intégration des meilleures idées afin d'en rendre la compréhension et l'utilisation faciles y compris par des débutants.</description>
    <description lang="fr_CA">Confluence Extented est l'habillage par défaut pour Kodi 9.11 et ultérieur. C'est une combinaison des concepts issus de plusieurs habillages populaires et une tentative d'inclure et d'intégrer leurs bonnes idées en un habillage qui devrait être facile à comprendre et à utiliser pour les utilisateurs débutants de Kodi.</description>
    <description lang="gl_ES">Confluence Extented é a pel predeterminada para Kodi 9.11 e posteriores. É unha combinación de conceptos de algunhas peles populares, e tenta abranguer e integrar  as súas mellores ideas nunha pel que sexa fácil de entender e utilizar para as usuarias que utilizan por primeira vez Kodi.</description>
    <description lang="he_IL">המעטפת Confluence Extented היא מעטפת ברירת המחדל של Kodi. המעטפת הינה תוצר של אימוץ מאפיינים ממעטפות פופולריות רבות תוך רצון לשלב מאפיינים אלה למעטפת פשוטה לשימוש ולהכרה ראשונית ע"י משתמשי Kodi חדשים.</description>
    <description lang="hr_HR">Confluence Extented je uobičajena presvlaka za Kodi 14.0 naviše. To je mješavina koncepta iz mnogih drugih popularnih presvlaka, pokušaj da se objedine njihove dobre osobine u presvlaku i da budu lagane za upotrebu i razumljive novim Kodi korisnicima.</description>
    <description lang="hu_HU">A Confluence Extented az alapértelmezett felszín a Kodihoz a 9.11-es verziótól kezdődően. Merít sok sok népszerű felszín elképzeléséből, megpróbálva vegyíteni a jó ötleteket úgy, hogy az könnyen kezelhető legyen a Kodival először találkozóknak is.</description>
    <description lang="id_ID">Confluence Extented merupakan skin bawaan untuk Kodi 9.11 dan selanjutnya. Merupakan kombinasi konsep dari beberapa skin populer, dan berusaha untuk merangkul dan menyatukan ide bagus mereka ke sebuah skin yang mudah dipakai dan dipahami oleh pengguna Kodi pertama kali.</description>
    <description lang="is_IS">Confluence Extented er sjálfgefið útlit Kodi 9.11 og nýrra. Það er samsetning hugmynda frá mörgum vinsælum útlitum og er tilraun til að fanga og innlima þær góðu hugmyndir í útlit þar sem hugmyndin er að skuli vera einfalt fyrir fyrir nýja Kodi notendur að skilja og nota</description>
    <description lang="it_IT">Confluence Extented è la skin predefinita di Kodi dalla versione 14.0 in poi. È una combinazione di elementi provenienti da altre skin popolari e cerca di integrare e coinvolgere tutte le loro grandi idee in una skin facile da usare e comprendere per l'utente inesperto di Kodi.</description>
    <description lang="ja_JP">Confluence Extented は Kodi 9.11 およびそれ以上のバージョンで標準のスキンです。さまざまな人気のスキンのコンセプトを組み合わせ、ユーザが初めて Kodi に触れる際に便利に使えるようにしてあります。</description>
    <description lang="ko_KR">Confluence Extented 는 Kodi 9.11 이상의 기본 스킨입니다. 많은 인기 스킨의 컨셉과 좋은 아이디어를 모아서 하나의 스킨으로 만들었으며 초보자도 사용하기 쉽습니다.</description>
    <description lang="lt_LT">Confluence Extented yra numatytoji teminė išvaizda pradedant Kodi 9.11 versija. Tai daugelio populiarių teminų išvaizdų derinys. Bandymas priimti ir integruoti vartotojų idėjas į teminę išvaizdą katra turėtų būti lengvai suprantama  pirmą kartą naudojantiems Kodi</description>
    <description lang="lv_LV">Confluence Extented ir Kodi 9.11 un jaunāku versiju noklusētais apvalks. Tajā apvienota daudzu populāru apvalku koncepcija un centieni pieņemt un integrēt labākās idejas, lai jaunajiem Kodi ietotājiem to būtu viegli izprast un lietot.</description>
    <description lang="mk_MK">Confluence Extented е основниот изглед на Kodi 14.0 и нагоре. Тој е комбинација на концепти од повеќе популарни изгледи, и настојува да ги обедини и истакне нивните добри идеи во еден изглед разбирлив за почетници.</description>
    <description lang="ms_MY">Penyatuan ialah kulit lalai untuk Kodi 9.11 dan ke atas. Ia merupakan gabungan konsep dari pelbagai kulit terkenal, dan berusaha untuk merangkumkan dan menyepadukan idea baik kulit-kulit tersebut menjadi satu kulit yang mudah difahami dan digunakan oleh pengguna baru Kodi .</description>
    <description lang="mt_MT">Confluence Extented hija d-dehra normali ta' Kodi 14.0 il-fuq.  Hija taħlita ta' kunċetti minn ħafna dehriet popolari, u tipporva tgħaqqad u tintegra l-aqwa ideat tagħhom f'dehra li għandha tkun faċli biex jifmuha u jużawha dawk l-utenti li qed jużaw Kodi għall-ewwel darba.</description>
    <description lang="nb_NO">Confluence Extented er standardskallet for Kodi 9.11 og oppover. Det er en kombinasjon av konseptene fra mange populære skall, og prøver å omfavne og integrere de gode idéene i et skall som bør være lett å forstå og benytte seg av for nye Kodi-brukere.</description>
    <description lang="nl_NL">Confluence Extented is de standaard skin voor Kodi 15.0 en hoger. Het combineert de concepten van andere populaire skins, waarbij het tracht hun goede ideeën te integreren in een skin die gemakkelijk in gebruik is.</description>
    <description lang="pl_PL">Confluence Extented jest domyślną skóra dla Kodi w wersji 9.11 lub nowszych. Jest kombinacją pomysłów z wielu popularnych skór i próbą zawarcia tego, co w nich najlepsze w skórze, która będzie łatwa do opanowania dla początkującego użytkownika.</description>
    <description lang="pt_BR">Confluence Extented é a skin padrão do Kodi 9.11 e acima. É uma combinação de conceitos das mais populares skins, visando abraçar e integrar as boas ideias em uma skin  que seja fácil de entender e usar, destinada  aos usuários iniciantes do Kodi. </description>
    <description lang="pt_PT">O tema "Confluence Extented" é o tema predefinido do Kodi 9.11 e superior. É uma combinação de conceitos a partir de muitos temas populares e tenta integrar as boas ideias dos mesmos, num tema que deverá ser fácil de entender e utilizar para os novos utilizadores do Kodi.</description>
    <description lang="ro_RO">Confluence Extented este costumul implicit pentru Kodi 9.11 și versiunile ulterioare. Este o combinație de concepte împrumutate de la mai multe costume populare, care încearcă să îmbrățișeze și să integreze ideile lor bune într-un costum care să fie ușor de înțeles și folosit de către utilizatorii Kodi începători.</description>	
    <description lang="ru_RU">Confluence Extented — это модернизированная обложка KODI. Она представляет собой сочетание концепций, взятых из многих популярных обложек, в попытке интегрировать их удачные идеи в обложке, которая была простой для использования и понимания новыми пользователями KODI.</description>
    <description lang="sk_SK">Confluence Extented je predvolený pre Kodi 9.11 a vyššie. Je kombináciou konceptov z mnoho populárnych skinov a pokusom integrovať ich dobré nápady do skinu, ktorý by bol ľahko zrozumiteľný a použiteľný pre nových používateľov Kodi.</description>
    <description lang="sl_SI">Confluence Extented je privzeta preobleka za Kodi 14.0 in novejše. Je kombinacija konceptov mnogih priljubljenih preoblek in poskuša zaobjeti in integrirati njihove dobre ideje v preobleko, ki bi bila preprosta za uporabo in razumevanje tudi novim uporabnikom.</description>
    <description lang="sq_AL">Confluence Extented është maska kryesore për Kodi 9.11 dhe verzionet më të lartë. Është nje kombinim nga shumë maska e popullarizuar dhe përpjeket për të përqafuar dhe integruar idetë më të mira në një maskë që të jetë sa më lehtë në përdorim dhe kuptim për përdoruasit duke e përdorur Kodi për herë të parë.</description>
    <description lang="sr_RS">Confluence Extented је подразумевана маска за Kodi 14.0 и навише. То је мешавина концепата из многих других популарних маски, и покушај да се обједине њихове добре идеје у маску која би трабала да буде лака за разумевање и употребу новим корисницима Kodi-а.</description>
    <description lang="sr_RS@latin">Confluence Extented je podrazumevana maska za Kodi 14.0 i naviše. To je mešavina koncepata iz mnogih drugih popularnih maski, i pokušaj da se objedine njihove dobre ideje u masku koja bi trabala da bude laka za razumevanje i upotrebu novim korisnicima Kodi-a.</description>
    <description lang="sv_SE">Confluence Extented är standardskal för Kodi 9.11 och senare. Det är en kombination av koncept från många populära skal i ett försök att använda och integrera flera goda idéer till ett skal som är enkelt för användare som precis har börjat använda Kodi att förstå och använda.</description>
    <description lang="szl">Confluence Extented to je wychodnŏ skōra dlŏ Kodi 14.0 i nowszych. To je miszōng kōnceptōw ze mocki popularnych skōr i prōbuje te nŏjlepsze wkludzić do skōry, kerŏ winnŏ być prostŏ we użyciu i spokopiyniu dlŏ nowych używŏczōw Kodi.</description>
    <description lang="tg_TJ">Пӯсти ҳамҷараёнӣ ҳамчун пӯсти пешфарз барои Kodi 9.11 ё версияи навтар истифода мешавад. Ин пӯст аз унсурҳои пӯстҳои машҳури дигар сохта шудааст ва ва ҳамаи фикрҳои беҳтарин дар як пӯст ҷамъ мекунад, то ки корбарони навомад тавонанд Kodi-ро ба осонӣ фаҳманд ва истифода баранд.</description>
    <description lang="th_TH">Confluence Extented เป็นสกินเริ่มต้นสำหรับ Kodi 9.11 หรือสูงกว่า มันเป็นส่วนผสมของแนวคิดจากสกินที่ได้รับความนิยมและพยายามที่จะยอมรับและบูรณาการส่วนที่ดีของมันเข้าไปในสกิน ซึ่งน่าจะง่ายสำหรับผู้ใช้ Kodiใหม่ ที่จะเข้าใจและใช้งานได้ดี</description>
    <description lang="tr_TR">Confluence Extented Kodi 9.11 ve yukarısı için varsayılan dış görünümdür. Birçok popüler dış görünümün kavramlarını bir araya getirip ilk kez Kodi kullananlar için anlaşılması ve kullanımı kolaydır.</description>
    <description lang="uk_UA">Confluence Extented — це модернізована обкладинка Kodi. Концепції багатьох популярних обкладинок поєднано у спробі використати та інтегрувати їхні вдалі ідеї в обкладинці, що стала б зрозумілою та простою в застосуванні для нових користувачів Kodi.</description>
    <description lang="vi_VN">Confluence Extented là giao diện mặc định cho Kodi 9.11 and các phiên bản trở về trước. Đây là sự kết hợp các khái niệm đến từ các giao diện khác nhau nhằm hướng người dùng đến sự đơn giản và dễ sử dụng.</description>
    <description lang="zh_CN">在 Kodi 9.11 之后的版本中 Confluence Extented 是默认皮肤。它集合了许多流行皮肤的创意，力求把这些优点融合到一个皮肤中，使得首次使用 Kodi 的用户能更容易上手。</description>
    <description lang="zh_TW">Confluence Extented 是從 Kodi 9.11 開始預設的佈景主題。它結合了許多受歡迎的佈景主題的概念，且試圖包含並整合它們的優點，使第一次使用 Kodi 的使用者可以簡單地上手。</description>
    <disclaimer lang="af_ZA">Confluence Extented is die standaard tema vir Kodi, verwydering mag probleme veroorsaak</disclaimer>
    <disclaimer lang="ar_SA">"كونفليونس" هو الجلد المبدأى لبرنامج إكس بى إم سى وإزالته قد تسبب مشاكل</disclaimer>
    <disclaimer lang="be_BY">Confluence Extented is the default skin for Kodi, removing it may cause issues</disclaimer>
    <disclaimer lang="bg_BG">Confluence Extented е стандартният облик на Kodi. Премахването му може да предизвика проблеми</disclaimer>
    <disclaimer lang="ca_ES">Confluence Extented és la pell per defecte del Kodi, pot ser que causi problemes eliminar-lo.</disclaimer>
    <disclaimer lang="cs_CZ">Confluence Extented je výchozím vzhledem Kodi, jeho odstranění může způsobit problémy</disclaimer>
    <disclaimer lang="cy_GB">Confluence Extented yw croen rhagosodedig Kodi, gall ei dynnu achosi anhawsterau</disclaimer>
    <disclaimer lang="da_DK">Confluence Extented er standardskin'et til Kodi. Fjernes det, kan der opstå problemer</disclaimer>
    <disclaimer lang="de_DE">Confluence Extented ist der Standard-Skin für Kodi. Die Deinstallation kann zu unerwünschten Nebeneffekten führen.</disclaimer>
    <disclaimer lang="el_GR">Το Confluence Extented είναι η προεπιλεγμένη αμφίεση για το Kodi, η αφαίρεσή του μπορεί να δημιουργήσει προβλήματα</disclaimer>
    <disclaimer lang="en_AU">Confluence Extented is the modernized skin for KODI.</disclaimer>
    <disclaimer lang="en_GB">Confluence Extented is the modernized skin for KODI.</disclaimer>
    <disclaimer lang="en_NZ">Confluence Extented is the modernized skin for KODI.</disclaimer>
    <disclaimer lang="en_US">Confluence Extented is the modernized skin for KODI.</disclaimer>
    <disclaimer lang="es_AR">Confluence Extented es el skin por defecto de Kodi. Borrarlo puede causar problemas</disclaimer>
    <disclaimer lang="es_ES">Confluence Extented es la skin por defecto de Kodi. Borrarla puede causar problemas</disclaimer>
    <disclaimer lang="es_MX">Confluence Extented es el skin por defecto para Kodi, removerlo podría causar problemas</disclaimer>
    <disclaimer lang="et_EE">Confluence Extented on Kodi vaikerüü. Selle eemaldamine võib põhjustada ootamatusi.</disclaimer>
    <disclaimer lang="fa_IR">Confluence Extented پوسته پیش فرض برای نرم افزار kodi می باشد و حذف آن موجب مشکلاتی خواهد شد.</disclaimer>
    <disclaimer lang="fi_FI">Confluence Extented on Kodi:n oletusulkoasu, sen poistaminen saattaa aiheuttaa ongelmia</disclaimer>
    <disclaimer lang="fo_FO">Confluence Extented er vanliga útsjónding brúkt av Kodi. Strikan kann viðføra brek.</disclaimer>
    <disclaimer lang="fr_CA">Confluence Extented est l'habillage par défaut de Kodi, le supprimer peut créer des problèmes</disclaimer>
    <disclaimer lang="fr_FR">Confluence Extented est le thème par défaut de Kodi, le supprimer peut créer des problèmes</disclaimer>
    <disclaimer lang="gl_ES">Confluence Extented é a pel predefinida para Kodi e eliminala pode causar problemas.</disclaimer>
    <disclaimer lang="he_IL">המעטפת Confluence Extented היא מעטפת ברירת המחדל של Kodi, הסרתה עלולה לגרום לתקלות</disclaimer>
    <disclaimer lang="hr_HR">Confluence Extented je uobičajena presvlaka za Kodi, njegovim uklanjanjem može uzrokovati poteškoće.</disclaimer>
    <disclaimer lang="hu_HU">A Confluence Extented az alapértelmezett Kodi felszín. Eltávolítása problémákat okozhat.</disclaimer>
    <disclaimer lang="id_ID">Confluence Extented merupakan skin bawaan untuk Kodi, menghapusnya mungkin menyebabkan permasalahan</disclaimer>
    <disclaimer lang="is_IS">Confluence Extented er sjálfgefið útlit Kodi, það getur orsakað vandamál að fjarlægja það.</disclaimer>
    <disclaimer lang="it_IT">Confluence Extented è la skin predefinita di Kodi, rimuoverla potrebbe comportare dei problemi</disclaimer>
    <disclaimer lang="ja_JP">Confluence Extented は Kodi のデフォルトスキンですので、これを削除するとうまく動かなくなる可能性があります</disclaimer>
    <disclaimer lang="ko_KR">Confluence는 Kodi의 기본스킨으로 제거시 문제가 생길 수 있습니다.</disclaimer>
    <disclaimer lang="lt_LT">Confluence Extented yra numatytoji Kodi teminė išvaizda, jos pašalinimas gali sukelti problemų</disclaimer>
    <disclaimer lang="lv_LV">Confluence Extented ir Kodi noklusētais apvalks, dzēšot to, var rasties problēmas</disclaimer>
    <disclaimer lang="mk_MK">Confluence Extented е основната маска, бришењето може да предизвика проблеми</disclaimer>
    <disclaimer lang="ms_MY">Penyatuan ialah kulit lalai Kodi, mengubahnya boleh menimbulkan isu.</disclaimer>
    <disclaimer lang="mt_MT">Confluence Extented hija d-dehra normali ta' Kodi, jekk tneħħiha jaf ikollok il-problemi.</disclaimer>
    <disclaimer lang="nb_NO">Confluence Extented er standardskallet for Kodi, å fjerne det kan skape problemer</disclaimer>
    <disclaimer lang="nl_NL">Confluence Extented is de standaard Kodi skin, het verwijderen van Confluence Extented kan leiden tot problemen.</disclaimer>
    <disclaimer lang="pl_PL">Confluence Extented jest domyślną skórą Kodi. Jej usunięcie może powodować problemy.</disclaimer>
    <disclaimer lang="pt_BR">Confluence Extented é a skin padrão do Kodi, removê-la pode lhe causar problemas.</disclaimer>
    <disclaimer lang="pt_PT">O tema "Confluence Extented" é o tema predefinido do Kodi, e removê-lo pode causar problemas.</disclaimer>
    <disclaimer lang="ro_RO">Confluence Extented este costumul implicit pentru Kodi, dacă îl eliminați pot apărea probleme!</disclaimer>
    <disclaimer lang="ru_RU">Confluence Extented — это модернизированная обложка KODI.</disclaimer>
    <disclaimer lang="sk_SK">Confluence Extented je predvolený skin pre Kodi, jeho odstránenie môže spôsobiť problémy</disclaimer>
    <disclaimer lang="sl_SI">Confluence Extented je privzeta preobleka za Kodi, njena odstranitev lahko povzroči težave</disclaimer>
    <disclaimer lang="sq_AL">Confluence Extented është maska kryesore së Kodi, fshirja e saj mund të shkaktoj çështje.</disclaimer>
    <disclaimer lang="sr_RS">Confluence Extented је подразумевана маска за Kodi, њено уклањање може направити проблеме</disclaimer>
    <disclaimer lang="sr_RS@latin">Confluence Extented je podrazumevana maska za Kodi, njeno uklanjanje može izazvati probleme</disclaimer>
    <disclaimer lang="sv_SE">Confluence Extented är standardskal för Kodi. Att ta bort detta skal kan skapa problem.</disclaimer>
    <disclaimer lang="szl">Confluence Extented to je wychodnŏ skōra we Kodi, a wyciepniyńciy jij może sprŏwić niyprzileżytości.</disclaimer>
    <disclaimer lang="tg_TJ">Пӯсти ҳамҷараёнӣ ҳамчун пӯсти пешфарз барои Kodi истифода шуда истодааст ва агар онро тоза кунед, мӯшкилӣ метавонад ба вуҷуд ояд</disclaimer>
    <disclaimer lang="th_TH">Confluence Extented เป็นสกินเริ่มต้นสำหรับ Kodi การลบมัน อาจทำให้เกิดปัญหา</disclaimer>
    <disclaimer lang="tr_TR">Confluence Extented Kodi için varsayılan dış görünümdür, kaldırmak sorunlara yol açabilir</disclaimer>
    <disclaimer lang="uk_UA">Confluence Extented — це модернізована обкладинка Kodi.</disclaimer>
    <disclaimer lang="vi_VN">Confluence Extented là giao diện mặc định của Kodi, loại bỏ giao diện này có thể gây ra lỗi cho chương trình</disclaimer>
    <disclaimer lang="zh_CN">Confluence Extented 是 Kodi 的默认皮肤，删除它可能导致故障。</disclaimer>
    <disclaimer lang="zh_TW">Confluence Extented 是 Kodi 預設的佈景主題，移除它可能會造成問題</disclaimer>
    <platform>all</platform>
    <email>nkvoronov@gmail.com</email>
    <source>https://github.com/nkvoronov/skin.confluence-extented.git</source>
  </extension>
</addon>
