<?xml version="1.0" encoding="UTF-8"?>
<includes>
	<include name="ImageWidgetHeader">
		<param name="visible">True</param>
        <param name="widget_header"></param>        
        <definition>
            <control type="group">
                <height>110</height>
                <visible>$PARAM[visible]</visible>
                <control type="image">
                    <top>13</top>
                    <left>478</left>
                    <width>1370</width>
                    <height>114</height>
                    <texture border="22">dialogs/dialog-bg.png</texture>
                </control>
                <control type="label">
                    <top>6</top>
                    <left>478</left>
                    <width>1370</width>
                    <height>120</height>
                    <font>font30_title</font>
                    <align>center</align>
                    <aligny>center</aligny>
                    <label>$PARAM[widget_header]</label>
                </control>
            </control>
        </definition>
	</include>
	<include name="ImageWidget">
		<param name="visible">True</param>
		<param name="onup_id">200000</param>
		<param name="ondown_id">200001</param>
		<param name="visible_1">True</param>
		<param name="visible_2">True</param>
		<param name="button2_onclick">True</param>        
		<definition>
			<control type="group">
				<visible>$PARAM[visible]</visible>
				<control type="image">
					<top>0</top>
					<left>478</left>
					<width>1370</width>
					<height>806</height>
					<texture border="22">dialogs/dialog-bg.png</texture>
				</control>
				<control type="multiimage">
					<top>31</top>
					<left>508</left>
					<width>1310</width>
					<height>746</height>
					<imagepath>$PARAM[image_path]</imagepath>
				</control>
				<control type="image">
					<top>571</top>
					<left>508</left>
					<width>1310</width>
					<height>206</height>
					<texture colordiffuse="AAFFFFFF">colors/black.png</texture>
				</control>
				<control type="grouplist" id="$PARAM[button_id]567">
					<top>680</top>
					<left>508</left>
					<width>1310</width>
					<orientation>horizontal</orientation>
					<align>center</align>
					<onleft>9000</onleft>
					<onup>$PARAM[onup_id]</onup>
					<ondown>$PARAM[ondown_id]</ondown>
					<control type="button" id="$PARAM[button_id]">
						<width>auto</width>
						<height>110</height>
						<label>$PARAM[button_label]</label>
						<textoffsetx>40</textoffsetx>
                        <onclick>$PARAM[button_onclick2]</onclick>
						<onclick>$PARAM[button_onclick]</onclick>
						<align>center</align>
						<texturefocus border="40" colordiffuse="button_focus">buttons/dialogbutton-fo.png</texturefocus>
						<texturenofocus border="40">buttons/dialogbutton-nofo.png</texturenofocus>
						<visible>$PARAM[visible_1]</visible>
					</control>
					<control type="button" id="$PARAM[button_id]568">
						<width>auto</width>
						<height>110</height>
						<label>$LOCALIZE[31116]</label>
						<textoffsetx>40</textoffsetx>
						<onclick>$PARAM[button2_onclick]</onclick>
						<onclick>SetFocus(9000)</onclick>
						<align>center</align>
						<texturefocus border="40" colordiffuse="button_focus">buttons/dialogbutton-fo.png</texturefocus>
						<texturenofocus border="40">buttons/dialogbutton-nofo.png</texturenofocus>
						<visible>$PARAM[visible_2]</visible>
					</control>
				</control>
				<control type="textbox" id="$PARAM[button_id]">
					<top>590</top>
					<left>558</left>
					<width>1220</width>
					<height>180</height>
					<label>$PARAM[text_label]</label>
					<align>center</align>
					<font>font12</font>
					<visible>$PARAM[visible]</visible>
				</control>
			</control>
		</definition>
	</include>
	<include name="PVRWidget">
		<param name="item_image"></param>
		<param name="header"></param>
		<param name="label1"></param>
		<param name="label2"></param>
		<definition>
			<control type="image">
				<top>0</top>
				<left>0</left>
				<width>690</width>
				<height>225</height>
				<texture border="22">dialogs/dialog-bg.png</texture>
			</control>
			<control type="image">
				<left>40</left>
				<top>42</top>
				<width>140</width>
				<height>140</height>
				<aspectratio>keep</aspectratio>
				<texture background="true" fallback="DefaultVideoCover.png">$PARAM[item_image]</texture>
			</control>
			<control type="label">
				<left>210</left>
				<top>47</top>
				<height>25</height>
				<width>420</width>
				<label>$PARAM[header]</label>
				<aligny>center</aligny>
				<font>font24_title</font>
				<textcolor>button_focus</textcolor>
				<shadowcolor>black</shadowcolor>
			</control>
			<control type="label">
				<left>210</left>
				<top>92</top>
				<height>105</height>
				<width>420</width>
				<label>$PARAM[label1][CR]$PARAM[label2]</label>
				<font>font12</font>
				<shadowcolor>black</shadowcolor>
			</control>
		</definition>
	</include>
	<include name="WidgetListMovies">
		<param name="visible">True</param>
		<param name="ondown_id">200001</param>
		<param name="widget_limit">$VAR[WidgetLimitItems]</param>
		<param name="sortby"></param>
		<param name="sortorder"></param>
		<param name="height">404</param>        		
        <definition>
            <control type="group">
                <description>Movies Widget including header and arrows</description>
                <height>$PARAM[height]</height>
                <left>0</left>
                <top>0</top>
                <visible>$PARAM[visible]</visible>
                <visible>IntegerGreaterThan(Container($PARAM[list_id]).NumItems,0) | Container($PARAM[list_id]).IsUpdating</visible>                               
                <include name="LeftRightArrows">
					<param name="posy" value="210" />
					<param name="list_id" value="$PARAM[list_id]" />
				</include>
                <control type="label">
                    <left>500</left>
                    <top>20</top>
                    <width>900</width>
                    <height>40</height>
                    <label>$PARAM[widget_header]</label>
                    <shadowcolor>text_shadow</shadowcolor>
                </control>
                <control type="panel" id="$PARAM[list_id]">
                    <left>484</left>
                    <top>60</top>
                    <width>1385</width>
                    <height>400</height>
                    <scrolltime tween="cubic" easing="out">500</scrolltime>
                    <orientation>horizontal</orientation>
                    <onleft>9000</onleft>
                    <onright>noop</onright>
                    <onunfocus>ClearProperty(mediaartfanart,home)</onunfocus>
                    <onunfocus>SetProperty(listposition,$INFO[Container($PARAM[list_id]).Position],home)</onunfocus>
                    <onfocus>Control.Move($PARAM[list_id],-$INFO[Container($PARAM[list_id]).Position])</onfocus>
                    <onfocus>Control.Move($PARAM[list_id],$INFO[Window(home).Property(listposition)])</onfocus>
                    <onup>$PARAM[onup_id]</onup>
                    <ondown>$PARAM[ondown_id]</ondown>
                    <onback>SetFocus(9000)</onback>
                    <preloaditems>1</preloaditems>
                    <itemlayout width="277" height="400">
                        <control type="group">
                            <control type="image">
                                <left>0</left>
                                <top>0</top>
                                <width>240</width>
                                <height>340</height>
                                <texture border="40">buttons/button-nofo.png</texture>
                            </control>
                            <control type="image">
                                <left>0</left>
                                <top>0</top>
                                <width>240</width>
                                <height>340</height>
                                <texture fallback="DefaultVideo.png" background="true">$VAR[WidgetListMoviesPosterVar]</texture>
                                <bordertexture border="20">overlays/shadow.png</bordertexture>
                                <bordersize>20</bordersize>
                            </control>
                            <control type="textbox">
                                <left>20</left>
                                <top>210</top>
                                <width>200</width>
                                <height>100</height>
                                <label>$INFO[ListItem.Label]</label>
                                <font>font12_title</font>
                                <shadowcolor>text_shadow</shadowcolor>
                                <align>center</align>
                                <aligny>center</aligny>
                                <visible>IsEmpty(ListItem.Art(poster))</visible>
                            </control>
							<control type="image">
								<left>20</left>
								<top>20</top>
								<width>32</width>
								<height>32</height>
								<texture>$VAR[ListWatchedIconVar]</texture>
								<visible>!IsEmpty(ListItem.Overlay)</visible>
							</control>
                        </control>
                    </itemlayout>
                    <focusedlayout width="277" height="400">
                        <control type="group">
                            <depth>DepthContentPopout</depth>
                            <animation type="Focus">
                                <effect type="zoom" start="100" end="107" time="200" tween="sine" easing="inout" center="110,130" />
                            </animation>
                            <animation type="Unfocus">
                                <effect type="zoom" start="107" end="100" time="200" tween="sine" easing="inout" center="110,130" />
                            </animation>
							<control type="button">
								<onfocus>SetProperty(mediaartfanart,$INFO[Container($PARAM[list_id]).ListItem.Art(fanart)],home)</onfocus>
                                <onfocus>SetProperty(SkinHelper.WidgetContainer,$PARAM[list_id])</onfocus>
                                <texturenofocus></texturenofocus>
                                <texturefocus></texturefocus>
							</control>
                            <control type="image">
                                <left>0</left>
                                <top>0</top>
                                <width>240</width>
                                <height>340</height>
                                <texture border="40">buttons/button-nofo.png</texture>
                            </control>
                            <control type="image">
                                <left>0</left>
                                <top>0</top>
                                <width>240</width>
                                <height>340</height>
                                <texture fallback="DefaultVideo.png" background="true">$VAR[WidgetListMoviesPosterVar]</texture>
                                <bordertexture border="20">overlays/shadow.png</bordertexture>
                                <bordersize>20</bordersize>
                            </control>
                            <control type="textbox">
                                <left>20</left>
                                <top>210</top>
                                <width>200</width>
                                <height>100</height>
                                <label>$INFO[ListItem.Label]</label>
                                <font>font12_title</font>
                                <shadowcolor>text_shadow</shadowcolor>
                                <align>center</align>
                                <aligny>center</aligny>
                                <visible>IsEmpty(ListItem.Art(poster))</visible>
                                <animation effect="fade" start="0" end="100" time="200" reversible="true">Unfocus</animation>
                                <animation effect="fade" start="100" end="0" time="0" reversible="true">Focus</animation>
                            </control>
                            <control type="group">
                                <left>20</left>
                                <top>20</top>
                                <animation effect="fade" start="0" end="100" time="200">Focus</animation>
                                <animation effect="fade" start="100" end="0" time="0">Unfocus</animation>
                                <visible>Control.HasFocus($PARAM[list_id])</visible>
                                <control type="image">
                                    <left>0</left>
                                    <top>244</top>
                                    <width>200</width>
                                    <height>57</height>
                                    <texture>colors/black.png</texture>
                                    <animation effect="fade" start="0" end="70" time="50">Focus</animation>
                                </control>
                                <control type="image">
                                    <left>0</left>
                                    <visible>!StringCompare(ListItem.PercentPlayed,0)</visible>
                                    <width>200</width>
                                    <height>35</height>
                                    <texture>colors/black.png</texture>
                                    <animation effect="fade" start="0" end="70" time="50">Focus</animation>
                                </control>
                                <control type="label">
                                    <left>10</left>
                                    <top>242</top>
                                    <width>180</width>
                                    <scroll>true</scroll>
                                    <label>$INFO[ListItem.Label]</label>
                                    <font>font10</font>
                                    <shadowcolor>text_shadow</shadowcolor>
                                    <align>center</align>
                                </control>
                                <control type="label">
                                    <left>10</left>
                                    <top>266</top>
                                    <width>180</width>
                                    <label>$INFO[ListItem.Rating,, [COLOR=44FFFFFF]/[/COLOR] ]$INFO[ListItem.Year]</label>
                                    <font>font10</font>
                                    <textcolor>button_focus</textcolor>
                                    <shadowcolor>text_shadow</shadowcolor>
                                    <align>center</align>
                                </control>
                                <control type="progress">
                                    <left>30</left>
                                    <top>10</top>
                                    <width>150</width>
                                    <height>13</height>
                                    <info>ListItem.PercentPlayed</info>
                                    <visible>!StringCompare(ListItem.PercentPlayed,0)</visible>
                                </control>
                                <control type="image">
                                    <left>0</left>
                                    <top>0</top>
                                    <width>200</width>
                                    <height>300</height>
                                    <texture border="8" colordiffuse="button_focus">buttons/thumbnail_focused.png</texture>
                                </control>
                            </control>
							<control type="image">
								<left>20</left>
								<top>20</top>
								<width>32</width>
								<height>32</height>
								<texture>$VAR[ListWatchedIconVar]</texture>
								<visible>!IsEmpty(ListItem.Overlay)</visible>
							</control>
						</control>
                    </focusedlayout>
                    <content sortby="$PARAM[sortby]" sortorder="$PARAM[sortorder]" target="$PARAM[widget_target]" limit="$PARAM[widget_limit]">$PARAM[content_path]</content>
                </control>
            </control>
        </definition>
    </include>
	<include name="WidgetListEpisodes">
		<param name="visible">True</param>
		<param name="ondown_id">200001</param>
		<param name="widget_limit">$VAR[WidgetLimitItems]</param>
		<param name="sortby"></param>
		<param name="sortorder">ascending</param>
        <param name="height">405</param>       
		<definition>
			<control type="group">
				<description>Episodes Widget including header and arrows</description>
				<height>$PARAM[height]</height>
				<left>0</left>
				<top>0</top>
                <visible>$PARAM[visible]</visible>
				<visible>IntegerGreaterThan(Container($PARAM[list_id]).NumItems,0) | Container($PARAM[list_id]).IsUpdating</visible>                
				<include name="LeftRightArrows">
					<param name="posy" value="210" />
					<param name="list_id" value="$PARAM[list_id]" />
				</include>
				<control type="label">
					<left>500</left>
					<top>15</top>
					<width>900</width>
					<height>40</height>
					<label>$PARAM[widget_header]</label>
					<shadowcolor>text_shadow</shadowcolor>
				</control>
				<control type="panel" id="$PARAM[list_id]">
					<left>480</left>
					<top>60</top>
					<width>1372</width>
					<height>400</height>
					<scrolltime tween="cubic" easing="out">500</scrolltime>
					<orientation>horizontal</orientation>
					<onleft>9000</onleft>
					<onright>noop</onright>
					<onunfocus>ClearProperty(mediaartfanart,home)</onunfocus>
					<onunfocus>SetProperty(listposition,$INFO[Container($PARAM[list_id]).Position],home)</onunfocus>
					<onfocus>Control.Move($PARAM[list_id],-$INFO[Container($PARAM[list_id]).Position])</onfocus>
					<onfocus>Control.Move($PARAM[list_id],$INFO[Window(home).Property(listposition)])</onfocus>
					<onup>$PARAM[onup_id]</onup>
					<ondown>$PARAM[ondown_id]</ondown>
					<onback>SetFocus(9000)</onback>
					<preloaditems>1</preloaditems>
					<itemlayout width="341" height="400">
						<control type="image">
							<left>0</left>
							<top>1</top>
							<width>348</width>
							<height>340</height>
							<texture border="40">buttons/button-nofo.png</texture>
						</control>
						<control type="image">
							<left>24</left>
							<top>25</top>
							<width>298</width>
							<height>220</height>
							<aspectratio>scale</aspectratio>
							<texture fallback="DefaultTVShows.png" background="true">$INFO[ListItem.Art(thumb)]</texture>
						</control>
						<control type="label">
							<left>30</left>
							<top>253</top>
							<width>288</width>
							<label>[COLOR button_focus]$INFO[ListItem.Season,,x]$INFO[ListItem.Episode][/COLOR] $INFO[ListItem.Title]</label>
							<font>font10</font>
							<shadowcolor>text_shadow</shadowcolor>
							<align>center</align>
						</control>
						<control type="label">
							<left>30</left>
							<top>279</top>
							<width>288</width>
							<label>$INFO[ListItem.TVShowTitle]</label>
							<font>font10</font>
							<shadowcolor>text_shadow</shadowcolor>
							<align>center</align>
						</control>
						<control type="image">
							<left>20</left>
							<top>20</top>
							<width>32</width>
							<height>32</height>
							<texture>$VAR[ListWatchedIconVar]</texture>
							<visible>!IsEmpty(ListItem.Overlay)</visible>
						</control>
					</itemlayout>
					<focusedlayout width="341" height="400">
						<control type="group">
							<depth>DepthContentPopout</depth>
							<animation type="Focus">
								<effect type="zoom" start="100" end="105" time="200" tween="sine" easing="inout" center="233,90" />
							</animation>
							<animation type="Unfocus">
								<effect type="zoom" start="105" end="100" time="200" tween="sine" easing="inout" center="233,90" />
							</animation>
							<control type="button">
								<onfocus>SetProperty(mediaartfanart,$INFO[Container($PARAM[list_id]).ListItem.Art(fanart)],home)</onfocus>
                                <onfocus>SetProperty(SkinHelper.WidgetContainer,$PARAM[list_id])</onfocus>
                                <texturenofocus></texturenofocus>
                                <texturefocus></texturefocus>
							</control>
							<control type="image">
								<left>0</left>
								<top>1</top>
								<width>348</width>
								<height>340</height>
								<texture border="40">buttons/button-nofo.png</texture>
							</control>
							<control type="image">
								<left>24</left>
								<top>25</top>
								<width>298</width>
								<height>220</height>
								<aspectratio>scale</aspectratio>
								<texture fallback="DefaultTVShows.png" background="true">$INFO[ListItem.Art(thumb)]</texture>
							</control>
							<control type="group">
								<left>20</left>
								<top>20</top>
								<visible>!StringCompare(ListItem.PercentPlayed,0) + Control.HasFocus($PARAM[list_id])</visible>
								<animation effect="fade" start="0" end="100" time="200">Focus</animation>
								<animation effect="fade" start="100" end="0" time="0">Unfocus</animation>
								<control type="image">
									<left>0</left>
									<top>0</top>
									<width>310</width>
									<height>30</height>
									<texture colordiffuse="99FFFFFF">colors/black.png</texture>
								</control>
								<control type="progress">
									<left>30</left>
									<top>10</top>
									<width>250</width>
									<height>13</height>
									<info>ListItem.PercentPlayed</info>
								</control>
							</control>
							<control type="label">
								<left>30</left>
								<top>253</top>
								<width>288</width>
								<label>[COLOR button_focus]$INFO[ListItem.Season,,x]$INFO[ListItem.Episode][/COLOR] $INFO[ListItem.Title]</label>
								<scroll>true</scroll>
								<font>font10</font>
								<shadowcolor>text_shadow</shadowcolor>
								<align>center</align>
							</control>
							<control type="label">
								<left>30</left>
								<top>279</top>
								<width>288</width>
								<scroll>true</scroll>
								<label>$INFO[ListItem.TVShowTitle]</label>
								<font>font10</font>
								<shadowcolor>text_shadow</shadowcolor>
								<align>center</align>
							</control>
							<control type="image">
								<left>17</left>
								<top>17</top>
								<width>312</width>
								<height>306</height>
								<texture background="true" border="8" colordiffuse="button_focus">buttons/thumbnail_focused.png</texture>
								<animation effect="fade" start="0" end="100" time="200">Focus</animation>
								<animation effect="fade" start="100" end="0" time="0">Unfocus</animation>
								<visible>Control.HasFocus($PARAM[list_id])</visible>
							</control>
							<control type="image">
								<left>20</left>
								<top>20</top>
								<width>32</width>
								<height>32</height>
								<texture>$VAR[ListWatchedIconVar]</texture>
								<visible>!IsEmpty(ListItem.Overlay)</visible>
							</control>
						</control>
					</focusedlayout>
					<content sortby="$PARAM[sortby]" sortorder="$PARAM[sortorder]" target="$PARAM[widget_target]" limit="$PARAM[widget_limit]">$PARAM[content_path]</content>
				</control>
			</control>
		</definition>
	</include>
	<include name="WidgetListAddons">
        <param name="visible">True</param>
		<param name="ondown_id">200001</param>
		<param name="widget_limit">$VAR[WidgetLimitItems]</param>
		<param name="sortby"></param>
		<param name="sortorder">ascending</param>
		<param name="height">405</param>
		<param name="label1">$INFO[ListItem.Label]</param>
		<param name="label2">[COLOR button_focus]$INFO[ListItem.Property(Addon.Version)][/COLOR]</param>
        <param name="fallback_image">DefaultFolderSquare.png</param>
		<definition>
			<control type="group">
				<description>Addons Widget including header and arrows</description>
				<height>$PARAM[height]</height>
				<left>0</left>
				<visible>$PARAM[visible]</visible>
				<visible>IntegerGreaterThan(Container($PARAM[list_id]).NumItems,0) | Container($PARAM[list_id]).IsUpdating</visible>
				<include name="LeftRightArrows">
					<param name="posy" value="200" />
					<param name="list_id" value="$PARAM[list_id]" />
				</include>
				<control type="label">
					<left>500</left>
					<top>15</top>
					<width>900</width>
					<height>40</height>
					<label>$PARAM[widget_header]</label>
					<shadowcolor>text_shadow</shadowcolor>
				</control>
				<control type="panel" id="$PARAM[list_id]">
					<left>480</left>
					<top>55</top>
					<width>1372</width>
					<height>400</height>
					<scrolltime tween="cubic" easing="out">500</scrolltime>
					<orientation>horizontal</orientation>
					<onleft>9000</onleft>
					<onright>noop</onright>
					<onunfocus>ClearProperty(mediaartfanart,home)</onunfocus>
					<onunfocus>SetProperty(listposition,$INFO[Container($PARAM[list_id]).Position],home)</onunfocus>
					<onfocus>Control.Move($PARAM[list_id],-$INFO[Container($PARAM[list_id]).Position])</onfocus>
					<onfocus>Control.Move($PARAM[list_id],$INFO[Window(home).Property(listposition)])</onfocus>
					<onup>$PARAM[onup_id]</onup>
					<ondown>$PARAM[ondown_id]</ondown>
					<onback>SetFocus(9000)</onback>
					<preloaditems>1</preloaditems>
					<itemlayout width="343" height="400">
						<control type="image">
							<left>0</left>
							<top>0</top>
							<width>340</width>
							<height>340</height>
                            <texture border="40">buttons/button-nofo.png</texture>
                        </control>
						<control type="image">
							<left>0</left>
							<top>0</top>
							<width>340</width>
							<height>340</height>
                            <aspectratio>scale</aspectratio>
							<texture fallback="$PARAM[fallback_image]" background="true">$INFO[ListItem.Art(thumb)]</texture>
							<bordertexture border="20">overlays/shadow.png</bordertexture>
							<bordersize>20</bordersize>
						</control>
						<control type="group">
							<left>20</left>
							<top>20</top>
							<control type="image">
								<left>0</left>
								<top>240</top>
								<width>300</width>
								<height>60</height>
								<texture colordiffuse="AAFFFFFF">colors/black.png</texture>
							</control>
							<control type="label">
								<left>20</left>
								<top>238</top>
								<width>260</width>
								<label>$PARAM[label1]</label>
								<font>font10</font>
								<shadowcolor>text_shadow</shadowcolor>
								<align>center</align>
							</control>
							<control type="label">
								<left>20</left>
								<top>266</top>
								<width>260</width>
								<label>$PARAM[label2]</label>
								<font>font10</font>
								<shadowcolor>text_shadow</shadowcolor>
								<align>center</align>
							</control>
							<control type="image">
								<left>5</left>
								<top>5</top>
								<width>32</width>
								<height>32</height>
								<texture>$VAR[ListWatchedIconVar]</texture>
								<visible>!IsEmpty(ListItem.Overlay)</visible>
							</control>
						</control>
					</itemlayout>
					<focusedlayout width="343" height="400">
						<control type="group">
							<depth>DepthContentPopout</depth>
							<animation type="Focus">
								<effect type="zoom" start="100" end="108" time="200" tween="sine" easing="inout" center="150,70" />
							</animation>
							<animation type="Unfocus">
								<effect type="zoom" start="108" end="100" time="200" tween="sine" easing="inout" center="150,70" />
							</animation>
							<control type="button">
								<onfocus>SetProperty(mediaartfanart,$INFO[Container($PARAM[list_id]).ListItem.Art(fanart)],home)</onfocus>
                                <onfocus>SetProperty(SkinHelper.WidgetContainer,$PARAM[list_id])</onfocus>
                                <texturenofocus></texturenofocus>
                                <texturefocus></texturefocus>
							</control>
                            <control type="image">
                                <left>0</left>
                                <top>0</top>
                                <width>340</width>
                                <height>340</height>
                                <texture border="40">buttons/button-nofo.png</texture>
                            </control>
							<control type="image">
								<left>0</left>
								<top>0</top>
								<width>340</width>
								<height>340</height>
                                <aspectratio>scale</aspectratio>
								<texture fallback="$PARAM[fallback_image]" background="true">$INFO[ListItem.Art(thumb)]</texture>
								<bordertexture border="20">overlays/shadow.png</bordertexture>
								<bordersize>20</bordersize>
							</control>
							<control type="group">
								<left>20</left>
								<top>20</top>
								<control type="image">
									<left>0</left>
									<top>240</top>
									<width>300</width>
									<height>60</height>
									<texture colordiffuse="AAFFFFFF">colors/black.png</texture>
								</control>
								<control type="label">
									<left>10</left>
									<top>238</top>
									<width>280</width>
									<label>$PARAM[label1]</label>
									<font>font10</font>
									<scroll>true</scroll>
									<shadowcolor>text_shadow</shadowcolor>
									<align>center</align>
								</control>
								<control type="label">
									<left>10</left>
									<top>266</top>
									<width>280</width>
									<font>font10</font>
									<scroll>true</scroll>
									<label>$PARAM[label2]</label>
									<shadowcolor>text_shadow</shadowcolor>
									<align>center</align>
								</control>
								<control type="image">
									<left>0</left>
									<top>0</top>
									<width>300</width>
									<height>300</height>
									<animation effect="fade" start="0" end="100" time="200">Focus</animation>
									<animation effect="fade" start="100" end="0" time="0">Unfocus</animation>
									<texture background="true" border="8" colordiffuse="button_focus">buttons/thumbnail_focused.png</texture>
								</control>
								<control type="image">
									<left>5</left>
									<top>5</top>
									<width>32</width>
									<height>32</height>
									<texture>$VAR[ListWatchedIconVar]</texture>
									<visible>!IsEmpty(ListItem.Overlay)</visible>
								</control>
							</control>
						</control>
					</focusedlayout>
					<content sortby="$PARAM[sortby]" sortorder="$PARAM[sortorder]" target="$PARAM[widget_target]" limit="$PARAM[widget_limit]">$PARAM[content_path]</content>
				</control>
			</control>
		</definition>
	</include>
	<include name="WidgetListText">
		<param name="visible">True</param>
		<param name="ondown_id">200001</param>
		<param name="widget_limit">$VAR[WidgetLimitItems]</param>
		<param name="sortby">label</param>
		<param name="sortorder">ascending</param>
		<param name="height">405</param>
		<param name="item_image">$VAR[WidgetListTextIconVar]</param>        
		<definition>
			<control type="group" id="$PARAM[list_id]0">
				<description>Square Widget including header and arrows</description>
				<height>$PARAM[height]</height>
				<left>0</left>
				<top>0</top>
                <visible>$PARAM[visible]</visible>
				<visible>IntegerGreaterThan(Container($PARAM[list_id]).NumItems,0) | Container($PARAM[list_id]).IsUpdating</visible>
				<control type="label">
					<left>500</left>
					<top>15</top>
					<width>900</width>
					<height>40</height>
					<label>$PARAM[widget_header]</label>
					<shadowcolor>text_shadow</shadowcolor>
				</control>
				<include name="LeftRightArrows">
					<param name="posy" value="200" />
					<param name="list_id" value="$PARAM[list_id]" />
				</include>
				<control type="panel" id="$PARAM[list_id]">
					<left>480</left>
					<top>55</top>
					<width>1372</width>
					<height>$PARAM[height]</height>
					<scrolltime tween="cubic" easing="out">500</scrolltime>
					<orientation>horizontal</orientation>
					<onleft>9000</onleft>
					<onright>noop</onright>
					<onunfocus>SetProperty(listposition,$INFO[Container($PARAM[list_id]).Position],home)</onunfocus>
					<onfocus>Control.Move($PARAM[list_id],-$INFO[Container($PARAM[list_id]).Position])</onfocus>
					<onfocus>Control.Move($PARAM[list_id],$INFO[Window(home).Property(listposition)])</onfocus>
					<onup>$PARAM[onup_id]</onup>
					<ondown>$PARAM[ondown_id]</ondown>
					<onback>SetFocus(9000)</onback>
					<preloaditems>1</preloaditems>
					<itemlayout width="343" height="340">
						<control type="image">
							<width>340</width>
							<height>340</height>
							<texture border="40">buttons/button-nofo.png</texture>
						</control>
						<control type="image">
							<top>23</top>
							<left>62</left>
							<width>220</width>
							<height>180</height>
							<texture fallback="DefaultFolder.png">$PARAM[item_image]</texture>
							<aspectratio>keep</aspectratio>
						</control>
						<control type="image">
							<left>20</left>
							<top>243</top>
							<width>298</width>
							<height>75</height>
							<texture>colors/black.png</texture>
						</control>
						<control type="textbox">
							<left>42</left>
							<top>245</top>
							<width>260</width>
							<height>70</height>
							<label>$INFO[ListItem.Label]</label>
							<font>font12</font>
							<shadowcolor>text_shadow</shadowcolor>
							<align>center</align>
							<aligny>center</aligny>
						</control>
					</itemlayout>
					<focusedlayout width="343" height="340">
						<control type="group">
							<depth>DepthContentPopout</depth>
							<animation type="Focus">
								<effect type="zoom" start="100" end="108" time="200" tween="sine" easing="inout" center="150,70" />
							</animation>
							<animation type="Unfocus">
								<effect type="zoom" start="108" end="100" time="200" tween="sine" easing="inout" center="150,70" />
							</animation>
                            <control type="button">
                                <onfocus>SetProperty(SkinHelper.WidgetContainer,$PARAM[list_id])</onfocus>
                                <texturenofocus></texturenofocus>
                                <texturefocus></texturefocus>
                            </control>
							<control type="image">
								<width>340</width>
								<height>340</height>
								<texture border="40">buttons/button-nofo.png</texture>
							</control>
							<control type="image">
								<width>340</width>
								<height>340</height>
								<texture border="40" colordiffuse="button_focus">buttons/button-fo.png</texture>
								<animation effect="fade" start="0" end="100" time="200">Focus</animation>
								<animation effect="fade" start="100" end="0" time="0">Unfocus</animation>
							</control>
							<control type="image">
								<top>23</top>
								<left>62</left>
								<width>220</width>
								<height>180</height>
								<texture fallback="DefaultFolder.png">$PARAM[item_image]</texture>
								<aspectratio>keep</aspectratio>
							</control>
							<control type="image">
								<left>20</left>
								<top>243</top>
								<width>298</width>
								<height>75</height>
								<texture>colors/black.png</texture>
							</control>
							<control type="textbox">
								<left>42</left>
								<top>245</top>
								<width>260</width>
								<height>70</height>
								<label>$INFO[ListItem.Label]</label>
								<font>font12</font>
								<shadowcolor>text_shadow</shadowcolor>
								<align>center</align>
								<aligny>center</aligny>
							</control>
						</control>
					</focusedlayout>
					<content sortby="$PARAM[sortby]" sortorder="$PARAM[sortorder]" target="$PARAM[widget_target]" limit="$PARAM[widget_limit]">$PARAM[content_path]</content>
				</control>
			</control>
		</definition>
	</include>
	<include name="WidgetListChannels">
		<param name="visible">True</param>
		<param name="ondown_id">200001</param>
		<param name="widget_limit">$VAR[WidgetLimitItems]</param>
		<param name="sortby">lastplayed</param>        		
		<param name="sortorder">descending</param>
		<param name="height">600</param>		
		<param name="item_image">$INFO[ListItem.Icon]</param>        
		<definition>
			<control type="group">
				<description>Square Widget including header and arrows</description>
				<height>$PARAM[height]</height>
				<left>0</left>
				<top>0</top>
                <visible>$PARAM[visible]</visible>
				<visible>IntegerGreaterThan(Container($PARAM[list_id]).NumItems,0) | Container($PARAM[list_id]).IsUpdating</visible>
				<control type="label">
					<left>500</left>
					<top>15</top>
					<width>900</width>
					<height>40</height>
					<label>$PARAM[widget_header]</label>
					<shadowcolor>text_shadow</shadowcolor>
				</control>
				<include name="LeftRightArrows">
					<param name="posy" value="300" />
					<param name="list_id" value="$PARAM[list_id]" />
				</include>
				<control type="panel" id="$PARAM[list_id]">
					<left>480</left>
					<top>55</top>
					<width>1372</width>
					<height>$PARAM[height]</height>
					<scrolltime tween="cubic" easing="out">500</scrolltime>
					<orientation>horizontal</orientation>
					<onleft>9000</onleft>
					<onright>noop</onright>
					<onunfocus>SetProperty(listposition,$INFO[Container($PARAM[list_id]).Position],home)</onunfocus>
					<onfocus>Control.Move($PARAM[list_id],-$INFO[Container($PARAM[list_id]).Position])</onfocus>
					<onfocus>Control.Move($PARAM[list_id],$INFO[Window(home).Property(listposition)])</onfocus>
					<onup>$PARAM[onup_id]</onup>
					<ondown>$PARAM[ondown_id]</ondown>
					<onback>SetFocus(9000)</onback>
					<preloaditems>1</preloaditems>
					<itemlayout width="343" height="500">
						<control type="image">
							<width>340</width>
							<height>500</height>
							<texture border="40">buttons/button-nofo.png</texture>
						</control>
						<control type="image">
							<top>43</top>
							<left>42</left>
							<width>260</width>
							<height>200</height>
							<texture fallback="DefaultTVShows.png">$PARAM[item_image]</texture>
							<aspectratio>keep</aspectratio>
						</control>
						<control type="textbox">
							<left>42</left>
							<top>247</top>
							<width>260</width>
							<height>70</height>
							<label>$INFO[ListItem.Label]</label>
							<font>font12</font>
							<shadowcolor>text_shadow</shadowcolor>
							<align>center</align>
							<aligny>top</aligny>
						</control>
						<control type="textbox">
							<left>42</left>
							<top>350</top>
							<width>260</width>
							<height>100</height>
							<label>[COLOR button_focus]$INFO[ListItem.StartTime,, - ]$INFO[ListItem.EndTime][/COLOR][CR]$INFO[ListItem.Title]</label>
							<font>font12</font>
							<shadowcolor>text_shadow</shadowcolor>
							<align>center</align>
							<aligny>top</aligny>
						</control>
					</itemlayout>
					<focusedlayout width="343" height="500">
						<control type="group">
							<depth>DepthContentPopout</depth>
							<animation type="Focus">
								<effect type="zoom" start="100" end="108" time="200" tween="sine" easing="inout" center="150,70" />
							</animation>
							<animation type="Unfocus">
								<effect type="zoom" start="108" end="100" time="200" tween="sine" easing="inout" center="150,70" />
							</animation>
                            <control type="button">
                                <onfocus>SetProperty(SkinHelper.WidgetContainer,$PARAM[list_id])</onfocus>
                                <texturenofocus></texturenofocus>
                                <texturefocus></texturefocus>
                            </control>
                            <control type="button">
                                <onfocus>SetProperty(SkinHelper.WidgetContainer,$PARAM[list_id])</onfocus>
                                <texturenofocus></texturenofocus>
                                <texturefocus></texturefocus>
                            </control>
							<control type="image">
								<width>340</width>
								<height>500</height>
								<texture border="40">buttons/button-nofo.png</texture>
							</control>
							<control type="image">
								<width>340</width>
								<height>500</height>
								<texture border="40" colordiffuse="button_focus">buttons/button-fo.png</texture>
								<animation effect="fade" start="0" end="100" time="200">Focus</animation>
								<animation effect="fade" start="100" end="0" time="0">Unfocus</animation>
							</control>
							<control type="image">
								<top>43</top>
								<left>42</left>
								<width>260</width>
								<height>200</height>
								<texture fallback="DefaultTVShows.png">$PARAM[item_image]</texture>
								<aspectratio>keep</aspectratio>
							</control>
							<control type="textbox">
								<left>42</left>
								<top>247</top>
								<width>260</width>
								<height>70</height>
								<label>$INFO[ListItem.Label]</label>
								<font>font12</font>
								<shadowcolor>text_shadow</shadowcolor>
								<align>center</align>
								<aligny>top</aligny>
							</control>
							<control type="textbox">
								<left>42</left>
								<top>350</top>
								<width>260</width>
								<height>100</height>
								<label>[COLOR button_focus]$INFO[ListItem.StartTime,, - ]$INFO[ListItem.EndTime][/COLOR][CR]$INFO[ListItem.Title]</label>
								<font>font12</font>
								<shadowcolor>text_shadow</shadowcolor>
								<align>center</align>
								<aligny>top</aligny>
							</control>
						</control>
					</focusedlayout>
					<content sortby="$PARAM[sortby]" sortorder="$PARAM[sortorder]" target="$PARAM[widget_target]" limit="$PARAM[widget_limit]">$PARAM[content_path]</content>
				</control>
			</control>
		</definition>
	</include>
	<include name="WidgetListRecordings">
		<param name="visible">True</param>
		<param name="ondown_id">200001</param>
		<param name="widget_limit">$VAR[WidgetLimitItems]</param>
		<param name="height">600</param>
		<param name="item_image">$INFO[ListItem.Icon]</param>        
		<definition>
			<control type="group">
				<description>Square Widget including header and arrows</description>
				<height>$PARAM[height]</height>
				<left>0</left>
				<top>0</top>
                <visible>$PARAM[visible]</visible>
				<visible>IntegerGreaterThan(Container($PARAM[list_id]).NumItems,0) | Container($PARAM[list_id]).IsUpdating</visible>
				<control type="label">
					<left>500</left>
					<top>15</top>
					<width>900</width>
					<height>40</height>
					<label>$PARAM[widget_header]</label>
					<shadowcolor>text_shadow</shadowcolor>
				</control>
				<include name="LeftRightArrows">
					<param name="posy" value="300" />
					<param name="list_id" value="$PARAM[list_id]" />
				</include>
				<control type="panel" id="$PARAM[list_id]">
					<left>480</left>
					<top>55</top>
					<width>1372</width>
					<height>$PARAM[height]</height>
					<scrolltime tween="cubic" easing="out">500</scrolltime>
					<orientation>horizontal</orientation>
					<onleft>9000</onleft>
					<onright>noop</onright>
					<onunfocus>SetProperty(listposition,$INFO[Container($PARAM[list_id]).Position],home)</onunfocus>
					<onfocus>Control.Move($PARAM[list_id],-$INFO[Container($PARAM[list_id]).Position])</onfocus>
					<onfocus>Control.Move($PARAM[list_id],$INFO[Window(home).Property(listposition)])</onfocus>
					<onup>$PARAM[onup_id]</onup>
					<ondown>$PARAM[ondown_id]</ondown>
					<onback>SetFocus(9000)</onback>
					<preloaditems>1</preloaditems>
					<itemlayout width="343" height="500">
						<control type="image">
							<width>340</width>
							<height>500</height>
							<texture border="40">buttons/button-nofo.png</texture>
						</control>
						<control type="image">
							<top>43</top>
							<left>42</left>
							<width>260</width>
							<height>200</height>
							<texture fallback="DefaultTVShows.png">$PARAM[item_image]</texture>
							<aspectratio>keep</aspectratio>
						</control>
						<control type="textbox">
							<left>42</left>
							<top>247</top>
							<width>260</width>
							<height>70</height>
							<label>$INFO[ListItem.ChannelName]</label>
							<font>font12</font>
							<shadowcolor>text_shadow</shadowcolor>
							<align>center</align>
							<aligny>top</aligny>
						</control>
						<control type="textbox">
							<left>42</left>
							<top>350</top>
							<width>260</width>
							<height>100</height>
							<label>[COLOR button_focus]$INFO[ListItem.DateTime][/COLOR][CR]$INFO[ListItem.Title]</label>
							<font>font12</font>
							<shadowcolor>text_shadow</shadowcolor>
							<align>center</align>
							<aligny>top</aligny>
						</control>
					</itemlayout>
					<focusedlayout width="343" height="500">
						<control type="group">
							<depth>DepthContentPopout</depth>
							<animation type="Focus">
								<effect type="zoom" start="100" end="108" time="200" tween="sine" easing="inout" center="150,70" />
							</animation>
							<animation type="Unfocus">
								<effect type="zoom" start="108" end="100" time="200" tween="sine" easing="inout" center="150,70" />
							</animation>
							<control type="image">
								<width>340</width>
								<height>500</height>
								<texture border="40">buttons/button-nofo.png</texture>
							</control>
							<control type="image">
								<width>340</width>
								<height>500</height>
								<texture border="40" colordiffuse="button_focus">buttons/button-fo.png</texture>
								<animation effect="fade" start="0" end="100" time="200">Focus</animation>
								<animation effect="fade" start="100" end="0" time="0">Unfocus</animation>
							</control>
							<control type="image">
								<top>43</top>
								<left>42</left>
								<width>260</width>
								<height>200</height>
								<texture fallback="DefaultTVShows.png">$PARAM[item_image]</texture>
								<aspectratio>keep</aspectratio>
							</control>
							<control type="textbox">
								<left>42</left>
								<top>247</top>
								<width>260</width>
								<height>70</height>
								<label>$INFO[ListItem.ChannelName]</label>
								<font>font12</font>
								<shadowcolor>text_shadow</shadowcolor>
								<align>center</align>
								<aligny>top</aligny>
							</control>
							<control type="textbox">
								<left>42</left>
								<top>350</top>
								<width>260</width>
								<height>100</height>
								<label>[COLOR button_focus]$INFO[ListItem.DateTime][/COLOR][CR]$INFO[ListItem.Title]</label>
								<font>font12</font>
								<shadowcolor>text_shadow</shadowcolor>
								<align>center</align>
								<aligny>top</aligny>
							</control>
						</control>
					</focusedlayout>
					<content sortby="$PARAM[sortby]" sortorder="$PARAM[sortorder]" target="$PARAM[widget_target]" limit="$PARAM[widget_limit]">$PARAM[content_path]</content>
				</control>
			</control>
		</definition>
	</include>
	<include name="WeatherWidget">
		<param name="ondown_id">200001</param>
		<param name="visible">True</param>
		<definition>
			<control type="group">
				<description>Square Weather Widget including header and arrows</description>
				<height>432</height>
				<left>0</left>
				<top>0</top>
				<visible>$PARAM[visible]</visible>
				<visible>IntegerGreaterThan(Container($PARAM[list_id]).NumItems,0) | Container($PARAM[list_id]).IsUpdating</visible>	            
				<control type="image">
					<left>445</left>
					<top>230</top>
					<width>28</width>
					<height>28</height>
					<texture flipx="true" colordiffuse="button_focus">overlays/arrowright.png</texture>
					<animation effect="slide" start="30,0" end="0,0" time="200">VisibleChange</animation>
					<animation effect="slide" start="-150" end="0" delay="640" time="320" tween="cubic">WindowOpen</animation>
					<visible>Container($PARAM[list_id]).HasPrevious + Control.HasFocus($PARAM[list_id])</visible>
				</control>
				<control type="image">
					<left>1840</left>
					<top>230</top>
					<width>28</width>
					<height>28</height>
					<texture colordiffuse="button_focus">overlays/arrowright.png</texture>
					<animation effect="slide" start="-30,0" end="0,0" time="200">VisibleChange</animation>
					<animation effect="slide" start="150" end="0" delay="640" time="320" tween="cubic">WindowOpen</animation>
					<visible>Container($PARAM[list_id]).HasNext + Control.HasFocus($PARAM[list_id])</visible>
				</control>
				<control type="label">
					<left>500</left>
					<top>30</top>
					<width>900</width>
					<height>40</height>
					<label>$PARAM[widget_header]</label>
					<font>font14</font>
					<shadowcolor>text_shadow</shadowcolor>
				</control>
				<control type="panel" id="$PARAM[list_id]">
					<left>490</left>
					<top>55</top>
					<width>1365</width>
					<height>400</height>
					<scrolltime tween="cubic" easing="out">500</scrolltime>
					<orientation>horizontal</orientation>
					<onleft>9000</onleft>
					<onright>noop</onright>
					<onunfocus>ClearProperty(weatherfanartcode,home)</onunfocus>
					<onunfocus>SetProperty(listposition,$INFO[Container($PARAM[list_id]).Position],home)</onunfocus>
					<onfocus>Control.Move($PARAM[list_id],-$INFO[Container($PARAM[list_id]).Position])</onfocus>
					<onfocus>Control.Move($PARAM[list_id],$INFO[Window(home).Property(listposition)])</onfocus>
					<onup>$PARAM[onup_id]</onup>
					<ondown>$PARAM[ondown_id]</ondown>
					<onback>SetFocus(9000)</onback>
					<preloaditems>1</preloaditems>
					<itemlayout width="273" height="400">
						<control type="image">
							<left>0</left>
							<top>20</top>
							<width>260</width>
							<height>350</height>
							<texture border="40">buttons/button-nofo.png</texture>
						</control>
						<control type="image">
							<left>60</left>
							<top>130</top>
							<width>130</width>
							<height>130</height>
							<texture>$INFO[ListItem.Icon]</texture>
						</control>
						<control type="label">
							<left>15</left>
							<top>47</top>
							<align>center</align>
							<label>$INFO[ListItem.Label]</label>
							<width>230</width>
						</control>
						<control type="label">
							<left>15</left>
							<top>80</top>
							<align>center</align>
							<font>font12</font>
							<label>$INFO[ListItem.Property(ShortDate)]</label>
							<width>230</width>
						</control>
						<control type="label">
							<left>15</left>
							<top>280</top>
							<align>center</align>
							<label>$INFO[ListItem.Label2]</label>
							<font>font12</font>
							<width>230</width>
						</control>
					</itemlayout>
					<focusedlayout width="273" height="400">
						<control type="group">
							<depth>DepthContentPopout</depth>
							<animation type="Focus">
								<effect type="zoom" start="100" end="107" time="200" tween="sine" easing="inout" center="110,130" />
							</animation>
							<animation type="Unfocus">
								<effect type="zoom" start="107" end="100" time="200" tween="sine" easing="inout" center="110,130" />
							</animation>
							<control type="button">
								<onfocus>SetProperty(weatherfanartcode,$INFO[Container($PARAM[list_id]).ListItem.Property(FanartCode)],home)</onfocus>
                                <texturenofocus></texturenofocus>
                                <texturefocus></texturefocus>
							</control>
							<control type="image">
								<left>0</left>
								<top>20</top>
								<width>260</width>
								<height>350</height>
								<texture border="40">buttons/button-nofo.png</texture>
							</control>
							<control type="image">
								<left>0</left>
								<top>20</top>
								<width>260</width>
								<height>350</height>
								<texture border="40" colordiffuse="button_focus">buttons/button-fo.png</texture>
								<animation effect="fade" start="100" end="0" time="0">Unfocus</animation>
								<visible>Control.HasFocus($PARAM[list_id])</visible>
							</control>
							<control type="image">
								<left>60</left>
								<top>130</top>
								<width>130</width>
								<height>130</height>
								<texture>$INFO[ListItem.Icon]</texture>
							</control>
							<control type="label">
								<left>15</left>
								<top>47</top>
								<align>center</align>
								<label>$INFO[ListItem.Label]</label>
								<width>230</width>
							</control>
							<control type="label">
								<left>15</left>
								<top>80</top>
								<align>center</align>
								<font>font12</font>
								<label>$INFO[ListItem.Property(ShortDate)]</label>
								<width>230</width>
							</control>
							<control type="label">
								<left>15</left>
								<top>280</top>
								<align>center</align>
								<label>$INFO[ListItem.Label2]</label>
								<font>font12</font>
								<width>230</width>
							</control>
						</control>
					</focusedlayout>
					<include>$PARAM[content_include]</include>
				</control>
			</control>
		</definition>
	</include>
	<include name="HourlyItems">
		<content>
			<item>
				<icon>resource://resource.images.weathericons.default/na.png</icon>
				<onclick>noop</onclick>
				<visible>IsEmpty(Window(weather).Property(Hourly.IsFetched))</visible>
			</item>
			<include name="WeatherHourlyItem">
				<param name="item_index" value="1" />
			</include>
			<include name="WeatherHourlyItem">
				<param name="item_index" value="2" />
			</include>
			<include name="WeatherHourlyItem">
				<param name="item_index" value="3" />
			</include>
			<include name="WeatherHourlyItem">
				<param name="item_index" value="4" />
			</include>
			<include name="WeatherHourlyItem">
				<param name="item_index" value="5" />
			</include>
			<include name="WeatherHourlyItem">
				<param name="item_index" value="6" />
			</include>
			<include name="WeatherHourlyItem">
				<param name="item_index" value="7" />
			</include>
			<include name="WeatherHourlyItem">
				<param name="item_index" value="8" />
			</include>
			<include name="WeatherHourlyItem">
				<param name="item_index" value="9" />
			</include>
			<include name="WeatherHourlyItem">
				<param name="item_index" value="10" />
			</include>
		</content>
	</include>
	<include name="DailyItems">
		<content>
			<item>
				<icon>resource://resource.images.weathericons.default/na.png</icon>
				<onclick>noop</onclick>
				<visible>IsEmpty(Window(weather).Property(Daily.IsFetched))</visible>
			</item>
			<include name="WeatherDailyItem">
				<param name="item_index" value="1" />
			</include>
			<include name="WeatherDailyItem">
				<param name="item_index" value="2" />
			</include>
			<include name="WeatherDailyItem">
				<param name="item_index" value="3" />
			</include>
			<include name="WeatherDailyItem">
				<param name="item_index" value="4" />
			</include>
			<include name="WeatherDailyItem">
				<param name="item_index" value="5" />
			</include>
			<include name="WeatherDailyItem">
				<param name="item_index" value="6" />
			</include>
			<include name="WeatherDailyItem">
				<param name="item_index" value="7" />
			</include>
			<include name="WeatherDailyItem">
				<param name="item_index" value="8" />
			</include>
			<include name="WeatherDailyItem">
				<param name="item_index" value="9" />
			</include>
			<include name="WeatherDailyItem">
				<param name="item_index" value="10" />
			</include>
			<include name="WeatherDailyItem">
				<param name="item_index" value="11" />
			</include>
			<include name="WeatherDailyItem">
				<param name="item_index" value="12" />
			</include>
			<include name="WeatherDailyItem">
				<param name="item_index" value="13" />
			</include>
			<include name="WeatherDailyItem">
				<param name="item_index" value="14" />
			</include>
		</content>
	</include>
	<include name="WeatherHourlyItem">
		<item>
			<label>$INFO[Window(weather).Property(Hourly.$PARAM[item_index].Time)]</label>
			<label2>$INFO[Window(weather).Property(Hourly.$PARAM[item_index].Temperature)] - $INFO[Window(weather).Property(Hourly.$PARAM[item_index].Precipitation)]</label2>
			<property name="Temperature">$INFO[Window(weather).Property(Hourly.$PARAM[item_index].Temperature)]</property>
			<property name="Outlook">$INFO[Window(weather).Property(Hourly.$PARAM[item_id].Outlook)]</property>
			<property name="Cloudiness">$INFO[Window(weather).Property(Hourly.$PARAM[item_index].Cloudiness)]</property>
			<property name="ShortDate">$INFO[Window(weather).Property(Hourly.$PARAM[item_index].ShortDate)]</property>
			<property name="FanartCode">$INFO[Window(weather).Property(Hourly.$PARAM[item_index].FanartCode)]</property>
			<thumb>resource://resource.images.weathericons.default/$INFO[Window(weather).Property(Hourly.$PARAM[item_index].OutlookIcon)]</thumb>
			<onclick>noop</onclick>
			<visible>!IsEmpty(Window(weather).Property(Hourly.$PARAM[item_index].Outlook))</visible>
            <visible>IsEmpty(Skin.String(WeatherIcons.name))</visible>
		</item>
		<item>
			<label>$INFO[Window(weather).Property(Hourly.$PARAM[item_index].Time)]</label>
			<label2>$INFO[Window(weather).Property(Hourly.$PARAM[item_index].Temperature)] - $INFO[Window(weather).Property(Hourly.$PARAM[item_index].Precipitation)]</label2>
			<property name="Temperature">$INFO[Window(weather).Property(Hourly.$PARAM[item_index].Temperature)]</property>
			<property name="Outlook">$INFO[Window(weather).Property(Hourly.$PARAM[item_id].Outlook)]</property>
			<property name="Cloudiness">$INFO[Window(weather).Property(Hourly.$PARAM[item_index].Cloudiness)]</property>
			<property name="ShortDate">$INFO[Window(weather).Property(Hourly.$PARAM[item_index].ShortDate)]</property>
			<property name="FanartCode">$INFO[Window(weather).Property(Hourly.$PARAM[item_index].FanartCode)]</property>
			<thumb>$INFO[Skin.String(WeatherIcons.path),,/]$INFO[Window(weather).Property(Hourly.$PARAM[item_index].OutlookIcon)]</thumb>
			<onclick>noop</onclick>
			<visible>!IsEmpty(Window(weather).Property(Hourly.$PARAM[item_index].Outlook))</visible>
            <visible>!IsEmpty(Skin.String(WeatherIcons.name))</visible>
		</item>
	</include>
	<include name="WeatherDailyItem">
		<item>
			<label>$INFO[Window(weather).Property(Daily.$PARAM[item_index].ShortDay)]</label>
			<label2>[COLOR blue]$INFO[Window(weather).Property(Daily.$PARAM[item_index].LowTemperature)][/COLOR] - [COLOR red]$INFO[Window(weather).Property(Daily.$PARAM[item_index].HighTemperature)][/COLOR]</label2>
			<property name="LongDay">$INFO[Window(weather).Property(Daily.$PARAM[item_index].LongDay)]</property>
			<property name="TempDay">$INFO[Window(weather).Property(Daily.$PARAM[item_index].TempDay)]</property>
			<property name="Cloudiness">$INFO[Window(weather).Property(Daily.$PARAM[item_index].Cloudiness)]</property>
			<property name="Outlook">$INFO[Window(weather).Property(Daily.$PARAM[item_index].Outlook)]</property>
			<property name="ShortDate">$INFO[Window(weather).Property(Daily.$PARAM[item_index].ShortDate)]</property>
			<property name="FanartCode">$INFO[Window(weather).Property(Daily.$PARAM[item_index].FanartCode)]</property>
			<thumb>resource://resource.images.weathericons.default/$INFO[Window(weather).Property(Daily.$PARAM[item_index].OutlookIcon)]</thumb>
			<onclick>noop</onclick>
			<visible>!IsEmpty(Window(weather).Property(Daily.$PARAM[item_index].Outlook))</visible>
            <visible>IsEmpty(Skin.String(WeatherIcons.name))</visible>
		</item>
		<item>
			<label>$INFO[Window(weather).Property(Daily.$PARAM[item_index].ShortDay)]</label>
			<label2>[COLOR blue]$INFO[Window(weather).Property(Daily.$PARAM[item_index].LowTemperature)][/COLOR] - [COLOR red]$INFO[Window(weather).Property(Daily.$PARAM[item_index].HighTemperature)][/COLOR]</label2>
			<property name="LongDay">$INFO[Window(weather).Property(Daily.$PARAM[item_index].LongDay)]</property>
			<property name="TempDay">$INFO[Window(weather).Property(Daily.$PARAM[item_index].TempDay)]</property>
			<property name="Cloudiness">$INFO[Window(weather).Property(Daily.$PARAM[item_index].Cloudiness)]</property>
			<property name="Outlook">$INFO[Window(weather).Property(Daily.$PARAM[item_index].Outlook)]</property>
			<property name="ShortDate">$INFO[Window(weather).Property(Daily.$PARAM[item_index].ShortDate)]</property>
			<property name="FanartCode">$INFO[Window(weather).Property(Daily.$PARAM[item_index].FanartCode)]</property>
			<thumb>$INFO[Skin.String(WeatherIcons.path),,/]$INFO[Window(weather).Property(Daily.$PARAM[item_index].OutlookIcon)]</thumb>
			<onclick>noop</onclick>
			<visible>!IsEmpty(Window(weather).Property(Daily.$PARAM[item_index].Outlook))</visible>
            <visible>!IsEmpty(Skin.String(WeatherIcons.name))</visible>
		</item>
	</include>
	<include name="WeatherMapItem">
		<item>
			<label>$INFO[Window(weather).Property(Map.$PARAM[item_id].Heading)]</label>
			<label2>$INFO[Window(weather).Property(Map.$PARAM[item_id].Legend)]</label2>
			<icon>$INFO[Window(weather).Property(Map.$PARAM[item_id].Area)]</icon>
			<property name="Layer">$INFO[Window(weather).Property(Map.$PARAM[item_id].Layer)]</property>
			<onclick>noop</onclick>
			<visible>Weather.IsFetched + !IsEmpty(Window(weather).Property(Map.$PARAM[item_id].Area)) + !IsEmpty(Window(weather).Property(Map.IsFetched))</visible>
		</item>
	</include>
	<include name="WidgetListTVShows">
		<param name="visible">True</param>
		<param name="ondown_id">200001</param>
		<param name="widget_limit">$VAR[WidgetLimitItems]</param>
		<param name="sortby">lastplayed</param>
		<param name="sortorder">descending</param>
        <param name="height">405</param>       
		<definition>
			<control type="group">
				<description>TVShows Widget including header and arrows</description>
				<height>$PARAM[height]</height>
				<left>0</left>
				<top>0</top>
                <visible>$PARAM[visible]</visible>
				<visible>IntegerGreaterThan(Container($PARAM[list_id]).NumItems,0) | Container($PARAM[list_id]).IsUpdating</visible>                
				<include name="LeftRightArrows">
					<param name="posy" value="210" />
					<param name="list_id" value="$PARAM[list_id]" />
				</include>
				<control type="label">
					<left>500</left>
					<top>15</top>
					<width>900</width>
					<height>40</height>
					<label>$PARAM[widget_header]</label>
					<shadowcolor>text_shadow</shadowcolor>
				</control>
				<control type="panel" id="$PARAM[list_id]">
					<left>480</left>
					<top>60</top>
					<width>1372</width>
					<height>400</height>
					<scrolltime tween="cubic" easing="out">500</scrolltime>
					<orientation>horizontal</orientation>
					<onleft>9000</onleft>
					<onright>noop</onright>
					<onunfocus>ClearProperty(mediaartfanart,home)</onunfocus>
					<onunfocus>SetProperty(listposition,$INFO[Container($PARAM[list_id]).Position],home)</onunfocus>
					<onfocus>Control.Move($PARAM[list_id],-$INFO[Container($PARAM[list_id]).Position])</onfocus>
					<onfocus>Control.Move($PARAM[list_id],$INFO[Window(home).Property(listposition)])</onfocus>
					<onup>$PARAM[onup_id]</onup>
					<ondown>$PARAM[ondown_id]</ondown>
					<onback>SetFocus(9000)</onback>
					<preloaditems>1</preloaditems>
					<itemlayout width="341" height="400">
						<control type="image">
							<left>0</left>
							<top>1</top>
							<width>348</width>
							<height>340</height>
							<texture border="40">buttons/button-nofo.png</texture>
						</control>
						<control type="image">
							<left>24</left>
							<top>25</top>
							<width>298</width>
							<height>220</height>
							<aspectratio>scale</aspectratio>
							<texture fallback="DefaultTVShows.png" background="true">$VAR[TVShowWidgetImageVar]</texture>
						</control>
						<control type="label">
							<left>30</left>
							<top>253</top>
							<width>288</width>
							<label>$LOCALIZE[16102]: $INFO[ListItem.Property(WatchedEpisodes)]$INFO[ListItem.Property(TotalEpisodes), / ]</label>
							<font>font10</font>
							<shadowcolor>text_shadow</shadowcolor>
							<align>center</align>
							<visible>!StringCompare(ListItem.Property(WatchedEpisodes),0)</visible>
							<visible>!IsEmpty(ListItem.Property(WatchedEpisodes)) + !IsEmpty(ListItem.Property(TotalEpisodes))</visible>
						</control>
						<control type="label">
							<left>30</left>
							<top>253</top>
							<width>288</width>
							<label>$LOCALIZE[20360]: $INFO[ListItem.Property(TotalEpisodes)]</label>
							<font>font10</font>
							<shadowcolor>text_shadow</shadowcolor>
							<align>center</align>
							<visible>StringCompare(ListItem.Property(WatchedEpisodes),0)</visible>
							<visible>!IsEmpty(ListItem.Property(WatchedEpisodes)) + !IsEmpty(ListItem.Property(TotalEpisodes))</visible>
						</control>
						<control type="label">
							<left>30</left>
							<top>279</top>
							<width>288</width>
							<label>$INFO[ListItem.TVShowTitle]</label>
							<font>font10</font>
							<shadowcolor>text_shadow</shadowcolor>
							<align>center</align>
						</control>
						<control type="image">
							<left>20</left>
							<top>20</top>
							<width>32</width>
							<height>32</height>
							<texture>$VAR[ListWatchedIconVar]</texture>
							<visible>!IsEmpty(ListItem.Overlay)</visible>
						</control>
					</itemlayout>
					<focusedlayout width="341" height="400">
						<control type="group">
							<depth>DepthContentPopout</depth>
							<animation type="Focus">
								<effect type="zoom" start="100" end="105" time="200" tween="sine" easing="inout" center="233,90" />
							</animation>
							<animation type="Unfocus">
								<effect type="zoom" start="105" end="100" time="200" tween="sine" easing="inout" center="233,90" />
							</animation>
							<control type="button">
								<onfocus>SetProperty(mediaartfanart,$INFO[Container($PARAM[list_id]).ListItem.Art(fanart)],home)</onfocus>
                                <onfocus>SetProperty(SkinHelper.WidgetContainer,$PARAM[list_id])</onfocus>
                                <texturenofocus></texturenofocus>
                                <texturefocus></texturefocus>
							</control>
							<control type="image">
								<left>0</left>
								<top>1</top>
								<width>348</width>
								<height>340</height>
								<texture border="40">buttons/button-nofo.png</texture>
							</control>
							<control type="image">
								<left>24</left>
								<top>25</top>
								<width>298</width>
								<height>220</height>
								<aspectratio>scale</aspectratio>
								<texture fallback="DefaultTVShows.png" background="true">$VAR[TVShowWidgetImageVar]</texture>
							</control>
							<control type="group">
								<left>20</left>
								<top>20</top>
								<visible>!StringCompare(ListItem.PercentPlayed,0) + Control.HasFocus($PARAM[list_id])</visible>
								<animation effect="fade" start="0" end="100" time="200">Focus</animation>
								<animation effect="fade" start="100" end="0" time="0">Unfocus</animation>
								<control type="image">
									<left>0</left>
									<top>0</top>
									<width>310</width>
									<height>30</height>
									<texture colordiffuse="99FFFFFF">colors/black.png</texture>
								</control>
								<control type="progress">
									<left>30</left>
									<top>10</top>
									<width>250</width>
									<height>13</height>
									<info>ListItem.PercentPlayed</info>
								</control>
							</control>
							<control type="label">
								<left>30</left>
								<top>253</top>
								<width>288</width>
								<label>$LOCALIZE[16102]: $INFO[ListItem.Property(WatchedEpisodes)]$INFO[ListItem.Property(TotalEpisodes), / ]</label>
								<font>font10</font>
								<shadowcolor>text_shadow</shadowcolor>
								<align>center</align>
								<visible>!StringCompare(ListItem.Property(WatchedEpisodes),0)</visible>
								<visible>!IsEmpty(ListItem.Property(WatchedEpisodes)) + !IsEmpty(ListItem.Property(TotalEpisodes))</visible>
							</control>
							<control type="label">
								<left>30</left>
								<top>253</top>
								<width>288</width>
								<label>$LOCALIZE[20360]: $INFO[ListItem.Property(TotalEpisodes)]</label>
								<font>font10</font>
								<shadowcolor>text_shadow</shadowcolor>
								<align>center</align>
								<visible>StringCompare(ListItem.Property(WatchedEpisodes),0)</visible>
								<visible>!IsEmpty(ListItem.Property(WatchedEpisodes)) + !IsEmpty(ListItem.Property(TotalEpisodes))</visible>
							</control>							
							<control type="label">
								<left>30</left>
								<top>279</top>
								<width>288</width>
								<scroll>true</scroll>
								<label>$INFO[ListItem.TVShowTitle]</label>
								<font>font10</font>
								<shadowcolor>text_shadow</shadowcolor>
								<align>center</align>
							</control>
							<control type="image">
								<left>17</left>
								<top>17</top>
								<width>312</width>
								<height>306</height>
								<texture background="true" border="8" colordiffuse="button_focus">buttons/thumbnail_focused.png</texture>
								<animation effect="fade" start="0" end="100" time="200">Focus</animation>
								<animation effect="fade" start="100" end="0" time="0">Unfocus</animation>
								<visible>Control.HasFocus($PARAM[list_id])</visible>
							</control>
							<control type="image">
								<left>20</left>
								<top>20</top>
								<width>32</width>
								<height>32</height>
								<texture>$VAR[ListWatchedIconVar]</texture>
								<visible>!IsEmpty(ListItem.Overlay)</visible>
							</control>
						</control>
					</focusedlayout>
					<content sortby="$PARAM[sortby]" sortorder="$PARAM[sortorder]" target="$PARAM[widget_target]" limit="$PARAM[widget_limit]">$PARAM[content_path]</content>
				</control>
			</control>
		</definition>
	</include>
	<include name="WidgetListAlbums">
		<param name="visible">True</param>
		<param name="ondown_id">200001</param>
		<param name="widget_limit">$VAR[WidgetLimitItems]</param>
		<param name="sortby"></param>        		
		<param name="sortorder">ascending</param>		
		<param name="height">405</param>		
		<param name="label1">$INFO[ListItem.Label]</param>
		<param name="label2">[COLOR button_focus]$INFO[ListItem.Year] - [/COLOR]$INFO[ListItem.Artist]</param>
        <param name="fallback_image">DefaultMusicAlbums.png</param>       
		<definition>
			<control type="group">
				<description>Albums Widget including header and arrows</description>
				<height>$PARAM[height]</height>
				<left>0</left>
				<visible>$PARAM[visible]</visible>
				<visible>IntegerGreaterThan(Container($PARAM[list_id]).NumItems,0) | Container($PARAM[list_id]).IsUpdating</visible>
				<include name="LeftRightArrows">
					<param name="posy" value="200" />
					<param name="list_id" value="$PARAM[list_id]" />
				</include>
				<control type="label">
					<left>500</left>
					<top>15</top>
					<width>900</width>
					<height>40</height>
					<label>$PARAM[widget_header]</label>
					<shadowcolor>text_shadow</shadowcolor>
				</control>
				<control type="panel" id="$PARAM[list_id]">
					<left>480</left>
					<top>55</top>
					<width>1372</width>
					<height>400</height>
					<scrolltime tween="cubic" easing="out">500</scrolltime>
					<orientation>horizontal</orientation>
					<onleft>9000</onleft>
					<onright>noop</onright>
					<onunfocus>ClearProperty(mediaartfanart,home)</onunfocus>
					<onunfocus>SetProperty(listposition,$INFO[Container($PARAM[list_id]).Position],home)</onunfocus>
					<onfocus>Control.Move($PARAM[list_id],-$INFO[Container($PARAM[list_id]).Position])</onfocus>
					<onfocus>Control.Move($PARAM[list_id],$INFO[Window(home).Property(listposition)])</onfocus>
					<onup>$PARAM[onup_id]</onup>
					<ondown>$PARAM[ondown_id]</ondown>
					<onback>SetFocus(9000)</onback>
					<preloaditems>1</preloaditems>
					<itemlayout width="343" height="400">
                        <control type="image">
							<left>0</left>
							<top>0</top>
							<width>340</width>
							<height>340</height>
                            <texture border="40">buttons/button-nofo.png</texture>
                        </control>
						<control type="image">
							<left>0</left>
							<top>0</top>
							<width>340</width>
							<height>340</height>
                            <aspectratio>scale</aspectratio>
							<texture fallback="$PARAM[fallback_image]" background="true">$INFO[ListItem.Art(thumb)]</texture>
							<bordertexture border="20">overlays/shadow.png</bordertexture>
							<bordersize>20</bordersize>
						</control>
						<control type="group">
							<left>20</left>
							<top>20</top>
							<control type="image">
								<left>0</left>
								<top>240</top>
								<width>300</width>
								<height>60</height>
								<texture colordiffuse="AAFFFFFF">colors/black.png</texture>
							</control>
							<control type="label">
								<left>20</left>
								<top>238</top>
								<width>260</width>
								<label>$PARAM[label1]</label>
								<font>font10</font>
								<shadowcolor>text_shadow</shadowcolor>
								<align>center</align>
							</control>
							<control type="label">
								<left>20</left>
								<top>266</top>
								<width>260</width>
								<label>$PARAM[label2]</label>
								<font>font10</font>
								<shadowcolor>text_shadow</shadowcolor>
								<align>center</align>
							</control>
							<control type="image">
								<left>5</left>
								<top>5</top>
								<width>32</width>
								<height>32</height>
								<texture>$VAR[ListWatchedIconVar]</texture>
								<visible>!IsEmpty(ListItem.Overlay)</visible>
							</control>
						</control>
					</itemlayout>
					<focusedlayout width="343" height="400">
						<control type="group">
							<depth>DepthContentPopout</depth>
							<animation type="Focus">
								<effect type="zoom" start="100" end="108" time="200" tween="sine" easing="inout" center="150,70" />
							</animation>
							<animation type="Unfocus">
								<effect type="zoom" start="108" end="100" time="200" tween="sine" easing="inout" center="150,70" />
							</animation>
							<control type="button">
								<onfocus>SetProperty(mediaartfanart,$INFO[Container($PARAM[list_id]).ListItem.Art(fanart)],home)</onfocus>
                                <onfocus>SetProperty(SkinHelper.WidgetContainer,$PARAM[list_id])</onfocus>
                                <texturenofocus></texturenofocus>
                                <texturefocus></texturefocus>
							</control>
                            <control type="image">
                                <left>0</left>
                                <top>0</top>
                                <width>340</width>
                                <height>340</height>
                                <texture border="40">buttons/button-nofo.png</texture>
                            </control>
							<control type="image">
								<left>0</left>
								<top>0</top>
								<width>340</width>
								<height>340</height>
                                <aspectratio>scale</aspectratio>
								<texture fallback="$PARAM[fallback_image]" background="true">$INFO[ListItem.Art(thumb)]</texture>
								<bordertexture border="20">overlays/shadow.png</bordertexture>
								<bordersize>20</bordersize>
							</control>
							<control type="group">
								<left>20</left>
								<top>20</top>
								<control type="image">
									<left>0</left>
									<top>240</top>
									<width>300</width>
									<height>60</height>
									<texture colordiffuse="AAFFFFFF">colors/black.png</texture>
								</control>
								<control type="label">
									<left>10</left>
									<top>238</top>
									<width>280</width>
									<label>$PARAM[label1]</label>
									<font>font10</font>
									<scroll>true</scroll>
									<shadowcolor>text_shadow</shadowcolor>
									<align>center</align>
								</control>
								<control type="label">
									<left>10</left>
									<top>266</top>
									<width>280</width>
									<font>font10</font>
									<scroll>true</scroll>
									<label>$PARAM[label2]</label>
									<shadowcolor>text_shadow</shadowcolor>
									<align>center</align>
								</control>
								<control type="image">
									<left>0</left>
									<top>0</top>
									<width>300</width>
									<height>300</height>
									<animation effect="fade" start="0" end="100" time="200">Focus</animation>
									<animation effect="fade" start="100" end="0" time="0">Unfocus</animation>
									<texture background="true" border="8" colordiffuse="button_focus">buttons/thumbnail_focused.png</texture>
								</control>
								<control type="image">
									<left>5</left>
									<top>5</top>
									<width>32</width>
									<height>32</height>
									<texture>$VAR[ListWatchedIconVar]</texture>
									<visible>!IsEmpty(ListItem.Overlay)</visible>
								</control>
							</control>
						</control>
					</focusedlayout>
					<content sortby="$PARAM[sortby]" sortorder="$PARAM[sortorder]" target="$PARAM[widget_target]" limit="$PARAM[widget_limit]">$PARAM[content_path]</content>
				</control>
			</control>
		</definition>
	</include>
	<include name="WidgetListArtists">
		<param name="visible">True</param>
		<param name="ondown_id">200001</param>
		<param name="widget_limit">$VAR[WidgetLimitItems]</param>
		<param name="sortby"></param>        		
		<param name="sortorder">ascending</param>		
		<param name="height">405</param>		
		<param name="label1">$INFO[ListItem.Label]</param>
        <param name="fallback_image">DefaultMusicArtists.png</param>       
		<definition>
			<control type="group">
				<description>Artists Widget including header and arrows</description>
				<height>$PARAM[height]</height>
				<left>0</left>
				<visible>$PARAM[visible]</visible>
				<visible>IntegerGreaterThan(Container($PARAM[list_id]).NumItems,0) | Container($PARAM[list_id]).IsUpdating</visible>
				<include name="LeftRightArrows">
					<param name="posy" value="200" />
					<param name="list_id" value="$PARAM[list_id]" />
				</include>
				<control type="label">
					<left>500</left>
					<top>15</top>
					<width>900</width>
					<height>40</height>
					<label>$PARAM[widget_header]</label>
					<shadowcolor>text_shadow</shadowcolor>
				</control>
				<control type="panel" id="$PARAM[list_id]">
					<left>480</left>
					<top>55</top>
					<width>1372</width>
					<height>400</height>
					<scrolltime tween="cubic" easing="out">500</scrolltime>
					<orientation>horizontal</orientation>
					<onleft>9000</onleft>
					<onright>noop</onright>
					<onunfocus>ClearProperty(mediaartfanart,home)</onunfocus>
					<onunfocus>SetProperty(listposition,$INFO[Container($PARAM[list_id]).Position],home)</onunfocus>
					<onfocus>Control.Move($PARAM[list_id],-$INFO[Container($PARAM[list_id]).Position])</onfocus>
					<onfocus>Control.Move($PARAM[list_id],$INFO[Window(home).Property(listposition)])</onfocus>
					<onup>$PARAM[onup_id]</onup>
					<ondown>$PARAM[ondown_id]</ondown>
					<onback>SetFocus(9000)</onback>
					<preloaditems>1</preloaditems>
					<itemlayout width="343" height="400">
                        <control type="image">
							<left>0</left>
							<top>0</top>
							<width>340</width>
							<height>340</height>
                            <texture border="40">buttons/button-nofo.png</texture>
                        </control>
						<control type="image">
							<left>0</left>
							<top>0</top>
							<width>340</width>
							<height>340</height>
                            <aspectratio>scale</aspectratio>
							<texture fallback="$PARAM[fallback_image]" background="true">$INFO[ListItem.Art(thumb)]</texture>
							<bordertexture border="20">overlays/shadow.png</bordertexture>
							<bordersize>20</bordersize>
						</control>
						<control type="group">
							<left>20</left>
							<top>20</top>
							<control type="image">
								<left>0</left>
								<top>240</top>
								<width>300</width>
								<height>60</height>
								<texture colordiffuse="AAFFFFFF">colors/black.png</texture>
							</control>
							<control type="textbox">
								<left>10</left>
								<top>237</top>
								<width>280</width>
								<height>60</height>
								<aligny>center</aligny>
								<label>$PARAM[label1]</label>
								<font>font10</font>
								<shadowcolor>text_shadow</shadowcolor>
								<align>center</align>
							</control>
							<control type="image">
								<left>5</left>
								<top>5</top>
								<width>32</width>
								<height>32</height>
								<texture>$VAR[ListWatchedIconVar]</texture>
								<visible>!IsEmpty(ListItem.Overlay)</visible>
							</control>
						</control>
					</itemlayout>
					<focusedlayout width="343" height="400">
						<control type="group">
							<depth>DepthContentPopout</depth>
							<animation type="Focus">
								<effect type="zoom" start="100" end="108" time="200" tween="sine" easing="inout" center="150,70" />
							</animation>
							<animation type="Unfocus">
								<effect type="zoom" start="108" end="100" time="200" tween="sine" easing="inout" center="150,70" />
							</animation>
							<control type="button">
								<onfocus>SetProperty(mediaartfanart,$INFO[Container($PARAM[list_id]).ListItem.Art(fanart)],home)</onfocus>
                                <onfocus>SetProperty(SkinHelper.WidgetContainer,$PARAM[list_id])</onfocus>
                                <texturenofocus></texturenofocus>
                                <texturefocus></texturefocus>
							</control>
                            <control type="image">
                                <left>0</left>
                                <top>0</top>
                                <width>340</width>
                                <height>340</height>
                                <texture border="40">buttons/button-nofo.png</texture>
                            </control>
							<control type="image">
								<left>0</left>
								<top>0</top>
								<width>340</width>
								<height>340</height>
                                <aspectratio>scale</aspectratio>
								<texture fallback="$PARAM[fallback_image]" background="true">$INFO[ListItem.Art(thumb)]</texture>
								<bordertexture border="20">overlays/shadow.png</bordertexture>
								<bordersize>20</bordersize>
							</control>
							<control type="group">
								<left>20</left>
								<top>20</top>
								<control type="image">
									<left>0</left>
									<top>240</top>
									<width>300</width>
									<height>60</height>
									<texture colordiffuse="AAFFFFFF">colors/black.png</texture>
								</control>
								<control type="textbox">
									<left>10</left>
									<top>237</top>
									<width>280</width>
									<height>60</height>
									<aligny>center</aligny>
									<label>$PARAM[label1]</label>
									<font>font10</font>
									<shadowcolor>text_shadow</shadowcolor>
									<align>center</align>
								</control>
								<control type="image">
									<left>0</left>
									<top>0</top>
									<width>300</width>
									<height>300</height>
									<animation effect="fade" start="0" end="100" time="200">Focus</animation>
									<animation effect="fade" start="100" end="0" time="0">Unfocus</animation>
									<texture background="true" border="8" colordiffuse="button_focus">buttons/thumbnail_focused.png</texture>
								</control>
								<control type="image">
									<left>5</left>
									<top>5</top>
									<width>32</width>
									<height>32</height>
									<texture>$VAR[ListWatchedIconVar]</texture>
									<visible>!IsEmpty(ListItem.Overlay)</visible>
								</control>
							</control>
						</control>
					</focusedlayout>
					<content sortby="$PARAM[sortby]" sortorder="$PARAM[sortorder]" target="$PARAM[widget_target]" limit="$PARAM[widget_limit]">$PARAM[content_path]</content>
				</control>
			</control>
		</definition>
	</include>
	<include name="WidgetListSongs">
		<param name="visible">True</param>
		<param name="ondown_id">200001</param>
		<param name="widget_limit">$VAR[WidgetLimitItems]</param>
		<param name="sortby"></param>        		
		<param name="sortorder">ascending</param>		
		<param name="height">405</param>		
		<param name="label1">$INFO[ListItem.Label]</param>
		<param name="label2">$INFO[ListItem.Album][COLOR button_focus] - [/COLOR]$INFO[ListItem.Artist]</param>
        <param name="fallback_image">DefaultMusicSongs.png</param>						
		<param name="visible_watched">True</param>       
		<definition>
			<control type="group">
				<description>Songs Widget including header and arrows</description>
				<height>$PARAM[height]</height>
				<left>0</left>
				<visible>$PARAM[visible]</visible>
				<visible>IntegerGreaterThan(Container($PARAM[list_id]).NumItems,0) | Container($PARAM[list_id]).IsUpdating</visible>
				<include name="LeftRightArrows">
					<param name="posy" value="200" />
					<param name="list_id" value="$PARAM[list_id]" />
				</include>
				<control type="label">
					<left>500</left>
					<top>15</top>
					<width>900</width>
					<height>40</height>
					<label>$PARAM[widget_header]</label>
					<shadowcolor>text_shadow</shadowcolor>
				</control>
				<control type="panel" id="$PARAM[list_id]">
					<left>480</left>
					<top>55</top>
					<width>1372</width>
					<height>400</height>
					<scrolltime tween="cubic" easing="out">500</scrolltime>
					<orientation>horizontal</orientation>
					<onleft>9000</onleft>
					<onright>noop</onright>
					<onunfocus>ClearProperty(mediaartfanart,home)</onunfocus>
					<onunfocus>SetProperty(listposition,$INFO[Container($PARAM[list_id]).Position],home)</onunfocus>
					<onfocus>Control.Move($PARAM[list_id],-$INFO[Container($PARAM[list_id]).Position])</onfocus>
					<onfocus>Control.Move($PARAM[list_id],$INFO[Window(home).Property(listposition)])</onfocus>
					<onup>$PARAM[onup_id]</onup>
					<ondown>$PARAM[ondown_id]</ondown>
					<onback>SetFocus(9000)</onback>
					<preloaditems>1</preloaditems>
					<itemlayout width="343" height="400">
                        <control type="image">
                            <left>0</left>
                            <top>0</top>
                            <width>340</width>
                            <height>340</height>
                            <texture border="40">buttons/button-nofo.png</texture>
                        </control>
						<control type="image">
							<left>0</left>
							<top>0</top>
							<width>340</width>
							<height>340</height>
                            <aspectratio>scale</aspectratio>
							<texture fallback="$PARAM[fallback_image]" background="true">$INFO[ListItem.Art(thumb)]</texture>
							<bordertexture border="20">overlays/shadow.png</bordertexture>
							<bordersize>20</bordersize>
						</control>
						<control type="group">
							<left>20</left>
							<top>20</top>
							<control type="image">
								<left>0</left>
								<top>240</top>
								<width>300</width>
								<height>60</height>
								<texture colordiffuse="AAFFFFFF">colors/black.png</texture>
							</control>
							<control type="label">
								<left>20</left>
								<top>238</top>
								<width>260</width>
								<label>$PARAM[label1]</label>
								<font>font10</font>
								<shadowcolor>text_shadow</shadowcolor>
								<align>center</align>
							</control>
							<control type="label">
								<left>20</left>
								<top>266</top>
								<width>260</width>
								<label>$PARAM[label2]</label>
								<font>font10</font>
								<shadowcolor>text_shadow</shadowcolor>
								<align>center</align>
							</control>
							<control type="image">
								<left>5</left>
								<top>5</top>
								<width>32</width>
								<height>32</height>
								<texture>$VAR[ListWatchedIconVar]</texture>
								<visible>!IsEmpty(ListItem.Overlay)</visible>
							</control>
						</control>
					</itemlayout>
					<focusedlayout width="343" height="400">
						<control type="group">
							<depth>DepthContentPopout</depth>
							<animation type="Focus">
								<effect type="zoom" start="100" end="108" time="200" tween="sine" easing="inout" center="150,70" />
							</animation>
							<animation type="Unfocus">
								<effect type="zoom" start="108" end="100" time="200" tween="sine" easing="inout" center="150,70" />
							</animation>
							<control type="button">
								<onfocus>SetProperty(mediaartfanart,$INFO[Container($PARAM[list_id]).ListItem.Art(fanart)],home)</onfocus>
                                <onfocus>SetProperty(SkinHelper.WidgetContainer,$PARAM[list_id])</onfocus>
                                <texturenofocus></texturenofocus>
                                <texturefocus></texturefocus>
							</control>
                            <control type="image">
                                <left>0</left>
                                <top>0</top>
                                <width>340</width>
                                <height>340</height>
                                <texture border="40">buttons/button-nofo.png</texture>
                            </control>
							<control type="image">
								<left>0</left>
								<top>0</top>
								<width>340</width>
								<height>340</height>
                                <aspectratio>scale</aspectratio>
								<texture fallback="$PARAM[fallback_image]" background="true">$INFO[ListItem.Art(thumb)]</texture>
								<bordertexture border="20">overlays/shadow.png</bordertexture>
								<bordersize>20</bordersize>
							</control>
							<control type="group">
								<left>20</left>
								<top>20</top>
								<control type="image">
									<left>0</left>
									<top>240</top>
									<width>300</width>
									<height>60</height>
									<texture colordiffuse="AAFFFFFF">colors/black.png</texture>
								</control>
								<control type="label">
									<left>10</left>
									<top>238</top>
									<width>280</width>
									<label>$PARAM[label1]</label>
									<font>font10</font>
									<scroll>true</scroll>
									<shadowcolor>text_shadow</shadowcolor>
									<align>center</align>
								</control>
								<control type="label">
									<left>10</left>
									<top>266</top>
									<width>280</width>
									<font>font10</font>
									<scroll>true</scroll>
									<label>$PARAM[label2]</label>
									<shadowcolor>text_shadow</shadowcolor>
									<align>center</align>
								</control>
								<control type="image">
									<left>0</left>
									<top>0</top>
									<width>300</width>
									<height>300</height>
									<animation effect="fade" start="0" end="100" time="200">Focus</animation>
									<animation effect="fade" start="100" end="0" time="0">Unfocus</animation>
									<texture background="true" border="8" colordiffuse="button_focus">buttons/thumbnail_focused.png</texture>
								</control>
								<control type="image">
									<left>5</left>
									<top>5</top>
									<width>32</width>
									<height>32</height>
									<texture>$VAR[ListWatchedIconVar]</texture>
									<visible>!IsEmpty(ListItem.Overlay)</visible>
								</control>
							</control>
						</control>
					</focusedlayout>
					<content sortby="$PARAM[sortby]" sortorder="$PARAM[sortorder]" target="$PARAM[widget_target]" limit="$PARAM[widget_limit]">$PARAM[content_path]</content>
				</control>
			</control>
		</definition>
	</include>
</includes>
