<?xml version="1.0" encoding="UTF-8"?>
<window>
	<defaultcontrol>9000</defaultcontrol>
	<onload>SetProperty(fanarthometype,settings,Home)</onload>
	<onload>SetProperty(homebackground,$VAR[BackgroundSettingsVar],Home)</onload>
	<onload condition="String.IsEmpty(Skin.String(background_overlay))">Skin.SetString(background_overlay,1)</onload>
	<backgroundcolor>$VAR[BackgroundColorVar]</backgroundcolor>
	<controls>
		<include>DefaultBackground</include>
		<control type="group" id="10000">
			<left>470</left>
			<include>OpenClose_Right</include>
			<control type="grouplist" id="100">
				<description>General</description>
				<top>160</top>
				<left>0</left>
				<right>0</right>
				<bottom>140</bottom>
				<onleft>9000</onleft>
				<onright>10</onright>
				<pagecontrol>10</pagecontrol>
				<onup>100</onup>
				<ondown>100</ondown>
				<visible>Container(9000).HasFocus(1)</visible>
				<control type="radiobutton" id="101">
					<description>No Slide Animations</description>
					<include>DefaultSettingButton</include>
					<label>$LOCALIZE[31095]</label>
					<selected>!Skin.HasSetting(no_slide_animations)</selected>
					<onclick>Skin.ToggleSetting(no_slide_animations)</onclick>
				</control>
				<control type="radiobutton" id="102">
					<description>Autoscroll</description>
					<include>DefaultSettingButton</include>
					<label>$LOCALIZE[20189]</label>
					<onclick>Skin.ToggleSetting(autoscroll)</onclick>
					<selected>Skin.HasSetting(autoscroll)</selected>
				</control>
				<control type="radiobutton" id="103">
					<description>Touch Mode</description>
					<label>$LOCALIZE[31158]</label>
					<include>DefaultSettingButton</include>
					<onclick>Skin.ToggleSetting(touchmode)</onclick>
					<selected>Skin.HasSetting(touchmode)</selected>
				</control>
				<control type="radiobutton" id="104">
					<description>Hide Time</description>
					<label>$LOCALIZE[44100]</label>
					<include>DefaultSettingButton</include>
					<onclick>Skin.ToggleSetting(hide_time)</onclick>
					<selected>Skin.HasSetting(hide_time)</selected>
				</control>
				<control type="radiobutton" id="105">
					<description>Show Weather Info</description>
					<include>DefaultSettingButton</include>
					<label>$LOCALIZE[31093]</label>
					<onclick condition="!String.IsEmpty(Weather.Plugin)">Skin.ToggleSetting(show_weatherinfo)</onclick>
					<onclick condition="String.IsEmpty(Weather.Plugin)">ActivateWindow(servicesettings,weather)</onclick>
					<selected>Skin.HasSetting(show_weatherinfo) + !String.IsEmpty(Weather.Plugin)</selected>
				</control>
				<control type="button" id="106">
					<label>$LOCALIZE[31024]</label>
					<include>DefaultSettingButton</include>
					<onclick>Skin.SelectBool(31024, 38018|circle_userrating, 563|circle_rating, 16018|circle_none)</onclick>
					<label2>$VAR[RatingSettingLabel2Var]</label2>
				</control>
				<control type="button" id="107">
					<label>$LOCALIZE[31164]</label>
					<include>DefaultSettingButton</include>
					<onclick>Skin.SelectBool(31164, 31165|show_profilename, 31166|show_profileavatar, 16018|show_none)</onclick>
					<label2>$VAR[ProfileIdentificationLabel2Var]</label2>
				</control>
				<control type="image" id="108">
					<description>Separator Image</description>
					<height>3</height>
					<texture colordiffuse="$VAR[SeparatorColorVar]" border="3">dialogs/separator-grey.png</texture>
				</control>
				<control type="label" id="109">
					<description>Mediaflags label</description>
					<include>DefaultSettingLabel</include>
					<label>$LOCALIZE[31160]</label>
				</control>
				<control type="radiobutton" id="110">
					<description>Hide Mediaflags Home</description>
					<include>DefaultSettingButton</include>
					<label>$LOCALIZE[44139]</label>
					<onclick>Skin.ToggleSetting(hide_mediaflags_home)</onclick>
					<selected>!Skin.HasSetting(hide_mediaflags_home)</selected>
				</control>
				<control type="radiobutton" id="111">
					<description>Hide Mediaflags Info</description>
					<include>DefaultSettingButton</include>
					<label>$LOCALIZE[44143]</label>
					<onclick>Skin.ToggleSetting(hide_mediaflags_info)</onclick>
					<selected>!Skin.HasSetting(hide_mediaflags_info)</selected>
				</control>
				<control type="radiobutton" id="112">
					<description>Hide Mediaflags Library</description>
					<include>DefaultSettingButton</include>
					<label>$LOCALIZE[44140]</label>
					<onclick>Skin.ToggleSetting(hide_mediaflags_library)</onclick>
					<selected>!Skin.HasSetting(hide_mediaflags_library)</selected>
				</control>
				<control type="radiobutton" id="113">
					<description>Hide Mediaflags Global Search</description>
					<include>DefaultSettingButton</include>
					<label>$LOCALIZE[44141]</label>
					<onclick>Skin.ToggleSetting(hide_mediaflags_search)</onclick>
					<selected>!Skin.HasSetting(hide_mediaflags_search)</selected>
					<enable>Skin.HasSetting(enable_globalsearch)</enable>
				</control>
				<include content="ResetSkinSettingsParams">
					<param name="control_id1" value="114" />
					<param name="control_id2" value="115" />
					<param name="content" value="DialogResetGeneral" />
				</include>
			</control>
			<control type="grouplist" id="200">
				<description>Options</description>
				<left>0</left>
				<top>160</top>
				<right>0</right>
				<bottom>140</bottom>
				<onleft>9000</onleft>
				<onright>20</onright>
				<pagecontrol>20</pagecontrol>
				<onup>200</onup>
				<ondown>200</ondown>
				<visible>Container(9000).HasFocus(2)</visible>
				<control type="radiobutton" id="201">
					<description>Full Screen Clock</description>
					<include>DefaultSettingButton</include>
					<label>$LOCALIZE[43009]</label>
					<onclick>Skin.ToggleSetting(full_screen_clock)</onclick>
					<selected>Skin.HasSetting(full_screen_clock)</selected>
				</control>
				<control type="radiobutton" id="202">
					<description>Slide Show Info</description>
					<include>DefaultSettingButton</include>
					<label>$LOCALIZE[43010]</label>
					<onclick>Skin.ToggleSetting(slideshow_info)</onclick>
					<selected>Skin.HasSetting(slideshow_info)</selected>
				</control>
				<control type="radiobutton" id="203">
					<description>Enable Stats Bar</description>
					<include>DefaultSettingButton</include>
					<label>$LOCALIZE[43011]</label>
					<onclick>Skin.ToggleSetting(enable_home_stats)</onclick>
					<selected>Skin.HasSetting(enable_home_stats)</selected>
				</control>
				<control type="image" id="204">
					<description>Separator Image</description>
					<height>3</height>
					<texture colordiffuse="$VAR[SeparatorColorVar]" border="3">dialogs/separator-grey.png</texture>
				</control>
				<control type="button" id="205">
					<description>Widget Limit Items</description>
					<include>DefaultSettingButton</include>
					<label>$LOCALIZE[40316]</label>
					<label2>$VAR[WidgetLimitItemsVar]</label2>
					<onclick condition="String.IsEmpty(Skin.String(widget_limititems))">Skin.SetString(widget_limititems,25,)</onclick>
					<onclick>Skin.SetNumeric(widget_limititems)</onclick>
				</control>
				<control type="radiobutton" id="206">
					<description>Hide Widget Labels</description>
					<include>DefaultSettingButton</include>
					<label>$LOCALIZE[40317]</label>
					<onclick>Skin.ToggleSetting(hide_widget_labels)</onclick>
					<selected>!Skin.HasSetting(hide_widget_labels)</selected>
				</control>
				<control type="radiobutton" id="207">
					<description>Use Smaller Categories</description>
					<include>DefaultSettingButton</include>
					<label>$LOCALIZE[40318]</label>
					<onclick>Skin.ToggleSetting(use_smaller_categories)</onclick>
					<selected>Skin.HasSetting(use_smaller_categories)</selected>
				</control>
				<control type="image" id="208">
					<description>Separator Image</description>
					<height>3</height>
					<texture colordiffuse="$VAR[SeparatorColorVar]" border="3">dialogs/separator-grey.png</texture>
				</control>
				<include content="ResourceSelect">
					<param name="control_id" value="209" />
					<param name="label" value="$LOCALIZE[43013]" />
					<param name="label2" value="$VAR[StudiosImagesNameVar]" />
					<param name="property" value="StudiosImages" />
					<param name="type" value="resource.images.studios" />
				</include>
				<include content="ResourceSelect">
					<param name="control_id" value="210" />
					<param name="label" value="$LOCALIZE[43024]" />
					<param name="label2" value="$VAR[RecordLabelsNameVar]" />
					<param name="property" value="RecordLabels" />
					<param name="type" value="resource.images.recordlabels" />
				</include>
				<include content="ResourceSelect">
					<param name="control_id" value="211" />
					<param name="label" value="$LOCALIZE[43014]" />
					<param name="label2" value="$VAR[LanguageFlagsNameVar]" />
					<param name="property" value="LanguageFlags" />
					<param name="type" value="resource.images.languageflags" />
				</include>
				<include content="ResourceSelect">
					<param name="control_id" value="212" />
					<param name="label" value="$LOCALIZE[43012]" />
					<param name="label2" value="$VAR[MovieGenreIconsNameVar]" />
					<param name="property" value="MovieGenreIcons" />
					<param name="type" value="resource.images.moviegenreicons" />
				</include>
				<include content="ResourceSelect">
					<param name="control_id" value="213" />
					<param name="label" value="$LOCALIZE[43033]" />
					<param name="label2" value="$VAR[MusicGenreIconsNameVar]" />
					<param name="property" value="MusicGenreIcons" />
					<param name="type" value="resource.images.musicgenreicons" />
				</include>
				<include content="ResourceSelect">
					<param name="control_id" value="214" />
					<param name="label" value="$LOCALIZE[43015]" />
					<param name="label2" value="$VAR[WeatherIconsNameVar]" />
					<param name="property" value="WeatherIcons" />
					<param name="type" value="resource.images.weathericons" />
				</include>
				<control type="image" id="215">
					<description>Separator Image</description>
					<height>3</height>
					<texture colordiffuse="$VAR[SeparatorColorVar]" border="3">dialogs/separator-grey.png</texture>
				</control>
				<include content="CustomSelectDialog">
					<param name="control_id" value="216" />
					<param name="label" value="$LOCALIZE[44101]" />
					<param name="label2" value="$VAR[SkinSettingPopupPositionNameVar]" />
					<param name="property" value="PopupPosition" />
					<param name="header" value="$LOCALIZE[44101]" />
					<param name="content" value="PopupPositionVal" />
				</include>
				<control type="radiobutton" id="217">
					<description>Hide Popup</description>
					<label>$LOCALIZE[44102]</label>
					<include>DefaultSettingButton</include>
					<onclick>Skin.ToggleSetting(hide_popup)</onclick>
					<selected>Skin.HasSetting(hide_popup)</selected>
				</control>
				<control type="image" id="218">
					<description>Separator Image</description>
					<height>3</height>
					<texture colordiffuse="$VAR[SeparatorColorVar]" border="3">dialogs/separator-grey.png</texture>
				</control>
				<control type="radiobutton" id="219">
					<description>Enable Custom List Addons</description>
					<include>DefaultSettingButton</include>
					<label>$LOCALIZE[43017]</label>
					<onclick>Skin.ToggleSetting(enable_custom_list_addons)</onclick>
					<selected>Skin.HasSetting(enable_custom_list_addons)</selected>
				</control>
				<control type="radiobutton" id="220">
					<description>Enable Custom List Channels</description>
					<include>DefaultSettingButton</include>
					<label>$LOCALIZE[43018]</label>
					<onclick>Skin.ToggleSetting(enable_custom_list_channels)</onclick>
					<selected>Skin.HasSetting(enable_custom_list_channels)</selected>
					<visible>System.HasAddon(script.pvr.favourites)</visible>
					<visible>PVR.HasTVChannels | PVR.HasRadioChannels</visible>
				</control>
				<control type="image" id="221">
					<description>Separator Image</description>
					<height>3</height>
					<texture colordiffuse="$VAR[SeparatorColorVar]" border="3">dialogs/separator-grey.png</texture>
				</control>
				<control type="button" id="222">
					<description>Startup Focus Control</description>
					<include>DefaultSettingButton</include>
					<label>$LOCALIZE[44124]</label>
					<label2>$VAR[CustomFocusNameVar]</label2>
					<onclick condition="String.IsEmpty(Skin.String(custom_focus))">Skin.SetString(custom_focus,-1,)</onclick>
					<onclick>Skin.SetNumeric(custom_focus)</onclick>
				</control>
				<control type="image" id="223">
					<description>Separator Image</description>
					<height>3</height>
					<texture colordiffuse="$VAR[SeparatorColorVar]" border="3">dialogs/separator-grey.png</texture>
				</control>
				<control type="label" id="224">
					<description>Logo Label</description>
					<include>DefaultSettingLabel</include>
					<label>$LOCALIZE[44138]</label>
				</control>
				<control type="radiobutton" id="225">
					<description>Hide Logo Home</description>
					<include>DefaultSettingButton</include>
					<label>$LOCALIZE[44139]</label>
					<onclick>Skin.ToggleSetting(hide_logo_home)</onclick>
					<selected>!Skin.HasSetting(hide_logo_home)</selected>
				</control>
				<control type="radiobutton" id="226">
					<description>Hide Logo Play</description>
					<include>DefaultSettingButton</include>
					<label>$LOCALIZE[44142]</label>
					<onclick>Skin.ToggleSetting(hide_logo_play)</onclick>
					<selected>!Skin.HasSetting(hide_logo_play)</selected>
				</control>
				<control type="radiobutton" id="227">
					<description>Hide Logo Info</description>
					<include>DefaultSettingButton</include>
					<label>$LOCALIZE[44143]</label>
					<onclick>Skin.ToggleSetting(hide_logo_info)</onclick>
					<selected>!Skin.HasSetting(hide_logo_info)</selected>
				</control>
				<control type="radiobutton" id="228">
					<description>Hide Logo Library</description>
					<include>DefaultSettingButton</include>
					<label>$LOCALIZE[44140]</label>
					<onclick>Skin.ToggleSetting(hide_logo_library)</onclick>
					<selected>!Skin.HasSetting(hide_logo_library)</selected>
				</control>
				<control type="radiobutton" id="229">
					<description>Hide Logo Global Search</description>
					<include>DefaultSettingButton</include>
					<label>$LOCALIZE[44141]</label>
					<onclick>Skin.ToggleSetting(hide_logo_search)</onclick>
					<selected>!Skin.HasSetting(hide_logo_search)</selected>
				</control>
				<control type="image" id="230">
					<description>Separator Image</description>
					<height>3</height>
					<texture colordiffuse="$VAR[SeparatorColorVar]" border="3">dialogs/separator-grey.png</texture>
				</control>
				<control type="label" id="231">
					<description>Disc Art Label</description>
					<include>DefaultSettingLabel</include>
					<label>$LOCALIZE[40319]</label>
				</control>
				<control type="radiobutton" id="232">
					<description>Hide Disc Art Home</description>
					<include>DefaultSettingButton</include>
					<label>$LOCALIZE[44139]</label>
					<onclick>Skin.ToggleSetting(hide_disc_art_home)</onclick>
					<selected>!Skin.HasSetting(hide_disc_art_home)</selected>
				</control>
				<control type="radiobutton" id="233">
					<description>Disc Art Home Overlay</description>
					<include>DefaultSettingButton</include>
					<label>- $LOCALIZE[40320]</label>
					<onclick>Skin.ToggleSetting(home_disc_art_overlay)</onclick>
					<selected>!Skin.HasSetting(home_disc_art_overlay)</selected>
					<visible>!Skin.HasSetting(hide_disc_art_home)</visible>
				</control>
				<control type="radiobutton" id="234">
					<description>Hide Disc Art Library</description>
					<include>DefaultSettingButton</include>
					<label>$LOCALIZE[44140]</label>
					<onclick>Skin.ToggleSetting(hide_disc_art_library)</onclick>
					<selected>!Skin.HasSetting(hide_disc_art_library)</selected>
				</control>
				<control type="radiobutton" id="235">
					<description>Disc Art Library Overlay</description>
					<include>DefaultSettingButton</include>
					<label>- $LOCALIZE[40320]</label>
					<onclick>Skin.ToggleSetting(library_disc_art_overlay)</onclick>
					<selected>!Skin.HasSetting(library_disc_art_overlay)</selected>
					<visible>!Skin.HasSetting(hide_disc_art_library)</visible>
				</control>
				<control type="image" id="236">
					<description>Separator Image</description>
					<height>3</height>
					<texture colordiffuse="$VAR[SeparatorColorVar]" border="3">dialogs/separator-grey.png</texture>
				</control>
				<control type="radiobutton" id="237">
					<description>Std List Set</description>
					<include>DefaultSettingButton</include>
					<label>$LOCALIZE[40321]</label>
					<onclick>Skin.ToggleSetting(hide_collections_text)</onclick>
					<selected>!Skin.HasSetting(hide_collections_text)</selected>
				</control>
				<control type="radiobutton" id="238">
					<description>Std Albums List</description>
					<include>DefaultSettingButton</include>
					<label>$LOCALIZE[40322]</label>
					<onclick>Skin.ToggleSetting(hide_albums_text)</onclick>
					<selected>!Skin.HasSetting(hide_albums_text)</selected>
				</control>
				<control type="radiobutton" id="239">
					<description>Show Borders</description>
					<include>DefaultSettingButton</include>
					<label>$LOCALIZE[44170]</label>
					<onclick>Skin.ToggleSetting(show_borders)</onclick>
					<selected>Skin.HasSetting(show_borders)</selected>
				</control>
				<control type="image" id="240">
					<description>Separator Image</description>
					<height>3</height>
					<texture colordiffuse="$VAR[SeparatorColorVar]" border="3">dialogs/separator-grey.png</texture>
				</control>
				<control type="radiobutton" id="241">
					<description>Hide ReloadSkin Button</description>
					<include>DefaultSettingButton</include>
					<label>$LOCALIZE[43255]</label>
					<onclick>Skin.ToggleSetting(hide_reload_skin_button)</onclick>
					<selected>Skin.HasSetting(hide_reload_skin_button)</selected>
				</control>
				<control type="radiobutton" id="242">
					<description>Skin Toggle Debug</description>
					<include>DefaultSettingButton</include>
					<label>$LOCALIZE[43019]</label>
					<selected>Skin.HasSetting(Skin.ToggleDebug)</selected>
					<onclick>Skin.ToggleSetting(Skin.ToggleDebug)</onclick>
					<onclick>Skin.ToggleDebug</onclick>
				</control>
				<include content="ResetSkinSettingsParams">
					<param name="control_id1" value="243" />
					<param name="control_id2" value="244" />
					<param name="content" value="DialogResetOptions" />
				</include>
			</control>
			<control type="grouplist" id="300">
				<description>Main menu</description>
				<left>0</left>
				<top>160</top>
				<right>0</right>
				<bottom>140</bottom>
				<onleft>9000</onleft>
				<onright>30</onright>
				<pagecontrol>30</pagecontrol>
				<onup>300</onup>
				<ondown>300</ondown>
				<visible>Container(9000).HasFocus(3)</visible>
				<control type="radiobutton" id="301">
					<description>Minimize Main Menu</description>
					<label>$LOCALIZE[40310]</label>
					<include>DefaultSettingButton</include>
					<selected>Skin.HasSetting(minimize_main_menu)</selected>
					<onclick>Skin.ToggleSetting(minimize_main_menu)</onclick>
				</control>
				<control type="radiobutton" id="302">
					<description>Top Name Item</description>
					<label>- $LOCALIZE[40311]</label>
					<include>DefaultSettingButton</include>
					<selected>Skin.HasSetting(top_name_item)</selected>
					<onclick>Skin.ToggleSetting(top_name_item)</onclick>
					<visible>Skin.HasSetting(minimize_main_menu)</visible>
				</control>
				<control type="radiobutton" id="303">
					<description>Hide MainMenu With Widgets</description>
					<label>$LOCALIZE[40312]</label>
					<include>DefaultSettingButton</include>
					<selected>Skin.HasSetting(hide_main_menu_with_widgets)</selected>
					<onclick>Skin.ToggleSetting(hide_main_menu_with_widgets)</onclick>
				</control>
				<control type="radiobutton" id="304">
					<label>$LOCALIZE[31008]</label>
					<include>DefaultSettingButton</include>
					<selected>!Skin.HasSetting(home_no_categories_widget)</selected>
					<onclick>Skin.ToggleSetting(home_no_categories_widget)</onclick>
				</control>
				<control type="radiobutton" id="305">
					<label>$LOCALIZE[342]</label>
					<include>DefaultSettingButton</include>
					<selected>!Skin.HasSetting(home_no_movie_button)</selected>
					<onclick>Skin.ToggleSetting(home_no_movie_button)</onclick>
				</control>
				<control type="button" id="6110">
					<label>- $LOCALIZE[31157]</label>
					<include>DefaultSettingButton</include>
					<onclick condition="System.HasAddon(plugin.library.node.editor)">ActivateWindow(programs,plugin://plugin.library.node.editor/?ltype=video,return)</onclick>
					<onclick condition="!System.HasAddon(plugin.library.node.editor)">InstallAddon(plugin.library.node.editor)</onclick>
					<enable>!Skin.HasSetting(home_no_movie_button)</enable>
				</control>
				<control type="radiobutton" id="306">
					<label>$LOCALIZE[20343]</label>
					<include>DefaultSettingButton</include>
					<selected>!Skin.HasSetting(home_no_tvshow_button)</selected>
					<onclick>Skin.ToggleSetting(home_no_tvshow_button)</onclick>
				</control>
				<control type="button" id="6120">
					<label>- $LOCALIZE[31157]</label>
					<include>DefaultSettingButton</include>
					<onclick condition="System.HasAddon(plugin.library.node.editor)">ActivateWindow(programs,plugin://plugin.library.node.editor/?ltype=video,return)</onclick>
					<onclick condition="!System.HasAddon(plugin.library.node.editor)">InstallAddon(plugin.library.node.editor)</onclick>
					<enable>!Skin.HasSetting(home_no_tvshow_button)</enable>
				</control>
				<control type="radiobutton" id="307">
					<label>$LOCALIZE[2]</label>
					<include>DefaultSettingButton</include>
					<selected>!Skin.HasSetting(home_no_music_button)</selected>
					<onclick>Skin.ToggleSetting(home_no_music_button)</onclick>
				</control>
				<control type="button" id="6130">
					<label>- $LOCALIZE[31157]</label>
					<include>DefaultSettingButton</include>
					<onclick condition="System.HasAddon(plugin.library.node.editor)">ActivateWindow(programs,plugin://plugin.library.node.editor/?ltype=music,return)</onclick>
					<onclick condition="!System.HasAddon(plugin.library.node.editor)">InstallAddon(plugin.library.node.editor)</onclick>
					<enable>!Skin.HasSetting(home_no_music_button)</enable>
				</control>
				<control type="radiobutton" id="6131">
					<label>$LOCALIZE[20389]</label>
					<include>DefaultSettingButton</include>
					<selected>!Skin.HasSetting(home_no_musicvideo_button)</selected>
					<onclick>Skin.ToggleSetting(home_no_musicvideo_button)</onclick>
				</control>
				<control type="radiobutton" id="308">
					<label>$LOCALIZE[19020]</label>
					<include>DefaultSettingButton</include>
					<selected>!Skin.HasSetting(home_no_tv_button)</selected>
					<onclick>Skin.ToggleSetting(home_no_tv_button)</onclick>
				</control>
				<control type="radiobutton" id="309">
					<label>$LOCALIZE[19021]</label>
					<include>DefaultSettingButton</include>
					<selected>!Skin.HasSetting(home_no_radio_button)</selected>
					<onclick>Skin.ToggleSetting(home_no_radio_button)</onclick>
				</control>
				<control type="radiobutton" id="310">
					<label>$LOCALIZE[24001]</label>
					<include>DefaultSettingButton</include>
					<selected>!Skin.HasSetting(home_no_programs_button)</selected>
					<onclick>Skin.ToggleSetting(home_no_programs_button)</onclick>
				</control>
				<control type="radiobutton" id="311">
					<label>$LOCALIZE[1]</label>
					<include>DefaultSettingButton</include>
					<selected>!Skin.HasSetting(home_no_pictures_button)</selected>
					<onclick>Skin.ToggleSetting(home_no_pictures_button)</onclick>
				</control>
				<control type="radiobutton" id="312">
					<label>$LOCALIZE[3]</label>
					<include>DefaultSettingButton</include>
					<selected>!Skin.HasSetting(home_no_videos_button)</selected>
					<onclick>Skin.ToggleSetting(home_no_videos_button)</onclick>
				</control>
				<control type="radiobutton" id="313">
					<label>$LOCALIZE[15016]</label>
					<visible>System.GetBool(gamesgeneral.enable)</visible>
					<include>DefaultSettingButton</include>
					<selected>!Skin.HasSetting(home_no_games_button)</selected>
					<onclick>Skin.ToggleSetting(home_no_games_button)</onclick>
				</control>
				<control type="radiobutton" id="314">
					<label>$LOCALIZE[10134]</label>
					<include>DefaultSettingButton</include>
					<selected>!Skin.HasSetting(home_no_fav_button)</selected>
					<onclick>Skin.ToggleSetting(home_no_fav_button)</onclick>
				</control>
				<control type="radiobutton" id="315">
					<label>$LOCALIZE[8]</label>
					<include>DefaultSettingButton</include>
					<selected>!Skin.HasSetting(home_no_weather_button)</selected>
					<onclick>Skin.ToggleSetting(home_no_weather_button)</onclick>
				</control>
				<include content="ResetSkinSettingsParams">
					<param name="control_id1" value="316" />
					<param name="control_id2" value="317" />
					<param name="content" value="DialogResetMainMenu" />
				</include>
			</control>
			<control type="grouplist" id="400">
				<description>User Widgets</description>
				<left>0</left>
				<top>160</top>
				<right>0</right>
				<bottom>140</bottom>
				<onleft>9000</onleft>
				<onright>40</onright>
				<pagecontrol>40</pagecontrol>
				<onup>400</onup>
				<ondown>400</ondown>
				<visible>Container(9000).HasFocus(4)</visible>
				<control type="label" id="401">
					<description>Custom List Addons</description>
					<include>DefaultSettingLabel</include>
					<label>$LOCALIZE[43021]</label>
					<visible>Skin.HasSetting(enable_custom_list_addons)</visible>
				</control>
				<include content="HomeMainCustomWidgetsAddonsSettings">
					<param name="id1" value="11" />
					<param name="title" value="$LOCALIZE[1037]" />
					<param name="flags" value="enable_custom_list_addons_video" />
					<param name="setadonnstype" value="Video" />
					<param name="type" value="xbmc.addon.video" />
					<param name="visible" value="Skin.HasSetting(enable_custom_list_addons)" />
				</include>
				<include content="HomeMainCustomWidgetsAddonsSettings">
					<param name="id1" value="12" />
					<param name="title" value="$LOCALIZE[1038]" />
					<param name="flags" value="enable_custom_list_addons_audio" />
					<param name="setadonnstype" value="Audio" />
					<param name="type" value="xbmc.addon.audio" />
					<param name="visible" value="Skin.HasSetting(enable_custom_list_addons)" />
				</include>
				<include content="HomeMainCustomWidgetsAddonsSettings">
					<param name="id1" value="13" />
					<param name="title" value="$LOCALIZE[35049]" />
					<param name="flags" value="enable_custom_list_addons_game" />
					<param name="setadonnstype" value="Game" />
					<param name="type" value="kodi.gameclient" />
					<param name="visible" value="Skin.HasSetting(enable_custom_list_addons) + System.GetBool(gamesgeneral.enable)" />
				</include>
				<include content="HomeMainCustomWidgetsAddonsSettings">
					<param name="id1" value="14" />
					<param name="title" value="$LOCALIZE[1043]" />
					<param name="flags" value="enable_custom_list_addons_programs" />
					<param name="setadonnstype" value="Programs" />
					<param name="type" value="xbmc.addon.executable" />
					<param name="visible" value="Skin.HasSetting(enable_custom_list_addons)" />
				</include>
				<control type="radiobutton" id="1500">
					<description>Enable Custom List Addons Android Apps</description>
					<include>DefaultSettingButton</include>
					<label>$LOCALIZE[20244]</label>
					<onclick>Skin.ToggleSetting(enable_custom_list_addons_apps)</onclick>
					<selected>Skin.HasSetting(enable_custom_list_addons_apps)</selected>
					<visible>System.Platform.Android</visible>
				</control>
				<include content="HomeMainCustomWidgetsAddonsSettings">
					<param name="id1" value="16" />
					<param name="title" value="$LOCALIZE[1039]" />
					<param name="flags" value="enable_custom_list_addons_image" />
					<param name="setadonnstype" value="Image" />
					<param name="type" value="xbmc.addon.image" />
					<param name="visible" value="Skin.HasSetting(enable_custom_list_addons)" />
				</include>
				<control type="image" id="402">
					<description>Separator Image</description>
					<height>3</height>
					<texture colordiffuse="$VAR[SeparatorColorVar]" border="3">dialogs/separator-grey.png</texture>
				</control>
				<control type="label" id="1700">
					<description>PVR Channels</description>
					<include>DefaultSettingLabel</include>
					<label>$LOCALIZE[43022]</label>
					<visible>Skin.HasSetting(enable_custom_list_channels)</visible>
				</control>
				<include content="HomeMainCustomWidgetsChannelsSettings">
					<param name="id1" value="21" />
					<param name="title" value="$LOCALIZE[19020]" />
					<param name="flags" value="enable_custom_list_channels_tv" />
					<param name="setchannelstype" value="TV" />
					<param name="type" value="0" />
					<param name="visible" value="PVR.HasTVChannels + Skin.HasSetting(enable_custom_list_channels)" />
				</include>
				<include content="HomeMainCustomWidgetsChannelsSettings">
					<param name="id1" value="22" />
					<param name="title" value="$LOCALIZE[19021]" />
					<param name="flags" value="enable_custom_list_channels_radio" />
					<param name="setchannelstype" value="Radio" />
					<param name="type" value="1" />
					<param name="visible" value="PVR.HasRadioChannels + Skin.HasSetting(enable_custom_list_channels)" />
				</include>
				<include content="ResetSkinSettingsParams">
					<param name="control_id1" value="2300" />
					<param name="control_id2" value="2301" />
					<param name="content" value="DialogResetUserWidgets" />
				</include>
			</control>
			<control type="grouplist" id="500">
				<description>Backgrounds</description>
				<left>0</left>
				<top>160</top>
				<right>0</right>
				<bottom>140</bottom>
				<onleft>9000</onleft>
				<onright>50</onright>
				<pagecontrol>50</pagecontrol>
				<onup>500</onup>
				<ondown>500</ondown>
				<visible>Container(9000).HasFocus(5)</visible>
				<control type="radiobutton" id="501">
					<description>No Fanart</description>
					<include>DefaultSettingButton</include>
					<label>$LOCALIZE[31002]</label>
					<onclick>Skin.ToggleSetting(no_fanart)</onclick>
					<selected>!Skin.HasSetting(no_fanart)</selected>
				</control>
				<control type="radiobutton" id="502">
					<description>Hide Visualization Fanart</description>
					<include>DefaultSettingButton</include>
					<label>$LOCALIZE[44117]</label>
					<onclick>Skin.ToggleSetting(hide_visualization_fanart)</onclick>
					<selected>Skin.HasSetting(hide_visualization_fanart)</selected>
				</control>
				<control type="radiobutton" id="503">
					<description>Show Background Video</description>
					<include>DefaultSettingButton</include>
					<label>$LOCALIZE[44118]</label>
					<onclick>Skin.ToggleSetting(show_background_video)</onclick>
					<selected>!Skin.HasSetting(show_background_video)</selected>
				</control>
				<control type="radiobutton" id="504">
					<description>Show Background Visualization</description>
					<include>DefaultSettingButton</include>
					<label>$LOCALIZE[44119]</label>
					<onclick>Skin.ToggleSetting(show_background_vis)</onclick>
					<selected>!Skin.HasSetting(show_background_vis)</selected>
				</control>
				<control type="image" id="505">
					<description>Separator Image</description>
					<height>3</height>
					<texture colordiffuse="$VAR[SeparatorColorVar]" border="3">dialogs/separator-grey.png</texture>
				</control>
				<control type="button" id="506">
					<description>Background Overlay Type</description>
					<include>DefaultSettingButton</include>
					<label>$LOCALIZE[31156]</label>
					<label2>$VAR[BackgroundOverlayTypeNameVar]</label2>
					<onclick condition="String.IsEqual(Skin.String(background_overlay),7)">Skin.SetString(background_overlay,0)</onclick>
					<onclick condition="String.IsEqual(Skin.String(background_overlay),6)">Skin.SetString(background_overlay,7)</onclick>
					<onclick condition="String.IsEqual(Skin.String(background_overlay),5)">Skin.SetString(background_overlay,6)</onclick>
					<onclick condition="String.IsEqual(Skin.String(background_overlay),4)">Skin.SetString(background_overlay,5)</onclick>
					<onclick condition="String.IsEqual(Skin.String(background_overlay),3)">Skin.SetString(background_overlay,4)</onclick>
					<onclick condition="String.IsEqual(Skin.String(background_overlay),2)">Skin.SetString(background_overlay,3)</onclick>
					<onclick condition="String.IsEqual(Skin.String(background_overlay),1)">Skin.SetString(background_overlay,2)</onclick>
					<onclick condition="String.IsEqual(Skin.String(background_overlay),0)">Skin.SetString(background_overlay,1)</onclick>
				</control>
				<include content="CustomSelectDialog">
					<param name="control_id" value="507" />
					<param name="label" value="$LOCALIZE[44000]" />
					<param name="label2" value="$VAR[BackgroundOpacityValueNameVar]" />
					<param name="property" value="Opacity" />
					<param name="header" value="$LOCALIZE[44000]" />
					<param name="content" value="BackgroundOpacityVal" />
				</include>
				<control type="image" id="508">
					<description>Separator Image</description>
					<height>3</height>
					<texture colordiffuse="$VAR[SeparatorColorVar]" border="3">dialogs/separator-grey.png</texture>
				</control>
				<control type="radiobutton" id="509">
					<description>Separate Backgrounds</description>
					<include>DefaultSettingButton</include>
					<label>$LOCALIZE[33071]</label>
					<onclick>Skin.ToggleSetting(separate_background)</onclick>
					<selected>Skin.HasSetting(separate_background)</selected>
					<enable>!Skin.HasSetting(use_custom_bg)</enable>
				</control>
				<control type="radiobutton" id="510">
					<description>Use Custom Background</description>
					<include>DefaultSettingButton</include>
					<label>$LOCALIZE[42000]</label>
					<onclick>Skin.ToggleSetting(use_custom_bg)</onclick>
					<selected>Skin.HasSetting(use_custom_bg)</selected>
					<enable>!Skin.HasSetting(separate_background)</enable>
				</control>
				<include content="CustomSelectDialog">
					<param name="control_id" value="511" />
					<param name="label" value="$LOCALIZE[42001]" />
					<param name="label2" value="$INFO[Skin.String(custom_background)]" />
					<param name="property" value="custom_background" />
					<param name="enable" value="Skin.HasSetting(use_custom_bg)" />
				</include>
				<control type="image" id="512">
					<description>Separator Image</description>
					<height>3</height>
					<texture colordiffuse="$VAR[SeparatorColorVar]" border="3">dialogs/separator-grey.png</texture>
				</control>
				<include content="CustomSelectDialog">
					<param name="control_id" value="513" />
					<param name="label" value="$LOCALIZE[33060]" />
					<param name="label2" value="$VAR[BackgroundPowerNameVar]" />
					<param name="property" value="background_power" />
					<param name="enable" value="Skin.HasSetting(separate_background)" />
				</include>
				<include content="CustomSelectDialog">
					<param name="control_id" value="514" />
					<param name="label" value="$LOCALIZE[21417]" />
					<param name="label2" value="$VAR[BackgroundSettingsNameVar]" />
					<param name="property" value="$VAR[BackgroundSettingsVar]" />
					<param name="enable" value="Skin.HasSetting(separate_background)" />
				</include>
				<include content="CustomSelectDialog">
					<param name="control_id" value="515" />
					<param name="label" value="$LOCALIZE[137]" />
					<param name="label2" value="$VAR[BackgroundSearchNameVar]" />
					<param name="property" value="background_search" />
					<param name="enable" value="Skin.HasSetting(separate_background)" />
				</include>
				<include content="CustomSelectDialog">
					<param name="control_id" value="516" />
					<param name="label" value="$LOCALIZE[44120]" />
					<param name="label2" value="$VAR[BackgroundAudioNameVar]" />
					<param name="property" value="background_audio" />
					<param name="enable" value="Skin.HasSetting(separate_background)" />
				</include>
				<include content="CustomSelectDialog">
					<param name="control_id" value="517" />
					<param name="label" value="$LOCALIZE[342]" />
					<param name="label2" value="$VAR[BackgroundMoviesNameVar]" />
					<param name="property" value="background_movies" />
					<param name="enable" value="Skin.HasSetting(separate_background)" />
				</include>
				<include content="CustomSelectDialog">
					<param name="control_id" value="518" />
					<param name="label" value="$LOCALIZE[20343]" />
					<param name="label2" value="$VAR[BackgroundTVShowsNameVar]" />
					<param name="property" value="background_tvshows" />
					<param name="enable" value="Skin.HasSetting(separate_background)" />
				</include>
				<include content="CustomSelectDialog">
					<param name="control_id" value="519" />
					<param name="label" value="$LOCALIZE[2]" />
					<param name="label2" value="$VAR[BackgroundMusicNameVar]" />
					<param name="property" value="background_music" />
					<param name="enable" value="Skin.HasSetting(separate_background)" />
				</include>
				<include content="CustomSelectDialog">
					<param name="control_id" value="520" />
					<param name="label" value="$LOCALIZE[427]" />
					<param name="label2" value="$VAR[BackgroundDVDNameVar]" />
					<param name="property" value="background_dvd" />
					<param name="enable" value="Skin.HasSetting(separate_background)" />
				</include>
				<include content="CustomSelectDialog">
					<param name="control_id" value="521" />
					<param name="label" value="$LOCALIZE[20389]" />
					<param name="label2" value="$VAR[BackgroundMusicVideosNameVar]" />
					<param name="property" value="background_musicvideos" />
					<param name="enable" value="Skin.HasSetting(separate_background)" />
				</include>
				<include content="CustomSelectDialog">
					<param name="control_id" value="522" />
					<param name="label" value="$LOCALIZE[19020]" />
					<param name="label2" value="$VAR[BackgroundLiveTVNameVar]" />
					<param name="property" value="background_livetv" />
					<param name="enable" value="Skin.HasSetting(separate_background)" />
				</include>
				<include content="CustomSelectDialog">
					<param name="control_id" value="523" />
					<param name="label" value="$LOCALIZE[19021]" />
					<param name="label2" value="$VAR[BackgroundRadioNameVar]" />
					<param name="property" value="background_radio" />
					<param name="enable" value="Skin.HasSetting(separate_background)" />
				</include>
				<include content="CustomSelectDialog">
					<param name="control_id" value="524" />
					<param name="label" value="$LOCALIZE[15016]" />
					<param name="label2" value="$VAR[BackgroundGamesNameVar]" />
					<param name="property" value="background_games" />
					<param name="enable" value="Skin.HasSetting(separate_background)" />
				</include>
				<include content="CustomSelectDialog">
					<param name="control_id" value="525" />
					<param name="label" value="$LOCALIZE[24001]" />
					<param name="label2" value="$VAR[BackgroundAddonsNameVar]" />
					<param name="property" value="background_addons" />
					<param name="enable" value="Skin.HasSetting(separate_background)" />
				</include>
				<include content="CustomSelectDialog">
					<param name="control_id" value="526" />
					<param name="label" value="$LOCALIZE[1]" />
					<param name="label2" value="$VAR[BackgroundPicturesNameVar]" />
					<param name="property" value="background_pictures" />
					<param name="enable" value="Skin.HasSetting(separate_background)" />
				</include>
				<include content="CustomSelectDialog">
					<param name="control_id" value="527" />
					<param name="label" value="$LOCALIZE[3]" />
					<param name="label2" value="$VAR[BackgroundVideosNameVar]" />
					<param name="property" value="background_videos" />
					<param name="enable" value="Skin.HasSetting(separate_background)" />
				</include>
				<include content="CustomSelectDialog">
					<param name="control_id" value="528" />
					<param name="label" value="$LOCALIZE[10134]" />
					<param name="label2" value="$VAR[BackgroundFavouritesNameVar]" />
					<param name="property" value="background_favourites" />
					<param name="enable" value="Skin.HasSetting(separate_background)" />
				</include>
				<include content="CustomSelectDialog">
					<param name="control_id" value="529" />
					<param name="label" value="$LOCALIZE[8]" />
					<param name="label2" value="$VAR[BackgroundWeatherNameVar]" />
					<param name="property" value="background_weather" />
					<param name="enable" value="Skin.HasSetting(separate_background)" />
				</include>
				<control type="image" id="530">
					<description>Separator Image</description>
					<height>3</height>
					<texture colordiffuse="$VAR[SeparatorColorVar]" border="3">dialogs/separator-grey.png</texture>
				</control>
				<include content="ResourceSelect">
					<param name="control_id" value="531" />
					<param name="label" value="$LOCALIZE[31131]" />
					<param name="label2" value="$VAR[HomeFanartNameVar]" />
					<param name="property" value="HomeFanart" />
					<param name="type" value="resource.images.skinbackgrounds" />
					<param name="enable" value="Skin.HasSetting(separate_background)" />
				</include>
				<include content="ResourceSelect">
					<param name="control_id" value="532" />
					<param name="label" value="$LOCALIZE[31149]" />
					<param name="label2" value="$VAR[MovieGenreFanartNameVar]" />
					<param name="property" value="MovieGenreFanart" />
					<param name="type" value="resource.images.moviegenrefanart" />
					<param name="enable" value="!Skin.HasSetting(no_fanart)" />
				</include>
				<include content="ResourceSelect">
					<param name="control_id" value="533" />
					<param name="label" value="$LOCALIZE[31062]" />
					<param name="label2" value="$VAR[WeatherFanartNameVar]" />
					<param name="property" value="WeatherFanart" />
					<param name="type" value="resource.images.weatherfanart" />
					<param name="enable" value="!Skin.HasSetting(no_fanart)" />
				</include>
				<include content="ResetSkinSettingsParams">
					<param name="control_id1" value="534" />
					<param name="control_id2" value="535" />
					<param name="content" value="DialogResetBackgrounds" />
				</include>
			</control>
			<control type="grouplist" id="600">
				<description>Addons</description>
				<left>0</left>
				<top>160</top>
				<right>0</right>
				<bottom>140</bottom>
				<onleft>9000</onleft>
				<onright>60</onright>
				<pagecontrol>60</pagecontrol>
				<onup>600</onup>
				<ondown>600</ondown>
				<visible>Container(9000).HasFocus(6)</visible>
				<control type="label" id="601">
					<description>Global Search Label</description>
					<include>DefaultSettingLabel</include>
					<label>$LOCALIZE[24000] Global Search</label>
				</control>
				<control type="radiobutton" id="602">
					<description>Enable Global Search</description>
					<include>DefaultSettingButton</include>
					<label>$LOCALIZE[43072]</label>
					<onclick condition="!System.HasAddon(script.globalsearch)">InstallAddon(script.globalsearch)</onclick>
					<onclick>Skin.ToggleSetting(enable_globalsearch)</onclick>
					<selected>Skin.HasSetting(enable_globalsearch)</selected>
				</control>
				<control type="button" id="603">
					<description>Settings Global Search</description>
					<include>DefaultSettingButton</include>
					<label>- $LOCALIZE[24020]</label>
					<onclick>Addon.OpenSettings(script.globalsearch)</onclick>
					<enable>Skin.HasSetting(enable_globalsearch)</enable>
				</control>
				<control type="image" id="604">
					<description>Separator Image</description>
					<height>3</height>
					<texture colordiffuse="$VAR[SeparatorColorVar]" border="3">dialogs/separator-grey.png</texture>
				</control>
				<control type="label" id="605">
					<description>Simple Playlists Label</description>
					<include>DefaultSettingLabel</include>
					<label>$LOCALIZE[24000] Simple Playlists</label>
				</control>
				<control type="radiobutton" id="606">
					<description>Enable Simple Playlists</description>
					<include>DefaultSettingButton</include>
					<label>$LOCALIZE[43072]</label>
					<onclick condition="!System.HasAddon(script.simpleplaylists)">InstallAddon(script.simpleplaylists)</onclick>
					<onclick>Skin.ToggleSetting(enable_watchitlater)</onclick>
					<selected>Skin.HasSetting(enable_watchitlater)</selected>
				</control>
				<control type="button" id="607">
					<description>Settings Simple Playlists</description>
					<include>DefaultSettingButton</include>
					<label>- $LOCALIZE[24020]</label>
					<onclick>Addon.OpenSettings(script.simpleplaylists)</onclick>
					<enable>Skin.HasSetting(enable_watchitlater)</enable>
				</control>
				<control type="image" id="608">
					<description>Separator Image</description>
					<height>3</height>
					<texture colordiffuse="$VAR[SeparatorColorVar]" border="3">dialogs/separator-grey.png</texture>
				</control>
				<control type="label" id="609">
					<description>CU LRC Lyrics Label</description>
					<include>DefaultSettingLabel</include>
					<label>$LOCALIZE[24000] CU LRC Lyrics</label>
				</control>
				<control type="radiobutton" id="610">
					<description>CU LRC Lyrics Alternative View</description>
					<include>DefaultSettingButton</include>
					<label>$LOCALIZE[44113]</label>
					<onclick>Skin.ToggleSetting(lrclyrics_alternative_view)</onclick>
					<selected>Skin.HasSetting(lrclyrics_alternative_view)</selected>
					<enable>System.HasAddon(script.cu.lrclyrics)</enable>
				</control>
				<control type="button" id="611">
					<description>Settings CU LRC Lyrics</description>
					<include>DefaultSettingButton</include>
					<label>- $LOCALIZE[24020]</label>
					<onclick condition="!System.HasAddon(script.cu.lrclyrics)">InstallAddon(script.cu.lrclyrics)</onclick>
					<onclick>Addon.OpenSettings(script.cu.lrclyrics)</onclick>
				</control>
				<include content="ResetSkinSettingsParams">
					<param name="control_id1" value="612" />
					<param name="control_id2" value="613" />
					<param name="content" value="DialogResetAddons" />
				</include>
			</control>
			<control type="grouplist" id="700">
				<description>Reset</description>
				<left>0</left>
				<top>160</top>
				<right>0</right>
				<bottom>140</bottom>
				<onleft>9000</onleft>
				<onright>70</onright>
				<pagecontrol>70</pagecontrol>
				<onup>700</onup>
				<ondown>700</ondown>
				<visible>Container(9000).HasFocus(7)</visible>
				<control type="label" id="701">
					<description>Reset Label</description>
					<include>DefaultSettingLabel</include>
					<label>$LOCALIZE[13007]</label>
				</control>
				<control type="button" id="702">
					<description>Reset Skin</description>
					<include>DefaultSettingButton</include>
					<label>$LOCALIZE[10045]</label>
					<onclick>SetProperty(dlg_title,$LOCALIZE[13007],Home)</onclick>
					<onclick>SetProperty(dlg_text,$LOCALIZE[10045],Home)</onclick>
					<onclick>SetProperty(dlg_content,DialogResetSkin,Home)</onclick>
					<onclick>ActivateWindow(1300)</onclick>
				</control>
			</control>
			<control type="image">
				<description>Dialog Header Image</description>
				<left>0</left>
				<top>160</top>
				<right>0</right>
				<height>3</height>
				<texture colordiffuse="$VAR[MainColorVar]" border="2">dialogs/separator-grey.png</texture>
			</control>
			<control type="image">
				<description>Dialog Header Image</description>
				<left>0</left>
				<bottom>134</bottom>
				<right>0</right>
				<height>3</height>
				<texture colordiffuse="$VAR[MainColorVar]" border="2">dialogs/separator-grey.png</texture>
			</control>
		</control>
		<control type="group">
			<depth>DepthContentPanel</depth>
			<left>0</left>
			<include>OpenClose_Left</include>
			<include content="ContentPanel">
				<param name="width" value="530" />
			</include>
			<control type="list" id="9000">
				<description>Button Area</description>
				<left>0</left>
				<top>160</top>
				<width>470</width>
				<height>790</height>
				<onleft>10000</onleft>
				<onright>10000</onright>
				<onup>9000</onup>
				<ondown>9000</ondown>
				<itemlayout height="90" width="470">
					<control type="label">
						<textoffsetx>30</textoffsetx>
						<width>470</width>
						<height>90</height>
						<label>$INFO[ListItem.Label]</label>
						<font>font37</font>
						<aligny>center</aligny>
					</control>
				</itemlayout>
				<focusedlayout height="90" width="470">
					<control type="image">
						<width>470</width>
						<height>90</height>
						<texture colordiffuse="$VAR[MainColorVar]">lists/focus.png</texture>
						<animation effect="fade" start="100" end="50" time="40" condition="!Control.HasFocus(9000)">Conditional</animation>
					</control>
					<control type="label">
						<textoffsetx>30</textoffsetx>
						<width>470</width>
						<height>90</height>
						<font>font37</font>
						<aligny>center</aligny>
						<label>$INFO[ListItem.Label]</label>
					</control>
				</focusedlayout>
				<content>
					<item id="1">
						<label>$LOCALIZE[128]</label>
						<onclick>noop</onclick>
					</item>
					<item id="2">
						<label>$LOCALIZE[43000]</label>
						<onclick>noop</onclick>
					</item>
					<item id="3">
						<label>$LOCALIZE[31061]</label>
						<onclick>noop</onclick>
					</item>
					<item id="4">
						<label>$LOCALIZE[43001]</label>
						<visible>Skin.HasSetting(enable_custom_list_addons) | Skin.HasSetting(enable_custom_list_channels)</visible>
						<onclick>noop</onclick>
					</item>
					<item id="5">
						<label>$LOCALIZE[33068]</label>
						<onclick>noop</onclick>
					</item>
					<item id="6">
						<label>$LOCALIZE[24001]</label>
						<onclick>noop</onclick>
					</item>
					<item id="7">
						<label>$LOCALIZE[13007]</label>
						<onclick>noop</onclick>
					</item>
				</content>
			</control>
		</control>
		<control type="group">
			<description>Scrollbars</description>
			<right>0</right>
			<top>163</top>
			<bottom>137</bottom>
			<width>60</width>
			<control type="scrollbar" id="10">
				<right>0</right>
				<top>0</top>
				<bottom>0</bottom>
				<width>12</width>
				<orientation>vertical</orientation>
				<texturesliderbackground />
				<animation effect="slide" end="6,0" time="300" tween="sine" easing="inout" condition="!Control.HasFocus(10)">conditional</animation>
				<onleft>100</onleft>
				<onright>100</onright>
				<animation effect="fade" start="0" end="100" time="200" delay="300">Visible</animation>
				<animation effect="fade" start="100" end="0" time="200">Hidden</animation>
				<animation effect="fade" start="0" end="100" delay="300" time="320">WindowOpen</animation>
				<animation effect="fade" start="100" end="0" time="150">WindowClose</animation>
				<hitrect x="0" y="0" w="60" h="100%" />
				<visible>Control.IsVisible(100)</visible>
			</control>
			<control type="scrollbar" id="20">
				<right>0</right>
				<top>0</top>
				<bottom>0</bottom>
				<width>12</width>
				<orientation>vertical</orientation>
				<texturesliderbackground />
				<animation effect="slide" end="6,0" time="300" tween="sine" easing="inout" condition="!Control.HasFocus(20)">conditional</animation>
				<onleft>200</onleft>
				<onright>200</onright>
				<animation effect="fade" start="0" end="100" time="200" delay="300">Visible</animation>
				<animation effect="fade" start="100" end="0" time="200">Hidden</animation>
				<animation effect="fade" start="0" end="100" delay="300" time="320">WindowOpen</animation>
				<animation effect="fade" start="100" end="0" time="150">WindowClose</animation>
				<hitrect x="0" y="0" w="60" h="100%" />
				<visible>Control.IsVisible(200)</visible>
			</control>
			<control type="scrollbar" id="30">
				<right>0</right>
				<top>0</top>
				<bottom>0</bottom>
				<width>12</width>
				<orientation>vertical</orientation>
				<texturesliderbackground />
				<animation effect="slide" end="6,0" time="300" tween="sine" easing="inout" condition="!Control.HasFocus(30)">conditional</animation>
				<onleft>300</onleft>
				<onright>300</onright>
				<animation effect="fade" start="0" end="100" time="200" delay="300">Visible</animation>
				<animation effect="fade" start="100" end="0" time="200">Hidden</animation>
				<animation effect="fade" start="0" end="100" delay="300" time="320">WindowOpen</animation>
				<animation effect="fade" start="100" end="0" time="150">WindowClose</animation>
				<hitrect x="0" y="0" w="60" h="100%" />
				<visible>Control.IsVisible(300)</visible>
			</control>
			<control type="scrollbar" id="40">
				<right>0</right>
				<top>0</top>
				<bottom>0</bottom>
				<width>12</width>
				<orientation>vertical</orientation>
				<texturesliderbackground />
				<animation effect="slide" end="6,0" time="300" tween="sine" easing="inout" condition="!Control.HasFocus(40)">conditional</animation>
				<onleft>400</onleft>
				<onright>400</onright>
				<animation effect="fade" start="0" end="100" time="200" delay="300">Visible</animation>
				<animation effect="fade" start="100" end="0" time="200">Hidden</animation>
				<animation effect="fade" start="0" end="100" delay="300" time="320">WindowOpen</animation>
				<animation effect="fade" start="100" end="0" time="150">WindowClose</animation>
				<hitrect x="0" y="0" w="60" h="100%" />
				<visible>Control.IsVisible(400)</visible>
			</control>
			<control type="scrollbar" id="50">
				<right>0</right>
				<top>0</top>
				<bottom>0</bottom>
				<width>12</width>
				<orientation>vertical</orientation>
				<texturesliderbackground />
				<animation effect="slide" end="6,0" time="300" tween="sine" easing="inout" condition="!Control.HasFocus(50)">conditional</animation>
				<onleft>500</onleft>
				<onright>500</onright>
				<animation effect="fade" start="0" end="100" time="200" delay="300">Visible</animation>
				<animation effect="fade" start="100" end="0" time="200">Hidden</animation>
				<animation effect="fade" start="0" end="100" delay="300" time="320">WindowOpen</animation>
				<animation effect="fade" start="100" end="0" time="150">WindowClose</animation>
				<hitrect x="0" y="0" w="60" h="100%" />
				<visible>Control.IsVisible(500)</visible>
			</control>
			<control type="scrollbar" id="60">
				<right>0</right>
				<top>0</top>
				<bottom>0</bottom>
				<width>12</width>
				<orientation>vertical</orientation>
				<texturesliderbackground />
				<animation effect="slide" end="6,0" time="300" tween="sine" easing="inout" condition="!Control.HasFocus(60)">conditional</animation>
				<onleft>600</onleft>
				<onright>600</onright>
				<animation effect="fade" start="0" end="100" time="200" delay="300">Visible</animation>
				<animation effect="fade" start="100" end="0" time="200">Hidden</animation>
				<animation effect="fade" start="0" end="100" delay="300" time="320">WindowOpen</animation>
				<animation effect="fade" start="100" end="0" time="150">WindowClose</animation>
				<hitrect x="0" y="0" w="60" h="100%" />
				<visible>Control.IsVisible(600)</visible>
			</control>
			<control type="scrollbar" id="70">
				<right>0</right>
				<top>0</top>
				<bottom>0</bottom>
				<width>12</width>
				<orientation>vertical</orientation>
				<texturesliderbackground />
				<animation effect="slide" end="6,0" time="300" tween="sine" easing="inout" condition="!Control.HasFocus(70)">conditional</animation>
				<onleft>700</onleft>
				<onright>700</onright>
				<animation effect="fade" start="0" end="100" time="200" delay="300">Visible</animation>
				<animation effect="fade" start="100" end="0" time="200">Hidden</animation>
				<animation effect="fade" start="0" end="100" delay="300" time="320">WindowOpen</animation>
				<animation effect="fade" start="100" end="0" time="150">WindowClose</animation>
				<hitrect x="0" y="0" w="60" h="100%" />
				<visible>Control.IsVisible(700)</visible>
			</control>
		</control>
		<include content="TopBar">
			<param name="breadcrumbs_label" value="$LOCALIZE[5] / $LOCALIZE[20077]" />
		</include>
		<include>BottomBar</include>
		<control type="textbox" id="6">
			<include>OpenClose_Right</include>
			<description>Description Area</description>
			<left>510</left>
			<bottom>27</bottom>
			<width>1350</width>
			<height>100</height>
			<font>font12</font>
			<align>justify</align>
			<textcolor>$VAR[MainColorVar]</textcolor>
			<label>$VAR[SkinSettingsHelpTextVar]</label>
			<autoscroll time="3000" delay="5000" repeat="5000">true</autoscroll>
		</control>
	</controls>
</window>
