<?xml version="1.0" encoding="UTF-8" standalone="yes"?>
<addon id="script.cu.lrclyrics" name="CU LRC Lyrics" version="5.6.2.017" provider-name="Taxigps, ronie, YLLOW_DRAGON">
	<requires>
		<import addon="xbmc.python" version="2.25.0"/>
		<import addon="script.module.chardet" version="2.2.1"/>
		<import addon="script.module.beautifulsoup4" version="4.3.2"/>
		<import addon="script.module.requests" version="2.18.4"/>
	</requires>
	<extension point="xbmc.python.lyrics" library="default.py"/>
	<extension point="xbmc.service" library="default.py" start="login"/>
	<extension point="xbmc.addon.metadata">
		<summary lang="en_GB">CU LRC Lyrics</summary>
		<summary lang="ru_RU">Тексты песен</summary>
		<summary lang="uk_UA">Тексти пісень</summary>
		<description lang="en_GB">CU LRC Lyrics is a lyrics script for Kodi. It supports regular as well as LRC Lyrics. The script can search synchronized/unsynchronized lyrics embedded, from file or by scrapers. It can read .lrc/.txt lyrics file saved at the same path by same file name with .mp3(or other type of music).</description>
		<description lang="ru_RU">CU LRC Lyrics - это текст песни для Kodi. Он поддерживает как обычные, так и LRC тексты песен. Скрипт может искать встроенные синхронизированные/несинхронизированные тексты песен из файла или с помощью скребков. Он может читать файл текста песен .lrc/.txt, сохраненный по тому же пути под тем же именем что и файл .mp3 (или другой тип музыки).</description>
		<description lang="uk_UA">CU LRC Lyrics - це текст пісні для Kodi. Він підтримує як звичайні, так і LRC тексти пісень. Скрипт може шукати вбудовані синхронізовані/несинхронізовані тексти пісень з файлу або за допомогою скребків. Він може читати файл тексту пісень .lrc/.txt, збережений тим самим шляхом під тим же ім'ям що і файл .mp3 (або інший тип музики).</description>
		<language></language>
		<platform>all</platform>
		<license>GNU GENERAL PUBLIC LICENSE Version 2</license>
		<forum>https://forum.kodi.tv/showthread.php?tid=147340</forum>
		<website></website>
		<email>nkvoronov@gmail.com</email>
		<source>https://github.com/nkvoronov/script.cu.lrclyrics/</source>
		<assets>
			<icon>resources/icon.png</icon>
		</assets>
	</extension>
</addon>
