<?xml version="1.0" encoding="UTF-8" standalone="yes"?>
<addon id="script.cu.lrclyrics" name="CU LRC Lyrics" version="5.5.3.010" provider-name="Taxigps, ronie, YLLOW_DRAGON">
	<requires>
		<import addon="xbmc.python" version="2.25.0"/>
		<import addon="script.module.chardet" version="2.2.1"/>
		<import addon="script.module.beautifulsoup4" version="4.3.2"/>
		<import addon="script.module.requests" version="2.18.4"/>
	</requires>
	<extension point="xbmc.python.lyrics" library="default.py"/>
	<extension point="xbmc.service" library="default.py" start="login"/>
	<extension point="xbmc.addon.metadata">
		<summary lang="be_BY">CU LRC Lyrics</summary>
		<summary lang="bg_BG">CU LRC Лирики</summary>
		<summary lang="ca_ES">CU LRC Lyrics</summary>
		<summary lang="da_DK">CU LRC Lyrics</summary>
		<summary lang="de_DE">CU LRC-Songtext</summary>
		<summary lang="el_GR">Στίχοι CU LRC</summary>
		<summary lang="en_GB">CU LRC Lyrics</summary>
		<summary lang="en_NZ">CU LRC Lyrics</summary>
		<summary lang="en_US">CU LRC Lyrics</summary>
		<summary lang="es_ES">CU LRC Lyrics</summary>
		<summary lang="fr_FR">CU LRC Lyrics</summary>
		<summary lang="fr_CA">Paroles CU LRC</summary>
		<summary lang="gl_ES">Letras de CU LRC</summary>
		<summary lang="he_IL">CU LRC Lyrics</summary>
		<summary lang="hr_HR">CU LRC tekstovi pjesama</summary>
		<summary lang="hu_HU">CU LRC Dalszöveg</summary>
		<summary lang="id_ID">Lirik CU LRC</summary>
		<summary lang="it_IT">CU LRC Lyrics</summary>
		<summary lang="ko_KR">CU LRC Lyrics</summary>
		<summary lang="lt_LT">CU LRC dainų žodžiai</summary>
		<summary lang="nl_NL">CU LRC songteksten</summary>
		<summary lang="nb_NO">CU LRC sangtekster</summary>
		<summary lang="pl_PL">CU LRC Lyrics</summary>
		<summary lang="pt_PT">CU LRC Lyrics</summary>
		<summary lang="pt_BR">CU LRC Letras</summary>
		<summary lang="ro_RO">Versuri CU LRC</summary>
		<summary lang="sk_SK">CU LRC Lyrics</summary>
		<summary lang="sl_SI">CU LRC Lyrics</summary>
		<summary lang="sv_SE">CU LRC Lyrics</summary>
		<summary lang="zh_CN">CU LRC Lyrics 歌词插件</summary>
		<summary lang="zh_TW">CU LRC Lyrics 歌詞腳本</summary>
		<description lang="be_BY">CU LRC Lyrics is a lyrics script for Kodi. It supports regular as well as LRC Lyrics. The script can search synchronized/unsynchronized lyrics embedded, from file or by scrapers. It can read .lrc/.txt lyrics file saved at the same path by same file name with .mp3(or other type of music).</description>
		<description lang="bg_BG">CU LRC Лирики е добавка за лирики. Поддържа обикновени текстови файлове и .lrc файлове. Може да търси за синхронизирани/несинхронизирани лирики вградени в аудиофайловете или да ги извлича от различни източници. Може да прочита .lrc и .txt файлове съхраняващи лирики, които се намират в папката на дадения аудио файл (с разширение .mp3 например) и носят неговото име.</description>
		<description lang="ca_ES">CU LRC Lyrics es un script de lletres de cançons per a Kodi. Suporta lletres normal tan com LRC Lyrics. El script busca lletres sincronitzades o no, incrustades al fitxer d'àudio, des de un altre fitxer o per scrapers. Pot llegir fitxers .lrc/.txt guardats al mateix directori i nom de fitxer amb .mp3(o un altre tipus de música).</description>
		<description lang="da_DK">CU LRC Lyrics er et script til sangtekster til Kodi. Det understøtter almindelige såvel som LRC sangtekster. Script'et kan søge i synkroniserede/usynkroniserede sangtekster som er inkodede i filer eller ved hjælp af scrapere. Det kan læse .lrc/.txt sangtekstfiler som er gemt i den samme mappe og med samme filnavn som mp3'en (eller andre typer af musikfiler).</description>
		<description lang="de_DE">CU LRC-Songtext ist ein Songtextskript für Kodi, das sowohl normale als auch LRC-Songtexte unterstützt. Das Skript kann nach synchronisierten/unsynchronisierten eingebetteten Songtexten von Datei oder Scraper suchen. Es kann .lrc/.txt-Songtextdateien lesen, die im gleichen Pfad und mit dem gleichen Dateinamen mit .mp3 (oder eine anderen Musikart) gespeichert wurden.</description>
		<description lang="el_GR">Οι Στίχοι CU LRC είναι ένα script στίχων για το Kodi. Υποστηρίζει συνηθισμένους στίχους καθώς και Στίχους LRC. Το script μπορεί να αναζητήσει συγχρονισμένους και μη στίχους, ενσωματωμένους, από αρχεία ή από scraper. Μπορεί να διαβάσει αρχεία στίχων τύπου .lrc/.txt που βρίσκονται στον ίδιο φάκελο και έχουν το ίδιο όνομα με το .mp3 (ή άλλης κατάληξης μουσική).</description>
		<description lang="en_GB">CU LRC Lyrics is a lyrics script for Kodi. It supports regular as well as LRC Lyrics. The script can search synchronized/unsynchronized lyrics embedded, from file or by scrapers. It can read .lrc/.txt lyrics file saved at the same path by same file name with .mp3(or other type of music).</description>
		<description lang="en_NZ">CU LRC Lyrics is a lyrics script for Kodi. It supports regular as well as LRC Lyrics. The script can search synchronised/unsynchronised lyrics embedded, from file or by scrapers. It can read .lrc/.txt lyrics file saved at the same path by same file name with .mp3(or other type of music).</description>
		<description lang="en_US">CU LRC Lyrics is a lyrics script for Kodi. It supports regular as well as LRC Lyrics. The script can search synchronized/unsynchronized lyrics embedded, from file or by scrapers. It can read .lrc/.txt lyrics file saved at the same path by same file name with .mp3(or other type of music).</description>
		<description lang="es_ES">CU LRC Lyrics es un script de letras para Kodi. Es compatible tanto con letra regular como LRC Lyrics. El script puede buscar desde archivo o a través de scrapers letras incrustadas sincronizadas o no sincronizadas. Puede leer archivos .lrc/.txt guardados en la misma carpeta con el mismo nombre del archivo *.mp3 (u otro tipo de archivo de audio).</description>
		<description lang="fr_FR">CU LRC Lyrics est un script pour gérer les paroles dans Kodi. Il supporte les formats de paroles habituels aussi bien que LRC. Le script peut chercher des paroles synchronisées/désynchronisées intégrées dans les fichier ou par collecteurs. Il peut lire les fichiers paroles .lrc/.txt stockés dans le même dossier et avec le même nom que le fichier .mp3 (ou autre type de format musical).</description>
		<description lang="fr_CA">Paroles CU LRC est un script de paroles pour Kodi. Il prend en charge les paroles régulières et LRC. Le script peut rechercher des paroles synchronisées/désynchronisées intégrées, d'un fichier ou de récupérateurs. Il peut lire les fichiers de paroles .lrc/.txt enregistrés dans le même chemin et avec le me nom que le .mp3 (ou autres types de musique).</description>
		<description lang="gl_ES">Letras CU LRC é un script de letras para Kodi. Soporta letras normais como as LRC. O script pode buscar letras sincronizadas/non sincronizadas incrustadas, ou buscar a partir dun ficheiro ou de scrapers. Pode ler letras de ficheiros .lrc/.txt gardados na mesma ruta do ficheiro .mp3 (ou outro tipo de música).</description>
		<description lang="he_IL">CU LRC Lyrics הינו סקריפט מילות שירים עבור Kodi התומך בפורמט LRC והן בטקסט רגיל. הסקריפט מסוגל לחפש מילות שיר מסונכרות/לא מסונכרות המוטמעות בשיר, מקובץ מקומי או בעזרת סקרייפר. הסקריפט מסוגל לקרוא קובץ מילות שיר txt/lrc השמור באותו נתיב עם שם זהה לקובץ ה-mp3 (או סוג אחר של קובץ מוזיקה).</description>
		<description lang="hr_HR">CU LRC tekstovi pjesama je skripta za Kodi. Podržavna redovne i LRC tekstove pjesama. Skripta može pretraživati usklađivati/uklanjati ugrađene tekstove pjesama, iz datoteke ili sakupljača. Može čitati .lrc/.txt datoteke tekstova pjesama spremljene u istu putanju s istim nazivom datoteke sa .mp3 (ili drugim vrstama glazbe).</description>
		<description lang="hu_HU">A CU LRC Dalszöveg egy kiegészítő az Kodi-hez, ami támogatja  a hagyományos és az LRC dalszövegek keresését, megjelenítését. A dalszöveg lehet szinkronizált, vagy szinkronizálatlan, a zenefájlba beágyazott, vagy leolvasókkal letöltött, vagy akár származhat a zene könyvtárában található .lrc vagy .txt fájlokból is.</description>
		<description lang="id_ID">Lirik CU LRC adalah script lirik untuk Kodi. Mendukung lirik regular maupun LRC. Script ini mampu mencari lirik dengan singkronisasi maupun tidak yang tercantum pada berkas atau melalui alat penyalin. Script dapat membaca berkas lirik .lrc/.txt yang disimpan di lokasi dan nama berkas yang sama dengan .mp3 (atau format musik lainnya).</description>
		<description lang="it_IT">CU LRC Lyrics è uno script per i testi per Kodi. Supporta testi come LRC. Lo script può cercare testi incorporati sincronizzati e non, da file o tramite scapers. Legge file .lrc/.txt salvati nello stesso percorso e con lo stesso nome dell'.mp3 (o altri tipi di musica)</description>
		<description lang="ko_KR">CU LRC Lyrics는 Kodi를 위한 가사 수집기입니다. 일반 가사와 LRC 가사를 지원하며, 내장 가동기/비동기 가사를 검색하거나 파일 내장 가사를 찾습니다. mp3(또는 다른 형식의 음악 파일)와 같은 경로에 저장되어 있는 .lrc/.txt 형식의 가사를 읽어옵니다.</description>
		<description lang="lt_LT">CU LRC Lyrics yra dainų žodžių atsiuntimo skriptas, skirtas Kodi. Palaikomi tiek įprasti, tiek LRC dainų žodžiai. Skriptas gali ieškoti sinchronizuotų / nesinchronizuotų dainų žodžių, integruotų failuose arba naudojant skreperius. Jis gali nuskaityti .lrc/.txt dainų žodžių failus, išsaugotus toje pačioje vietoje ir tokiu pačiu pavadinimu kaip ir .mp3 failas (ar kitokio muzikinio failo tipo).</description>
		<description lang="nl_NL">CU LRC Lyrics is een script voor songteksten in Kodi. Het ondersteunt zowel reguliere als LRC songteksten. Het script ondersteunt gesynchroniseerde of ongesynchroniseerde songteksten die ingebed zijn in een bestand, in een los bestand staan of van een scraper. Het kan .lrc/.txt songtekst-bestanden lezen die opgeslagen zijn op hetzelfde pad en dezelfde bestandsnaam hebben als de .mp3 (of ander type bestand).</description>
		<description lang="nb_NO">CU LRC Lyrics er et skript for å vise sangtekster i Kodi. Den støtter vanlige samt LRC sangtekster. Skriptet kan søke synkroniserte / usynkroniserte sangtekster innebygd, fra en fil eller via skrapere. Den kan lese .lrc / .txt filer som er lagret på den samme banen og med samme filnavn (.mp3 eller annen type musikk).</description>
		<description lang="pl_PL">CU LRC Lyrics jest dodatkiem obsługującym teksty utworów dla Kodi. Obsługuje teksty utworów zarówno zwykłe jak i zsynchronizowane. Dodatek potrafi wyszukać teksty zapisane lokalnie, wbudowane w pliki utworów, a także pobierać je z Internetu. Potrafi wczytać teksty w formatach .lrc/.txt zapisane w tym samym folderze co pliku utworu .mp3 (lub innym wspierany formacie).</description>
		<description lang="pt_PT">CU LRC Lyrics é um script de letras para o Kodi. Suporta letras normais e LRC. O script pode encontrar letras sincronizadas/dessincronizadas embutidas, ou procurar a partir de ficheiro ou de colectores. Pode ler letras de ficheiros .lrc/.txt guardados na mesma localização do ficheiro .mp3 (ou outro tipo de música).</description>
		<description lang="pt_BR">CU LRC Lyrics é script de letras de músicas para Kodi. Ele suporta regular bem como Letras LRC. O script pode procurar por letras embutidas sincronizadas/dessincronizadas, de arquivos ou usando scrapers. Ele pode ler arquivos de letras .lrc/txt salvos no mesmo caminho com o mesmo nome do arquivo .mp3 (ou outro formato de música).</description>
		<description lang="sk_SK">CU LRC Lyrics je doplnok poskytujúci texty skladieb pre Kodi. Podporuje bežné ako aj LRC formáty. Doplnok môže vyhľadávať synchronizované/nesynchronizované Texty skladieb vložené, v samostatnom súbore alebo cez sťahovače. Dokáže čítať .lrc/.txt súbory v rovnakom priečinku a s rovnakým názvom ako .mp3 súbor (alebo iný hudobný súbor).</description>
		<description lang="sl_SI">CU LRC Lyrics je skripta za besedila pesmi za Kodi. Podpira redne kot tudi LRC besedila pesmi. Skripta lahko išče sinhronizirana/nesinhronizirana besedila pesmi, vgrajena, iz datoteke ali od ponudnikov. Bere lahko .lrc/.txt formate zapisa datotek iz iste mape kot je istoimenska datoteka .mp3 (ali drigi format zapisa glasbe).</description>
		<description lang="sv_SE">CU LRC Lyrics är ett skript för Kodi. Det stödjer såväl vanliga som LRC texter. Skriptet kan söka synkroniserade/osynkroniserade texter inbäddade från fil eller från skraport. Det kan läsa .lrc/.txt filer sparade med samma sökväg och filnamn som .mp3 (eller annan typ av musik).</description>
		<description lang="zh_CN">CU LRC Lyrics 是 Kodi 的歌词插件。它支持原 LRC Lyrics 歌词插件的功能。这个插件会搜索内嵌的、本地文件或通过刮削器获取同步/非同步歌词。它可以读取以相同文件名与歌曲文件保存在相同目录的 .lrc/.txt 歌词文件。</description>
		<description lang="zh_TW">CU LRC Lyrics 是為 Kodi 而設的歌詞腳本。它支援一般格式的歌詞以及 LRC 格式的歌詞。此腳本能夠搜尋歌曲檔案內嵌歌詞的同步及非同步歌詞，同時也能使用刮削器在線搜尋、本地文件或通过刮削器获取同步/非同步歌词。它可以讀取放在同一個資料夾內，而又與歌曲相同命名的 .lrc/.txt 歌詞檔。</description>
		<language></language>
		<platform>all</platform>
		<license>GNU GENERAL PUBLIC LICENSE Version 2</license>
		<forum>http://forum.kodi.tv/showthread.php?tid=147340</forum>
		<website></website>
		<email>nkvoronov@gmail.com</email>
		<source>https://github.com/nkvoronov/script.cu.lrclyrics/</source>
	</extension>
</addon>
