<?xml version="1.0" encoding="UTF-8"?>
<addon id="repository.yellowdragon" name="Yellow Dragon Repository" version="1.0.024" provider-name="YLLOW_DRAGON">
    <requires>
        <import addon="xbmc.addon" version="12.0.0"/>
    </requires>
    <extension point="xbmc.addon.repository" name="YLLOW_DRAGON Repository">
        <info compressed="false">https://raw.githubusercontent.com/nkvoronov/repository.yellowdragon/jarvis/repo/addons.xml</info>
        <checksum>https://raw.githubusercontent.com/nkvoronov/repository.yellowdragon/jarvis/repo/addons.xml.md5</checksum>
        <datadir zip="true">https://github.com/nkvoronov/repository.yellowdragon/raw/jarvis/repo</datadir>
        <hashes>false</hashes> 
    </extension>
    <extension point="xbmc.addon.metadata">
        <summary lang="en">YLLOW_DRAGON addons repository for KODI Jarvis</summary>
        <summary lang="ru">Репозиторий плагинов YLLOW_DRAGON для KODI Jarvis</summary>
        <description lang="en">Download and install YLLOW_DRAGON addons repository.</description>
        <description lang="ru">Загружайте и устанавливайте плагины из репозитория YLLOW_DRAGON.</description>
        <platform>all</platform>
        <news></news>
    </extension>
</addon>