﻿<?xml version="1.0" encoding="utf-8"?>
<includes>
    <include name="HomeSubPanels">
        <include name="HomeSubButtonsFocus">
            <param name="control_id" value="$PARAM[submain_id]" />
        </include>
        <control type="grouplist" id="$PARAM[submain_id]001">
            <orientation>vertical</orientation>
            <height>922</height>
            <scrolltime tween="cubic" easing="out">500</scrolltime>
            <!-- SubMenu -->
            <include name="SubMenuList">
                <param name="list_id" value="$PARAM[submain_id]900" />
                <param name="ondown_id" value="$PARAM[submain_id]" />
                <param name="content_submenu" value="$PARAM[submenu_content]" />
            </include>
            <include name="$PARAM[widget_content]">
                <param name="control_id" value="$PARAM[submain_id]" />
                <!-- -->
                <param name="widget1_name" value="$PARAM[widget1_name]"/>
                <param name="widget1_type" value="$PARAM[widget1_type]"/>
                <param name="widget1_target" value="$PARAM[widget1_target]"/>
                <param name="widget1_path" value="$PARAM[widget1_path]"/>
                <param name="widget2_name" value="$PARAM[widget2_name]"/>
                <param name="widget2_type" value="$PARAM[widget2_type]"/>
                <param name="widget2_target" value="$PARAM[widget2_target]"/>
                <param name="widget2_path" value="$PARAM[widget2_path]"/>                    
                <param name="widget3_name" value="$PARAM[widget3_name]"/>
                <param name="widget3_type" value="$PARAM[widget3_type]"/>
                <param name="widget3_target" value="$PARAM[widget3_target]"/>
                <param name="widget3_path" value="$PARAM[widget3_path]"/>
                <param name="widget4_name" value="$PARAM[widget4_name]"/>
                <param name="widget4_type" value="$PARAM[widget4_type]"/>
                <param name="widget4_target" value="$PARAM[widget4_target]"/>
                <param name="widget4_path" value="$PARAM[widget4_path]"/>
                <param name="widget5_name" value="$PARAM[widget5_name]"/>
                <param name="widget5_type" value="$PARAM[widget5_type]"/>
                <param name="widget5_target" value="$PARAM[widget5_target]"/>
                <param name="widget5_path" value="$PARAM[widget5_path]"/>
                <param name="widget6_name" value="$PARAM[widget6_name]"/>
                <param name="widget6_type" value="$PARAM[widget6_type]"/>
                <param name="widget6_target" value="$PARAM[widget6_target]"/>
                <param name="widget6_path" value="$PARAM[widget6_path]"/>
            </include>			
        </control>
    </include>    
    <!-- WeatherWidget 100 -->
    <include name="include-WeatherWidget">   
        <control type="group" id="$PARAM[control_id]102">
            <description>Weather info</description>
            <height>380</height>
            <visible>!IsEmpty(Weather.plugin)</visible>
            <control type="image">
                <top>2</top>
                <left>480</left>
                <width>1360</width>
                <height>380</height>
                <texture border="22">dialogs/dialog-bg.png</texture>
            </control>
            <control type="image">
                <top>20</top>
                <left>530</left>
                <width>150</width>
                <height>150</height>
                <texture>$VAR[CurrentWeatherIcon]</texture>
            </control>
            <control type="label">
                <left>990</left>
                <top>110</top>
                <aligny>center</aligny>
                <height>24</height>
                <width>800</width>
                <align>right</align>
                <font>font14</font>
                <label>$INFO[Weather.Conditions] - $INFO[Weather.Temperature]</label>
            </control>
            <control type="label">
                <left>990</left>
                <top>50</top>
                <aligny>center</aligny>
                <height>24</height>
                <width>800</width>
                <align>right</align>
                <font>font35_title</font>
                <label>$INFO[Weather.Location]</label>
            </control>
            <control type="grouplist">
                <top>215</top>
                <left>540</left>
                <width>1330</width>
                <orientation>horizontal</orientation>
                <align>justify</align>
                <itemgap>-50</itemgap>
                <include name="WeatherIcon">
                    <param name="label" value="Window(weather).Property(Current.Wind)" />
                    <param name="texture" value="icons/weather/wind.png" />
                    <param name="header" value="404" />
                </include>
                <include name="WeatherIcon">
                    <param name="label" value="Window(weather).Property(Current.Humidity)" />
                    <param name="texture" value="icons/weather/humidity.png" />
                    <param name="header" value="406" />
                </include>
                <include name="WeatherIcon">
                    <param name="label" value="Window(weather).Property(Current.Precipitation)" />
                    <param name="texture" value="icons/weather/rain.png" />
                    <param name="header" value="33021" />
                </include>
                <include name="WeatherIcon">
                    <param name="label" value="Window(weather).Property(Today.Sunrise)" />
                    <param name="texture" value="icons/weather/sunrise.png" />
                    <param name="header" value="405" />
                </include>
                <include name="WeatherIcon">
                    <param name="label" value="Window(weather).Property(Today.Sunset)" />
                    <param name="texture" value="icons/weather/sunset.png" />
                    <param name="header" value="403" />
                </include>
            </control>
        </control>
        <include name="Widget-Weather">
            <param name="content_include" value="HourlyItems" />
            <param name="onup_id" value="$PARAM[control_id]900" />
            <param name="list_id" value="$PARAM[control_id]100" />				
            <param name="ondown_id" value="$PARAM[control_id]101" />
            <param name="widget_header" value="$LOCALIZE[33036]"/>
            <param name="visible" value="!IsEmpty(Weather.plugin) + !IsEmpty(Window(weather).Property(Hourly.IsFetched))" />
        </include>
        <include name="Widget-Weather">
            <param name="content_include" value="DailyItems" />
            <param name="onup_id" value="$PARAM[control_id]100" />
            <param name="list_id" value="$PARAM[control_id]101" />				
            <param name="widget_header" value="$LOCALIZE[31019]"/>
            <param name="visible" value="!IsEmpty(Weather.plugin) + !IsEmpty(Window(weather).Property(Daily.IsFetched))" />
        </include>
    </include>
    <!-- TVWidget 103 -->
    <include name="include-TVWidget">           
        <control type="grouplist">
            <height>218</height>
            <left>478</left>
            <top>36</top>
            <orientation>horizontal</orientation>
            <visible>PVR.IsRecording | PVR.HasNonRecordingTimer</visible>
            <align>right</align>
            <width>1360</width>
            <control type="group">
                <width>680</width>
                <visible>PVR.IsRecording</visible>
                <include name="Widget-PVR">
                    <param name="item_image" value="$INFO[PVR.NowRecordingChannelIcon]" />
                    <param name="header" value="$LOCALIZE[19158]" />
                    <param name="label1" value="$INFO[PVR.NowRecordingDateTime,$LOCALIZE[19126] - ]" />
                    <param name="label2" value="$INFO[PVR.NowRecordingTitle][CR][COLOR grey]$INFO[PVR.NowRecordingChannel][/COLOR]" />
                </include>
            </control>
            <control type="group">
                <visible>PVR.HasNonRecordingTimer</visible>
                <width>680</width>
                <include name="Widget-PVR">
                    <param name="item_image" value="$INFO[PVR.NextRecordingChannelIcon]" />
                    <param name="header" value="$LOCALIZE[19157]" />
                    <param name="label1" value="$INFO[PVR.NextRecordingDateTime,$LOCALIZE[19126] - ]" />
                    <param name="label2" value="$INFO[PVR.NextRecordingTitle][CR][COLOR grey]$INFO[PVR.NextRecordingChannel][/COLOR]" />
                </include>
            </control>
        </control>
        <include condition="![Skin.HasSetting(enable_custom_list_channels) + Skin.HasSetting(enable_custom_list_channels_tv)]" name="Widget-Channels">
            <param name="content_path" value="pvr://channels/tv/*"/>
            <param name="widget_header" value="$LOCALIZE[31016]"/>
            <param name="widget_target" value="pvr"/>
            <param name="onup_id" value="$PARAM[control_id]900"/>
            <param name="list_id" value="$PARAM[control_id]103"/>				
            <param name="height" value="550"/>
        </include>
        <include condition="Skin.HasSetting(enable_custom_list_channels) + Skin.HasSetting(enable_custom_list_channels_tv)" name="Widget-CustomChannels">
            <param name="widget_header" value="$LOCALIZE[43241]"/>
            <param name="widget_target" value="TV"/>
            <param name="onup_id" value="$PARAM[control_id]900"/>
            <param name="list_id" value="$PARAM[control_id]103"/>				
            <param name="height" value="550"/>
        </include>
    </include>            
    <!-- RadioWidget 104 -->
    <include name="include-RadioWidget">
        <control type="grouplist">
            <height>218</height>
            <left>478</left>
            <top>36</top>
            <orientation>horizontal</orientation>
            <align>right</align>
            <width>1360</width>
            <visible>PVR.IsRecording | PVR.HasNonRecordingTimer</visible>
            <control type="group">
                <width>680</width>
                <visible>PVR.IsRecording</visible>
                <include name="Widget-PVR">
                    <param name="icon" value="$INFO[PVR.NowRecordingChannelIcon]" />
                    <param name="header" value="$LOCALIZE[19158]" />
                    <param name="label1" value="$INFO[PVR.NowRecordingDateTime,$LOCALIZE[19126] - ]" />
                    <param name="label2" value="$INFO[PVR.NowRecordingTitle][CR][COLOR grey]$INFO[PVR.NowRecordingChannel][/COLOR]" />
                </include>
            </control>
            <control type="group">
                <visible>PVR.HasNonRecordingTimer</visible>
                <width>680</width>
                <include name="Widget-PVR">
                    <param name="icon" value="$INFO[PVR.NextRecordingChannelIcon]" />
                    <param name="header" value="$LOCALIZE[19157]" />
                    <param name="label1" value="$INFO[PVR.NextRecordingDateTime,$LOCALIZE[19126] - ]" />
                    <param name="label2" value="$INFO[PVR.NextRecordingTitle][CR][COLOR grey]$INFO[PVR.NextRecordingChannel][/COLOR]" />
                </include>
            </control>
        </control>
        <include condition="![Skin.HasSetting(enable_custom_list_channels) + Skin.HasSetting(enable_custom_list_channels_radio)]" name="Widget-Channels">
            <param name="content_path" value="pvr://channels/radio/*"/>
            <param name="widget_header" value="$LOCALIZE[31018]"/>
            <param name="widget_target" value="files"/>
            <param name="onup_id" value="$PARAM[control_id]900"/>
            <param name="list_id" value="$PARAM[control_id]104"/>				
            <param name="height" value="550"/>
        </include>
        <include condition="Skin.HasSetting(enable_custom_list_channels) + Skin.HasSetting(enable_custom_list_channels_radio)" name="Widget-CustomChannels">
            <param name="widget_header" value="$LOCALIZE[43242]"/>
            <param name="widget_target" value="Radio"/>
            <param name="onup_id" value="$PARAM[control_id]900"/>
            <param name="list_id" value="$PARAM[control_id]104"/>
            <param name="height" value="550"/>
        </include>
    </include>
    <!-- AddonsWidget 110 -->
    <include name="include-AddonsWidget">
        <!-- Video Addons -->
        <include condition="![Skin.HasSetting(enable_custom_list_addons)+Skin.HasSetting(enable_custom_list_addons_video)]" name="Widget-Addons">
            <param name="content_path" value="addons://sources/video/"/>
            <param name="widget_header" value="$LOCALIZE[1037]"/>
            <param name="widget_target" value="videos"/>
            <param name="sortby" value="lastused"/>
            <param name="sortorder" value="descending"/>
            <param name="onup_id" value="$PARAM[control_id]900"/>
            <param name="list_id" value="$PARAM[control_id]110"/>				
            <param name="ondown_id" value="$PARAM[control_id]111"/>
        </include>
        <include condition="Skin.HasSetting(enable_custom_list_addons)+Skin.HasSetting(enable_custom_list_addons_video)" name="Widget-CustomAddons">
            <param name="widget_header" value="$LOCALIZE[1037]"/>
            <param name="widget_target" value="Video"/>
            <param name="onup_id" value="$PARAM[control_id]900"/>
            <param name="list_id" value="$PARAM[control_id]110"/>				
            <param name="ondown_id" value="$PARAM[control_id]111"/>
        </include>
        <!-- Audio Addons -->
        <include condition="![Skin.HasSetting(enable_custom_list_addons)+Skin.HasSetting(enable_custom_list_addons_audio)]" name="Widget-Addons">
            <param name="content_path" value="addons://sources/audio"/>
            <param name="widget_header" value="$LOCALIZE[1038]"/>
            <param name="widget_target" value="music"/>
            <param name="sortby" value="lastused"/>
            <param name="sortorder" value="descending"/>
            <param name="onup_id" value="$PARAM[control_id]110"/>
            <param name="list_id" value="$PARAM[control_id]111"/>				
            <param name="ondown_id" value="$PARAM[control_id]112"/>         
        </include>
        <include condition="Skin.HasSetting(enable_custom_list_addons)+Skin.HasSetting(enable_custom_list_addons_audio)" name="Widget-CustomAddons">
            <param name="widget_header" value="$LOCALIZE[1038]"/>
            <param name="widget_target" value="Audio"/>
            <param name="onup_id" value="$PARAM[control_id]110"/>
            <param name="list_id" value="$PARAM[control_id]111"/>				
            <param name="ondown_id" value="$PARAM[control_id]112"/>
        </include>
        <!-- Programs Addons -->
        <include condition="![Skin.HasSetting(enable_custom_list_addons)+Skin.HasSetting(enable_custom_list_addons_programs)]" name="Widget-Addons">
            <param name="content_path" value="addons://sources/executable"/>
            <param name="widget_header" value="$LOCALIZE[1043]"/>
            <param name="widget_target" value="programs"/>
            <param name="sortby" value="lastused"/>
            <param name="sortorder" value="descending"/>
            <param name="onup_id" value="$PARAM[control_id]111"/>
            <param name="list_id" value="$PARAM[control_id]112"/>				
            <param name="ondown_id" value="$PARAM[control_id]113"/>
        </include>
        <include condition="Skin.HasSetting(enable_custom_list_addons)+Skin.HasSetting(enable_custom_list_addons_programs)" name="Widget-CustomAddons">
            <param name="widget_header" value="$LOCALIZE[1043]"/>
            <param name="widget_target" value="Programs"/>
            <param name="onup_id" value="$PARAM[control_id]111"/>
            <param name="list_id" value="$PARAM[control_id]112"/>				
            <param name="ondown_id" value="$PARAM[control_id]113"/>
        </include>
        <!-- Images Addons -->
        <include condition="![Skin.HasSetting(enable_custom_list_addons)+Skin.HasSetting(enable_custom_list_addons_image)]" name="Widget-Addons">
            <param name="content_path" value="addons://sources/image"/>
            <param name="widget_header" value="$LOCALIZE[1039]"/>
            <param name="widget_target" value="pictures"/>
            <param name="sortby" value="lastused"/>
            <param name="sortorder" value="descending"/>
            <param name="onup_id" value="$PARAM[control_id]112"/>
            <param name="list_id" value="$PARAM[control_id]113"/>				
            <param name="ondown_id" value="$PARAM[control_id]114"/>
        </include>
        <include condition="Skin.HasSetting(enable_custom_list_addons)+Skin.HasSetting(enable_custom_list_addons_image)" name="Widget-CustomAddons">
            <param name="widget_header" value="$LOCALIZE[1039]"/>
            <param name="widget_target" value="Image"/>
            <param name="onup_id" value="$PARAM[control_id]112"/>
            <param name="list_id" value="$PARAM[control_id]113"/>				
            <param name="ondown_id" value="$PARAM[control_id]114"/>
        </include>
        <!-- Android Apps -->
        <include name="Widget-Addons">
            <param name="content_path" value="$VAR[AndroidAppPathVar]"/>
            <param name="widget_header" value="$LOCALIZE[20244]"/>
            <param name="widget_target" value="programs"/>
            <param name="sortby" value="lastused"/>
            <param name="sortorder" value="descending"/>
            <param name="onup_id" value="$PARAM[control_id]113"/>
            <param name="list_id" value="$PARAM[control_id]114"/>				
            <param name="ondown_id" value="$PARAM[control_id]115"/>
            <param name="visible" value="System.Platform.Android + ![Skin.HasSetting(enable_custom_list_addons)+Skin.HasSetting(enable_custom_list_addons_apps)]"/>
        </include>			
        <!-- No Addons -->                        
        <include name="Widget-Image">
            <param name="image_path" value="special://skin/extras/home-images/add-ons.jpg"/>
            <param name="text_label" value="$LOCALIZE[31119]" />
            <param name="button_label" value="$LOCALIZE[31118]" />
            <param name="button_onclick2" value="SetProperty(FanartHomeType,addons,home)" />
            <param name="button_onclick" value="ActivateWindow(addonbrowser)"/>
            <param name="onup_id" value="$PARAM[control_id]114"/>
            <param name="button_id" value="$PARAM[control_id]115"/>				
            <param name="visible" value="!IntegerGreaterThan(Container($PARAM[control_id]110).NumItems,0) + !IntegerGreaterThan(Container($PARAM[control_id]111).NumItems,0) + !IntegerGreaterThan(Container($PARAM[control_id]112).NumItems,0) + !IntegerGreaterThan(Container($PARAM[control_id]113).NumItems,0) + !IntegerGreaterThan(Container($PARAM[control_id]114).NumItems,0) + !Skin.HasSetting(enable_custom_list_addons)"/>
            <param name="button2_onclick" value="False"/>
            <param name="visible_2" value="False"/>
        </include>
    </include>			
    <!-- SystemInfoWidget 116 -->
    <include name="include-SystemInfoWidget">
        <include name="Widget-SystemInfo">
            <param name="button_id" value="$PARAM[control_id]116"/>
            <param name="onup_id" value="$PARAM[control_id]900"/>
        </include>
    </include>
    <!-- Media Widget 200 -->
    <include name="include-MediaWidget">
        <!-- Widget 1 -->
        <include name="Widget-$PARAM[widget1_type]">
            <param name="widget_num" value="1"/>
            <param name="widget_header" value="$PARAM[widget1_name]"/>
            <param name="widget_target" value="$PARAM[widget1_target]"/>
            <param name="content_path" value="$PARAM[widget1_path]"/>            
            <param name="onup_id" value="$PARAM[control_id]900"/>
            <param name="list_id" value="$PARAM[control_id]200"/>				
            <param name="ondown_id" value="$PARAM[control_id]201"/>		
        </include>
        <!-- Widget 2 -->
        <include name="Widget-$PARAM[widget2_type]">
            <param name="widget_num" value="2"/>
            <param name="widget_header" value="$PARAM[widget2_name]"/>
            <param name="widget_target" value="$PARAM[widget2_target]"/>
            <param name="content_path" value="$PARAM[widget2_path]"/>
            <param name="onup_id" value="$PARAM[control_id]200"/>
            <param name="list_id" value="$PARAM[control_id]201"/>				
            <param name="ondown_id" value="$PARAM[control_id]202"/>
        </include>
        <!-- Widget 3 -->
        <include name="Widget-$PARAM[widget3_type]">
            <param name="widget_num" value="3"/>
            <param name="widget_header" value="$PARAM[widget3_name]"/>
            <param name="widget_target" value="$PARAM[widget3_target]"/>
            <param name="content_path" value="$PARAM[widget3_path]"/>
            <param name="onup_id" value="$PARAM[control_id]201"/>
            <param name="list_id" value="$PARAM[control_id]202"/>				
            <param name="ondown_id" value="$PARAM[control_id]203"/>
        </include>
        <!-- Widget 4 -->
        <include name="Widget-$PARAM[widget4_type]">
            <param name="widget_num" value="4"/>
            <param name="widget_header" value="$PARAM[widget4_name]"/>
            <param name="widget_target" value="$PARAM[widget4_target]"/>
            <param name="content_path" value="$PARAM[widget4_path]"/>
            <param name="onup_id" value="$PARAM[control_id]202"/>
            <param name="list_id" value="$PARAM[control_id]203"/>				
            <param name="ondown_id" value="$PARAM[control_id]204"/>
        </include>
        <!-- Widget 5 -->
        <include name="Widget-$PARAM[widget5_type]">
            <param name="widget_num" value="5"/>
            <param name="widget_header" value="$PARAM[widget5_name]"/>
            <param name="widget_target" value="$PARAM[widget5_target]"/>
            <param name="content_path" value="$PARAM[widget5_path]"/>
            <param name="onup_id" value="$PARAM[control_id]203"/>
            <param name="list_id" value="$PARAM[control_id]204"/>				
            <param name="ondown_id" value="$PARAM[control_id]205"/>
        </include>			
        <!-- Widget 6 -->
        <include name="Widget-$PARAM[widget6_type]">
            <param name="widget_num" value="6"/>
            <param name="widget_header" value="$PARAM[widget6_name]"/>
            <param name="widget_target" value="$PARAM[widget6_target]"/>
            <param name="content_path" value="$PARAM[widget6_path]"/>
            <param name="onup_id" value="$PARAM[control_id]204"/>
            <param name="list_id" value="$PARAM[control_id]205"/>
        </include>    
     </include>
    <!-- None Widget 300 -->
    <include name="include-None">
        <control type="group" id="$PARAM[control_id]300">
            <onup>$PARAM[control_id]900</onup>
			<ondown>200001</ondown>
        </control>
    </include>     
</includes>