<?xml version="1.0" encoding="UTF-8"?>
<includes>
	<variable name="HomeFanartMediaVar">
		<value condition="Window.IsActive(musicinformation) | Window.IsActive(movieinformation) | Window.IsActive(addoninformation) | Window.IsActive(pvrguideinfo) | Window.IsActive(pvrrecordinginfo) | Window.IsActive(pictureinfo) | Window.IsVisible(script-script.extendedinfo-DialogVideoInfo.xml) | Window.IsVisible(script-script.extendedinfo-DialogInfo.xml) | Window.IsVisible(script-script.extendedinfo-VideoList.xml)">$INFO[Window(Home).Property(infobackground)]</value>
		<value condition="!String.IsEmpty(Container.ListItem.Property(FanartCode))">$VAR[WeatherFanartValueVar]</value>
		<value condition="!String.IsEmpty(Container.ListItem.Art(fanart))">$INFO[Container.ListItem.Art(fanart)]</value>
		<value condition="!String.IsEmpty(Container.ListItem.Property(AddonFanart))">$INFO[Container.ListItem.Property(AddonFanart)]</value>
		<value></value>
	</variable>
	<variable name="HomeMenuTypeVar">
		<value>$INFO[Container(9000).ListItem.Property(defaultID)]</value>
	</variable>
	<variable name="HomeMenuBackgroundVar">
		<value condition="!String.IsEmpty(Container(9000).ListItem.Property(background))">$INFO[Container(9000).ListItem.Property(background)]</value>
		<value></value>
	</variable>
	<variable name="MainBackgroundVar">
		<value condition="Window.IsActive(script-globalsearch.xml)">$VAR[BackgroundSearchVar]</value>
		<value condition="Window.IsVisible(Home) + Control.HasFocus(801)">$VAR[BackgroundPowerVar]</value>
		<value condition="Window.IsVisible(Home) + Control.HasFocus(802)">$VAR[BackgroundSettingsVar]</value>
		<value condition="Window.IsVisible(Home) + Control.HasFocus(803)">$VAR[BackgroundSearchVar]</value>
		<value condition="Window.IsVisible(Home) + !String.IsEmpty(Container(9000).ListItem.Property(background))">$INFO[Container(9000).ListItem.Property(background)]</value>
		<value condition="!Window.IsVisible(Home) + !String.IsEmpty(Window(Home).Property(homebackground))">$INFO[Window(Home).Property(homebackground)]</value>
		<value></value>
	</variable>
	<variable name="FanartBackgroundVar">
		<value condition="Window.IsActive(script-globalsearch.xml)">$INFO[Skin.String(HomeFanart.path)]search$INFO[Skin.String(HomeFanart.ext)]</value>
		<value condition="Window.IsVisible(Home) + Control.HasFocus(801)">$INFO[Skin.String(HomeFanart.path)]power$INFO[Skin.String(HomeFanart.ext)]</value>
		<value condition="Window.IsVisible(Home) + Control.HasFocus(802)">$INFO[Skin.String(HomeFanart.path)]settings$INFO[Skin.String(HomeFanart.ext)]</value>
		<value condition="Window.IsVisible(Home) + Control.HasFocus(803)">$INFO[Skin.String(HomeFanart.path)]search$INFO[Skin.String(HomeFanart.ext)]</value>
		<value condition="Window.IsVisible(Home)">$INFO[Skin.String(HomeFanart.path)]$VAR[HomeMenuTypeVar]$INFO[Skin.String(HomeFanart.ext)]</value>
		<value condition="!Window.IsVisible(Home) + !String.IsEmpty(Window(Home).Property(fanarthometype))">$INFO[Skin.String(HomeFanart.path)]$INFO[Window(Home).Property(fanarthometype)]$INFO[Skin.String(HomeFanart.ext)]</value>
		<value></value>
	</variable>
	<variable name="WeatherFanartValueVar">
		<value condition="!Skin.HasSetting(WeatherFanart.multi)">$INFO[Skin.String(WeatherFanart.path)]$INFO[Container.ListItem.Property(FanartCode)]$INFO[Skin.String(WeatherFanart.ext)]</value>
		<value condition="Skin.HasSetting(WeatherFanart.multi)">$INFO[Skin.String(WeatherFanart.path)]$INFO[Container.ListItem.Property(FanartCode)]</value>
		<value></value>
	</variable>
	<variable name="WeatherFanartVar">
		<value condition="!String.IsEmpty(Container.ListItem.Property(FanartCode))">$VAR[WeatherFanartValueVar]</value>
		<value>$VAR[BackgroundWeatherVar]</value>
	</variable>
	<variable name="SearchFanartVar">
		<value condition="!String.IsEmpty(Container.ListItem.Art(fanart))">$INFO[Container.ListItem.Art(fanart)]</value>
		<value></value>
	</variable>
	<variable name="AddonsFanartVar">
		<value condition="Window.IsActive(musicinformation) | Window.IsActive(movieinformation) | Window.IsActive(addoninformation) | Window.IsActive(pvrguideinfo) | Window.IsActive(pvrrecordinginfo) | Window.IsActive(pictureinfo) | Window.IsVisible(script-script.extendedinfo-DialogVideoInfo.xml) | Window.IsVisible(script-script.extendedinfo-DialogInfo.xml) | Window.IsVisible(script-script.extendedinfo-VideoList.xml)">$INFO[Window(Home).Property(infobackground)]</value>
		<value condition="!String.IsEmpty(Container(50050).ListItem.Art(fanart)) + Control.HasFocus(50050)">$INFO[Container(50050).ListItem.Art(fanart)]</value>
		<value condition="!String.IsEmpty(Container(50150).ListItem.Art(fanart)) + Control.HasFocus(50150)">$INFO[Container(50150).ListItem.Art(fanart)]</value>
		<value condition="!String.IsEmpty(Container(50250).ListItem.Art(fanart)) + Control.HasFocus(50250)">$INFO[Container(50250).ListItem.Art(fanart)]</value>
		<value condition="!String.IsEmpty(Container(50350).ListItem.Art(fanart)) + Control.HasFocus(50350)">$INFO[Container(50350).ListItem.Art(fanart)]</value>
		<value></value>
	</variable>
	<variable name="MediaFanartVar">
		<value condition="Window.IsActive(musicinformation) | Window.IsActive(movieinformation) | Window.IsActive(addoninformation) | Window.IsActive(pvrguideinfo) | Window.IsActive(pvrrecordinginfo) | Window.IsActive(pictureinfo) | Window.IsVisible(script-script.extendedinfo-DialogVideoInfo.xml) | Window.IsVisible(script-script.extendedinfo-DialogInfo.xml) | Window.IsVisible(script-script.extendedinfo-VideoList.xml)">$INFO[Window(Home).Property(infobackground)]</value>
		<value condition="Window.IsActive(videos) + Container.Content(genres) + !String.IsEmpty(Skin.String(MovieGenreFanart.path))">$INFO[Skin.String(MovieGenreFanart.path)]$INFO[ListItem.Label]$INFO[Skin.String(MovieGenreFanart.ext)]</value>
		<value condition="Window.IsActive(pictures) + String.IsEmpty(ListItem.Art(fanart)) + !ListItem.IsFolder">$INFO[ListItem.FolderPath]</value>
		<value condition="!String.IsEmpty(ListItem.Art(fanart)) + [!String.IsEmpty(ListItem.Art(animatedfanart)) + Skin.HasSetting(animated_fanarts)]">$INFO[ListItem.Art(animatedfanart)]</value>
		<value condition="!String.IsEmpty(ListItem.Art(fanart))">$INFO[ListItem.Art(fanart)]</value>
		<value condition="!String.IsEmpty(Container.Art(tvshow.fanart))">$INFO[Container.Art(tvshow.fanart)]</value>
		<value condition="!String.IsEmpty(Container.Art(artist.fanart))">$INFO[Container.Art(artist.fanart)]</value>
		<value></value>
	</variable>
	<variable name="PVRStatusImageVar">
		<value condition="ListItem.IsRecording">windows/pvr/record.png</value>
		<value condition="ListItem.HasTimer | ListItem.HasTimerSchedule">windows/pvr/timer.png</value>
	</variable>
	<variable name="AutoCompletionContentVar">
		<value condition="System.HasAddon(plugin.program.autocompletion) + !System.HasHiddenInput">plugin://plugin.program.autocompletion?info=autocomplete&amp;&amp;id=$INFO[Control.GetLabel(312).index(1)]&amp;&amp;limit=9</value>
	</variable>
	<variable name="PlaylistLabelVar">
		<value condition="String.IsEqual(ListItem.DbType,episode)">$INFO[ListItem.TVShowtitle,,: ]$INFO[ListItem.Season,,x]$INFO[ListItem.Episode,,. ]$INFO[ListItem.Title]</value>
		<value condition="String.IsEqual(ListItem.DbType,musicvideo)">$INFO[ListItem.Artist,, - ]$INFO[ListItem.Title]</value>
		<value>$INFO[ListItem.Label]</value>
	</variable>
	<variable name="PlaylistLabel2Var">
		<value condition="Window.IsActive(musicplaylist)">$INFO[ListItem.Duration]</value>
		<value>$INFO[ListItem.Duration,, $LOCALIZE[12391]]</value>
	</variable>
	<variable name="InfoListPathVar">
		<value condition="String.IsEmpty(Container.PluginName)">$INFO[ListItem.FolderPath]</value>
		<value></value>
	</variable>
	<variable name="AddonCountLabelVar">
		<value condition="Integer.IsGreater(Container(8000).NumItems,10)">&gt;9</value>
		<value condition="Integer.IsGreater(Container(8000).NumItems,9)">9</value>
		<value condition="Integer.IsGreater(Container(8000).NumItems,8)">8</value>
		<value condition="Integer.IsGreater(Container(8000).NumItems,7)">7</value>
		<value condition="Integer.IsGreater(Container(8000).NumItems,6)">6</value>
		<value condition="Integer.IsGreater(Container(8000).NumItems,5)">5</value>
		<value condition="Integer.IsGreater(Container(8000).NumItems,4)">4</value>
		<value condition="Integer.IsGreater(Container(8000).NumItems,3)">3</value>
		<value condition="Integer.IsGreater(Container(8000).NumItems,2)">2</value>
		<value condition="Integer.IsGreater(Container(8000).NumItems,0)">1</value>
		<value>[COLOR $VAR[GreyColorVar]]0[/COLOR]</value>
	</variable>
	<variable name="MusicInfoTextboxVar">
		<value condition="String.IsEqual(ListItem.DbType,song) + !String.IsEmpty(ListItem.Comment)">[COLOR $VAR[MainColorVar]][B]$LOCALIZE[569][/B][/COLOR][CR]$INFO[ListItem.Comment]</value>
		<value condition="String.IsEqual(ListItem.DbType,album) + !String.IsEmpty(ListItem.Property(Album_Description))">$INFO[ListItem.Property(Album_Description)]</value>
		<value condition="String.IsEqual(ListItem.DbType,artist)">$VAR[MusicInfoTextArtistVar]</value>
	</variable>
	<variable name="NowPlayingSublabelVar">
		<value condition="VideoPlayer.Content(episodes)">$INFO[VideoPlayer.TvShowTitle]</value>
		<value condition="VideoPlayer.Content(movies)">$INFO[VideoPlayer.Year]$INFO[VideoPlayer.Genre, - ]</value>
		<value condition="VideoPlayer.Content(livetv)">$INFO[VideoPlayer.ChannelName]</value>
		<value condition="Player.HasAudio">$INFO[MusicPlayer.Artist]</value>
	</variable>
	<variable name="NowPlayingIconVar">
		<value condition="Player.Paused">icons/now-playing/pause.png</value>
		<value>icons/now-playing/play.png</value>
	</variable>
	<variable name="NowPlayingPosterVar">
		<value condition="!String.IsEmpty(Player.Art(poster))">$INFO[Player.Art(poster)]</value>
		<value condition="!String.IsEmpty(Player.Art(tvshow.poster))">$INFO[Player.Art(tvshow.poster)]</value>
		<value condition="String.IsEmpty(Player.Icon) + VideoPlayer.Content(livetv)">DefaultTVShows.png</value>
		<value>$INFO[Player.Icon]</value>
	</variable>
	<variable name="InfoWallThumbVar">
		<value condition="ListItem.IsParentFolder">DefaultFolderBack.png</value>
		<value condition="String.IsEqual(ListItem.Label,$LOCALIZE[15102])">DefaultMusicAlbums.png</value>
		<value condition="!String.IsEmpty(ListItem.Art(poster)) + [!String.IsEmpty(ListItem.Art(animatedposter)) + Skin.HasSetting(animated_posters)]">$INFO[ListItem.Art(animatedposter)]</value>
		<value condition="!String.IsEmpty(Listitem.Art(poster))">$INFO[Listitem.Art(poster)]</value>
		<value condition="!String.IsEmpty(ListItem.Icon) + String.IsEqual(ListItem.Icon, DefaultMusicSongs.png) + Container.Content(albums)">DefaultMusicAlbums.png</value>
		<value condition="String.IsEmpty(ListItem.Icon) + Container.Content(artists)">DefaultMusicArtists.png</value>
		<value condition="String.IsEmpty(ListItem.Icon) + Container.Content(albums)">DefaultMusicAlbums.png</value>
		<value>$INFO[ListItem.Icon]</value>
	</variable>
	<variable name="IconWallPosterVar">
		<value condition="!String.IsEmpty(ListItem.Art(animatedposter)) + Skin.HasSetting(animated_posters)">$INFO[ListItem.Art(animatedposter)]</value>
		<value condition="!String.IsEmpty(ListItem.Art(poster)) + [Container.Content(episodes) | Container.Content(seasons)]">$INFO[ListItem.Art(poster)]</value>
		<value condition="!String.IsEmpty(ListItem.Art(tvshow.poster)) + [Container.Content(episodes) | Container.Content(seasons)]">$INFO[ListItem.Art(tvshow.poster)]</value>
		<value>$INFO[Listitem.Art(poster)]</value>
	</variable>
	<variable name="IconStudiosVar">
		<value condition="String.IsEqual(Skin.String(StudiosImages.path),resource://resource.images.studios.white/)">$INFO[ListItem.Label,resource://resource.images.studios.white/,.png]</value>
		<value condition="String.IsEqual(Skin.String(StudiosImages.path),resource://resource.images.studios.coloured/)">$INFO[ListItem.Label,resource://resource.images.studios.coloured/,.png]</value>
		<value condition="String.IsEqual(Skin.String(StudiosImages.path),resource://resource.images.studios.users/)">$INFO[ListItem.Label,resource://resource.images.studios.users/,.png]</value>
	</variable>
	<variable name="IconCountriesVar">
		<value condition="String.IsEqual(Skin.String(LanguageFlags.path),resource://resource.images.languageflags.colour/)">$INFO[ListItem.Label,resource://resource.images.languageflags.colour/,.png]</value>
		<value condition="String.IsEqual(Skin.String(LanguageFlags.path),resource://resource.images.languageflags.users/)">$INFO[ListItem.Label,resource://resource.images.languageflags.users/,.png]</value>
	</variable>
	<variable name="IconGenreVar">
		<value condition="String.IsEqual(Skin.String(MovieGenreIcons.path),resource://resource.images.moviegenreicons.arctic.zephyr/)">$INFO[ListItem.Label,resource://resource.images.moviegenreicons.arctic.zephyr/,.png]</value>
		<value condition="String.IsEqual(Skin.String(MovieGenreIcons.path),resource://resource.images.moviegenreicons.coloured/)">$INFO[ListItem.Label,resource://resource.images.moviegenreicons.coloured/,.jpg]</value>
		<value condition="String.IsEqual(Skin.String(MovieGenreIcons.path),resource://resource.images.moviegenreicons.filmstrip/)">$INFO[ListItem.Label,resource://resource.images.moviegenreicons.filmstrip/,.jpg]</value>
		<value condition="String.IsEqual(Skin.String(MovieGenreIcons.path),resource://resource.images.moviegenreicons.grey/)">$INFO[ListItem.Label,resource://resource.images.moviegenreicons.grey/,.jpg]</value>
		<value condition="String.IsEqual(Skin.String(MovieGenreIcons.path),resource://resource.images.moviegenreicons.poster/)">$INFO[ListItem.Label,resource://resource.images.moviegenreicons.poster/,.jpg]</value>
		<value condition="String.IsEqual(Skin.String(MovieGenreIcons.path),resource://resource.images.moviegenreicons.white/)">$INFO[ListItem.Label,resource://resource.images.moviegenreicons.white/,.jpg]</value>
		<value condition="String.IsEqual(Skin.String(MovieGenreIcons.path),resource://resource.images.moviegenreicons.transparent/)">$INFO[ListItem.Label,resource://resource.images.moviegenreicons.transparent/,.png]</value>
		<value condition="String.IsEqual(Skin.String(MovieGenreIcons.path),resource://resource.images.moviegenreicons.xzener-flat/)">$INFO[ListItem.Label,resource://resource.images.moviegenreicons.xzener-flat/,.png]</value>
		<value condition="String.IsEqual(Skin.String(MovieGenreIcons.path),resource://resource.images.moviegenreicons.xzener-reflection/)">$INFO[ListItem.Label,resource://resource.images.moviegenreicons.xzener-reflection/,.png]</value>
		<value condition="String.IsEqual(Skin.String(MovieGenreIcons.path),resource://resource.images.moviegenreicons.users/)">$INFO[ListItem.Label,resource://resource.images.moviegenreicons.users/,.png]</value>
	</variable>
	<variable name="IconMusicGenreVar">
		<value condition="String.IsEqual(Skin.String(MusicGenreIcons.path),resource://resource.images.musicgenreicons.grey/)">$INFO[ListItem.Label,resource://resource.images.musicgenreicons.grey/,.jpg]</value>
		<value condition="String.IsEqual(Skin.String(MusicGenreIcons.path),resource://resource.images.musicgenreicons.poster/)">$INFO[ListItem.Label,resource://resource.images.musicgenreicons.poster/,.jpg]</value>
		<value condition="String.IsEqual(Skin.String(MusicGenreIcons.path),resource://resource.images.musicgenreicons.text/)">$INFO[ListItem.Label,resource://resource.images.musicgenreicons.text/,.jpg]</value>
		<value condition="String.IsEqual(Skin.String(MusicGenreIcons.path),resource://resource.images.musicgenreicons.users/)">$INFO[ListItem.Label,resource://resource.images.musicgenreicons.users/,.png]</value>
	</variable>
	<variable name="DefaultFallBackVar">
		<value condition="Container.Content(images)">DefaultPicture.png</value>
		<value condition="Container.Content(movies) | Container.Content(sets)">DefaultMovies.png</value>
		<value condition="Container.Content(tvshows) | Container.Content(seasons) | Container.Content(episodes)">DefaultTVShows.png</value>
		<value condition="Container.Content(musicvideos)">DefaultMusicVideos.png</value>
		<value condition="Container.Content(videos)">DefaultVideo.png</value>
		<value condition="Container.Content(artists)">DefaultMusicArtists.png</value>
		<value condition="Container.Content(albums)">DefaultMusicAlbums.png</value>
		<value condition="Container.Content(songs)">DefaultMusicSongs.png</value>
		<value condition="Container.Content(actors)">DefaultActor.png</value>
		<value condition="Container.Content(directors)">DefaultDirector.png</value>
		<value condition="Container.Content(livetv)">DefaultAddonPVRClient.png</value>
		<value condition="Container.Content(addons)">DefaultAddon.png</value>
		<value>DefaultFolder.png</value>
	</variable>
	<variable name="ListLabel2Var">
		<value condition="String.IsEmpty(Container.PluginName) + Container.Content(tvshows) + String.IsEqual(Container.SortMethod,$LOCALIZE[556]) + !String.IsEmpty(ListItem.Property(TotalEpisodes))">[COLOR $VAR[WhiteColorVar]]$INFO[ListItem.Property(WatchedEpisodes)][/COLOR] / [COLOR $VAR[WhiteColorVar]]$INFO[ListItem.Property(TotalEpisodes)][/COLOR]</value>
		<value condition="String.IsEqual(Container.SortMethod,$LOCALIZE[556])">$INFO[ListItem.Year]</value>
		<value condition="!String.IsEmpty(ListItem.Appearances)">$LOCALIZE[38026]: [COLOR $VAR[WhiteColorVar]]$INFO[ListItem.Appearances][/COLOR]</value>
		<value>$INFO[ListItem.Label2]</value>
	</variable>
	<variable name="ShiftLeftTextBoxVar">
		<value condition="Window.IsActive(pictures)">$VAR[ListItemDescriptionLabelVar]$VAR[ListItemPictureDateTimeLabelVar]$VAR[ListItemPictureResolutionLabelVar]$VAR[ListItemPictureCamMakeLabelVar]$VAR[ListItemPictureCamModelLabelVar]</value>
		<value condition="String.IsEqual(listItem.DBType,artist)"></value>
		<value condition="String.IsEqual(listItem.DBType,album)">$VAR[ListItemYearLabel4Var]$VAR[ListItemGenreLabelVar]$VAR[ListItemAlbumLabelLabelVar]$VAR[ListItemAlbumStyleLabelVar]</value>
		<value condition="String.IsEqual(ListItem.DBType,season) | String.IsEqual(Listitem.DBType,tvshow)">$VAR[ListItemGenreLabelVar]$VAR[ListItemPremieredLabelVar]$VAR[ListItemNumEpisodesLabelVar]$VAR[ListItemStatusLabelVar]</value>
		<value>$VAR[ListItemGenreLabelVar]$VAR[ListItemDirectorLabelVar]$VAR[ListItemWriterLabelVar]$VAR[ListItemDurationLabelVar]$VAR[ListItemPremieredLabelVar]</value>
	</variable>
	<variable name="ShiftRightTextBoxVar">
		<value condition="Window.IsActive(pictures)">$VAR[ListItemSizeLabelVar]$VAR[ListItemPictureApertureLabelVar]$VAR[ListItemPictureFocalLenLabelVar]$VAR[ListItemPictureExpTimeLabelVar]$VAR[ListItemDateLabelVar]</value>
		<value condition="String.IsEqual(ListItem.DBType,artist)">$VAR[MusicInfoTextArtistVar]</value>
		<value condition="String.IsEqual(ListItem.DBType,album)">$INFO[ListItem.Property(Album_Description)]</value>
		<value condition="!ListItem.IsParentFolder">$VAR[PlotAndTagVar]</value>
	</variable>
	<variable name="PlotAndTagVar">
		<value condition="!String.IsEmpty(ListItem.Plot)">[COLOR $VAR[MainColorVar]]$INFO[ListItem.Tagline,[I],[/I][CR]][/COLOR]$INFO[ListItem.Plot]</value>
	</variable>
	<variable name="MusicInfoTextArtistVar">
		<value condition="!String.IsEmpty(ListItem.Property(Artist_Description))">$INFO[ListItem.Property(Artist_Description)]</value>
	</variable>
	<variable name="FileBrowserSelectLabelVar">
		<value condition="Control.IsVisible(450)">[COLOR $VAR[MainColorVar]]$INFO[Container(450).NumItems][/COLOR] $LOCALIZE[31036] - [COLOR $VAR[MainColorVar]]$INFO[Container(450).CurrentPage]/$INFO[Container(450).NumPages][/COLOR]</value>
		<value>[COLOR $VAR[MainColorVar]]$INFO[Container(451).NumItems][/COLOR] $LOCALIZE[31036] - [COLOR $VAR[MainColorVar]]$INFO[Container(451).CurrentPage]/$INFO[Container(451).NumPages][/COLOR]</value>
	</variable>
	<variable name="BannerArtVar">
		<value condition="ListItem.IsParentFolder">DefaultBackBanner.png</value>
		<value condition="!String.IsEmpty(ListItem.Art(banner))">$INFO[ListItem.Art(banner)]</value>
		<value condition="!String.IsEmpty(ListItem.Art(fanart))">$INFO[ListItem.Art(fanart)]</value>
		<value>dialogs/dialog-bg-nobo.png</value>
	</variable>
	<variable name="FanartImageVar">
		<value condition="ListItem.IsParentFolder">special://skin/extras/backgrounds/movie.jpg</value>
		<value condition="!String.IsEmpty(ListItem.Art(fanart)) + [!String.IsEmpty(ListItem.Art(animatedfanart)) + Skin.HasSetting(animated_fanarts)]">$INFO[ListItem.Art(animatedfanart)]</value>
		<value>$INFO[ListItem.Art(fanart)]</value>
	</variable>
	<variable name="ListBoxInfoVar">
		<value condition="String.IsEqual(Container.FolderPath,addons://outdated/) + !String.IsEmpty(ListItem.Addonnews)">$INFO[ListItem.Addonnews]</value>
		<value condition="Container.Content(addons)">$INFO[ListItem.AddonDescription]</value>
		<value condition="String.IsEqual(ListItem.DBType,album)">$INFO[ListItem.Property(Album_Description)]</value>
		<value condition="String.IsEqual(ListItem.DBType,musicvideo) | String.IsEqual(ListItem.DBType,video)">$VAR[ListItemGenreLabelVar]$INFO[ListItem.Plot]</value>
		<value condition="String.IsEqual(ListItem.DBType,artist)">$VAR[MusicInfoTextArtistVar]</value>
		<value condition="!String.IsEmpty(ListItem.Plot)">$VAR[PlotAndTagVar]</value>
		<value condition="String.IsEqual(ListItem.DBType,song)">$VAR[MusicTrackInfoVar]$VAR[ListItemArtistLabelVar]$VAR[ListItemAlbumLabelVar]$VAR[ListItemDiscNumberLabelVar]$VAR[ListItemYearLabel4Var]$VAR[ListItemGenreLabelVar]$VAR[ListItemDurationLabelVar]$VAR[ListItemPlaycountLabelVar]</value>
	</variable>
	<variable name="MusicTrackInfoVar">
		<value condition="String.IsEmpty(ListItem.Title)">$VAR[ListItemTrackNumberLabel2Var,,[CR]]</value>
		<value>$VAR[ListItemTrackNumberLabel2Var]$INFO[ListItem.Title,,[CR]]</value>
	</variable>
	<variable name="AddonsLabel2Var">
		<value condition="ListItem.Property(addon.downloading)">$INFO[ListItem.Property(addon.status)]</value>
		<value condition="!String.IsEqual(Container.SortMethod,$LOCALIZE[551])">$INFO[ListItem.Label2]</value>
		<value>$INFO[ListItem.AddonCreator,, - ]$INFO[ListItem.AddonVersion]</value>
	</variable>
	<variable name="AddonsListIconVar">
		<value condition="ListItem.IsParentFolder">DefaultFolderBack.png</value>
		<value condition="!String.IsEmpty(ListItem.AddonBroken)">icons/addonstatus/disable.png</value>
		<value condition="ListItem.Property(Addon.Orphaned)">icons/addonstatus/orphan.png</value>
		<value condition="ListItem.Property(Addon.Downloading)">icons/addonstatus/install.png</value>
		<value condition="ListItem.Property(Addon.Isinstalled) + !ListItem.Property(addon.isenabled) + Window.IsActive(addonbrowser)">icons/addonstatus/disable.png</value>
		<value condition="ListItem.Property(Addon.Hasupdate)">icons/addonstatus/update.png</value>
		<value condition="ListItem.Property(Addon.Isinstalled)">OverlayWatched.png</value>
		<value condition="!ListItem.IsParentFolder">OverlayUnwatched.png</value>
	</variable>
	<variable name="ResolutionFlagVar">
		<value condition="ListItem.IsStereoscopic">flags/videoresolution/3D.png</value>
		<value>$INFO[ListItem.VideoResolution,flags/videoresolution/,.png]</value>
	</variable>
	<variable name="ContainerResolutionFlagVar">
		<value condition="Container.ListItem.IsStereoscopic">flags/videoresolution/3D.png</value>
		<value>$INFO[Container.ListItem.VideoResolution,flags/videoresolution/,.png]</value>
	</variable>
	<variable name="BannerVar">
		<value condition="!String.IsEmpty(ListItem.Art(banner))">$INFO[ListItem.Art(banner)]</value>
		<value>$INFO[ListItem.Art(tvshow.banner)]</value>
	</variable>
	<variable name="PosterVar">
		<value condition="ListItem.IsParentFolder">DefaultFolderBack.png</value>
		<value condition="!String.IsEmpty(Container(56).ListItem.Art(poster)) + [!String.IsEmpty(Container(56).ListItem.Art(animatedposter)) + Skin.HasSetting(animated_posters)]">$INFO[Container(56).ListItem.Art(animatedposter)]</value>
		<value condition="!String.IsEmpty(Container(57).ListItem.Art(poster)) + [!String.IsEmpty(Container(57).ListItem.Art(animatedposter)) + Skin.HasSetting(animated_posters)]">$INFO[Container(57).ListItem.Art(animatedposter)]</value>
		<value condition="!String.IsEmpty(Container(50).ListItem.Art(poster)) + [!String.IsEmpty(Container(50).ListItem.Art(animatedposter)) + Skin.HasSetting(animated_posters)]">$INFO[Container(50).ListItem.Art(animatedposter)]</value>
		<value condition="!String.IsEmpty(Container(51).ListItem.Art(poster)) + [!String.IsEmpty(Container(51).ListItem.Art(animatedposter)) + Skin.HasSetting(animated_posters)]">$INFO[Container(51).ListItem.Art(animatedposter)]</value>
		<value condition="!String.IsEmpty(ListItem.Art(poster)) + [!String.IsEmpty(ListItem.Art(animatedposter)) + Skin.HasSetting(animated_posters)]">$INFO[ListItem.Art(animatedposter)]</value>
		<value condition="!String.IsEmpty(Container(51).ListItem.Art(season.poster)) + Container.Content(seasons)">$INFO[Container(51).ListItem.Art(season.poster)]</value>
		<value condition="!String.IsEmpty(Container(50).ListItem.Art(season.poster)) + Container.Content(seasons)">$INFO[Container(50).ListItem.Art(season.poster)]</value>
		<value condition="!String.IsEmpty(Container(53).ListItem.Art(season.poster)) + Container.Content(seasons)">$INFO[Container(53).ListItem.Art(season.poster)]</value>
		<value condition="!String.IsEmpty(Container(54).ListItem.Art(season.poster)) + Container.Content(seasons)">$INFO[Container(54).ListItem.Art(season.poster)]</value>
		<value condition="!String.IsEmpty(Container(500).ListItem.Art(season.poster)) + Container.Content(seasons)">$INFO[Container(500).ListItem.Art(season.poster)]</value>
		<value condition="!String.IsEmpty(Container(58).ListItem.Art(season.poster)) + Container.Content(seasons)">$INFO[Container(58).ListItem.Art(season.poster)]</value>
		<value condition="!String.IsEmpty(ListItem.Art(season.poster)) + Container.Content(seasons)">$INFO[ListItem.Art(season.poster)]</value>
		<value condition="String.IsEmpty(Container.ListItem.Art(thumb)) + [Container.Content(actors) | Container.Content(directors)]">DefaultActors.png</value>
		<value condition="!String.IsEmpty(ListItem.Art(poster))">$INFO[ListItem.Art(poster)]</value>
		<value condition="!String.IsEmpty(ListItem.Art(season.poster))">$INFO[ListItem.Art(season.poster)]</value>
		<value condition="!String.IsEmpty(ListItem.Art(tvshow.poster))">$INFO[ListItem.Art(tvshow.poster)]</value>
		<value condition="!String.IsEmpty(ListItem.Art(thumb))">$INFO[ListItem.Art(thumb)]</value>
		<value condition="!String.IsEmpty(Container.Art(artist.thumb))">$INFO[Container.Art(artist.thumb)]</value>
		<value condition="!String.IsEmpty(Container.Art(artist.fanart))">$INFO[Container.Art(artist.fanart)]</value>
		<value condition="!String.IsEmpty(Container.Art(season.poster)) + Container.Content(episodes)">$INFO[Container.Art(season.poster)]</value>
		<value>$INFO[ListItem.Icon]</value>
	</variable>
	<variable name="BannerLabel2Var">
		<value condition="String.IsEqual(Listitem.DBType,tvshow)">[COLOR $VAR[WhiteColorVar]]$INFO[ListItem.Property(WatchedEpisodes)][/COLOR] / [COLOR $VAR[WhiteColorVar]]$INFO[ListItem.Property(TotalEpisodes)][/COLOR]</value>
	</variable>
	<variable name="VideoPlayerForwardRewindVar">
		<value condition="Player.Forwarding2x | Player.Rewinding2x">2x</value>
		<value condition="Player.Forwarding4x | Player.Rewinding4x">4x</value>
		<value condition="Player.Forwarding8x | Player.Rewinding8x">8x</value>
		<value condition="Player.Forwarding16x | Player.Rewinding16x">16x</value>
		<value condition="Player.Forwarding32x | Player.Rewinding32x">32x</value>
	</variable>
	<variable name="SeekLabelVar">
		<value condition="!String.IsEmpty(Player.SeekStepSize)">$LOCALIZE[773][COLOR $VAR[GreyColorVar]] $INFO[Player.SeekStepSize][/COLOR]</value>
		<value condition="Player.Paused">$LOCALIZE[112]</value>
		<value condition="Player.Forwarding">$LOCALIZE[31039] $VAR[VideoPlayerForwardRewindVar]</value>
		<value condition="Player.Rewinding">$LOCALIZE[31038] $VAR[VideoPlayerForwardRewindVar]</value>
		<value condition="Player.IsTempo">$LOCALIZE[31142]: $INFO[Player.PlaySpeed]</value>
	</variable>
	<variable name="SeekTimeLabelVar">
		<value condition="!String.IsEmpty(Player.SeekNumeric)">[B]$INFO[Player.SeekNumeric(hh:mm:ss)][/B]</value>
		<value condition="Player.Seeking + VideoPlayer.HasEPG">$INFO[PVR.EpgEventSeekTime]$INFO[PVR.EpgEventDuration, / ]</value>
		<value condition="Player.Seeking">$INFO[Player.SeekTime]$INFO[Player.Duration, / ]</value>
		<value condition="VideoPlayer.HasEpg">$INFO[PVR.EpgEventElapsedTime]$INFO[PVR.EpgEventDuration, / ]</value>
		<value>$INFO[Player.Time]$INFO[Player.Duration, / ]</value>
	</variable>
	<variable name="VideoOSDHelpTextVar">
		<value condition="Control.HasFocus(600)">$LOCALIZE[210]</value>
		<value condition="Control.HasFocus(602) + Player.Paused">$LOCALIZE[208]</value>
		<value condition="Control.HasFocus(602)">$LOCALIZE[36045]</value>
		<value condition="Control.HasFocus(603)">$LOCALIZE[36044]</value>
		<value condition="Control.HasFocus(605)">$LOCALIZE[209]</value>
		<value condition="Control.HasFocus(87) + [Player.Rewinding | Player.Forwarding]">$LOCALIZE[31050]</value>
		<value condition="Control.HasFocus(70011)">$LOCALIZE[20060]</value>
		<value condition="Control.HasFocus(700)">$LOCALIZE[298]</value>
		<value condition="Control.HasFocus(703)">$LOCALIZE[31106]</value>
		<value condition="Control.HasFocus(704)">$LOCALIZE[24012]</value>
		<value condition="Control.HasFocus(804)">$LOCALIZE[31092]</value>
		<value condition="Control.HasFocus(70040)">$LOCALIZE[19033]</value>
		<value condition="Control.HasFocus(70041)">$LOCALIZE[19019]</value>
		<value condition="Control.HasFocus(70042)">$LOCALIZE[19069]</value>
		<value condition="Control.HasFocus(70043)">$LOCALIZE[5]</value>
		<value condition="Control.HasFocus(255)">$LOCALIZE[36501]</value>
		<value condition="Control.HasFocus(606)+ PVR.IsRecordingPlayingChannel">$LOCALIZE[19059]</value>
		<value condition="Control.HasFocus(606)">$LOCALIZE[264]</value>
		<value condition="ControlGroup(6000).HasFocus + Player.SeekEnabled">$LOCALIZE[31054]</value>
	</variable>
	<variable name="MusicOSDHelpTextVar">
		<value condition="Control.HasFocus(600)">$LOCALIZE[210]</value>
		<value condition="Control.HasFocus(602) + Player.Paused">$LOCALIZE[208]</value>
		<value condition="Control.HasFocus(602)">$LOCALIZE[36045]</value>
		<value condition="Control.HasFocus(603)">$LOCALIZE[36044]</value>
		<value condition="Control.HasFocus(605)">$LOCALIZE[209]</value>
		<value condition="Control.HasFocus(620)">$LOCALIZE[31033]$INFO[MusicPlayer.UserRating, : ]</value>
		<value condition="Control.HasFocus(62040)">$LOCALIZE[19033]</value>
		<value condition="Control.HasFocus(62041)">$LOCALIZE[19019]</value>
		<value condition="Control.HasFocus(62042)">$LOCALIZE[19069]</value>
		<value condition="Control.HasFocus(62043)">$LOCALIZE[29900]</value>
		<value condition="Control.HasFocus(704)">$LOCALIZE[486]$INFO[Playlist.Repeat, : ]</value>
		<value condition="Control.HasFocus(607) + Playlist.IsRandom">$LOCALIZE[590]: $LOCALIZE[16041]</value>
		<value condition="Control.HasFocus(607)">$LOCALIZE[590]: $LOCALIZE[16039]</value>
		<value condition="Control.HasFocus(703)">$LOCALIZE[24013]</value>
		<value condition="Control.HasFocus(5000)">$LOCALIZE[10004]</value>
	</variable>
	<variable name="VolumeIconVar">
		<value condition="Player.Muted">dialogs/volume/mute.png</value>
		<value condition="Integer.IsGreater(Player.Volume,66)">dialogs/volume/volume.png</value>
		<value condition="Integer.IsGreater(Player.Volume,33)">dialogs/volume/volume2.png</value>
		<value condition="player.passthrough">dialogs/volume/volume.png</value>
		<value>dialogs/volume/volume1.png</value>
	</variable>
	<variable name="VideoInfoMainLabelVar">
		<value condition="!String.IsEmpty(ListItem.TVShowTitle)">$INFO[ListItem.TVShowTitle]$VAR[ListItemYearLabelVar]</value>
		<value condition="!String.IsEmpty(ListItem.Title)">$INFO[ListItem.Title]$VAR[ListItemYearLabelVar]</value>
		<value>$INFO[ListItem.Label]$VAR[ListItemYearLabelVar]</value>
	</variable>
	<variable name="VideoInfoPlayButtonLabelVar">
		<value condition="String.IsEqual(ListItem.DBType,tvshow) | String.IsEqual(ListItem.DBType,season)">$LOCALIZE[1024]</value>
		<value>$LOCALIZE[208]</value>
	</variable>
	<variable name="VideoInfoSubLabelVar">
		<value condition="String.IsEqual(ListItem.DBType,episode)">$VAR[ListItemSeasonXEpisodeLabelVar] $INFO[ListItem.Title]</value>
		<value condition="String.IsEqual(ListItem.DBType,movie)">[I][COLOR $VAR[MainColorVar]]$INFO[ListItem.Tagline][/COLOR][/I]</value>
		<value>[COLOR $VAR[MainColorVar]]$INFO[ListItem.Genre][/COLOR]</value>
	</variable>
	<variable name="VideoInfoBottomLabelVar">
		<value condition="Control.HasFocus(8)">$INFO[ListItem.LastPlayed,$LOCALIZE[568]: ]</value>
		<value condition="Control.HasFocus(6)">$INFO[ListItem.FileNameAndPath]</value>
	</variable>
	<variable name="PictureInfoMainLabelVar">
		<value condition="Window.IsActive(Slideshow)">$INFO[SlideShow.Filename]</value>
		<value>$INFO[ListItem.Label]</value>
	</variable>
	<variable name="PictureInfoSubLabelVar">
		<value condition="Window.IsActive(Slideshow)">$INFO[SlideShow.EXIFtime]</value>
		<value>$INFO[ListItem.PictureDateTime]</value>
	</variable>
	<variable name="NowPlayingBreadcrumbsVar">
		<value condition="VideoPlayer.Content(livetv)">$INFO[VideoPlayer.Title]</value>
		<value condition="VideoPlayer.Content(episodes) + !String.IsEmpty(Player.Art(tvshow.clearlogo)) + !Skin.HasSetting(hide_logo_play)">$VAR[VideoPlayerSeasonXEpisodeLabelVar]$INFO[VideoPlayer.Title]</value>
		<value condition="VideoPlayer.Content(episodes) + Window.IsActive(fullscreenvideo)">$INFO[VideoPlayer.TVShowTitle]$VAR[VideoPlayerYearLabelVar]</value>
		<value condition="!VideoPlayer.Content(episodes) + Window.IsActive(fullscreenvideo)">$INFO[VideoPlayer.Title]$VAR[VideoPlayerYearLabelVar]</value>
		<value condition="MusicPartyMode.Enabled">$LOCALIZE[589]</value>
		<value>$LOCALIZE[31000] ...</value>
	</variable>
	<variable name="OSDSubLabelVar">
		<value condition="Window.IsActive(visualisation) + Integer.IsGreater(Playlist.Length,1) + Integer.IsGreater(Playlist.Position,0)">$LOCALIZE[554] $INFO[Playlist.Position] / $INFO[Playlist.Length]</value>
		<value condition="VideoPlayer.Content(musicvideos)">$INFO[VideoPlayer.Artist]$INFO[VideoPlayer.Album, - ]</value>
		<value condition="VideoPlayer.Content(episodes)">$VAR[VideoPlayerSeasonXEpisodeLabelVar]$INFO[VideoPlayer.Title]</value>
		<value condition="VideoPlayer.Content(LiveTV) | PVR.IsPlayingRecording">$VAR[VideoPlayerChannelNumberLabelVar]$INFO[VideoPlayer.ChannelName]$INFO[VideoPlayer.EpisodeName, (,)]</value>
		<value>[COLOR $VAR[MainColorVar]]$INFO[VideoPlayer.Genre][/COLOR]</value>
	</variable>
	<variable name="PlayerInfoClearLogoVar">
		<value condition="!String.IsEmpty(Player.Art(tvshow.clearlogo))">$INFO[Player.Art(tvshow.clearlogo)]</value>
		<value condition="!String.IsEmpty(Player.Art(clearlogo))">$INFO[Player.Art(clearlogo)]</value>
		<value condition="!String.IsEmpty(Player.Art(artist.clearlogo))">$INFO[Player.Art(artist.clearlogo)]</value>
	</variable>
	<variable name="PlayerInfoClearArtVar">
		<value condition="!String.IsEmpty(Player.Art(tvshow.clearart))">$INFO[Player.Art(tvshow.clearart)]</value>
		<value condition="!String.IsEmpty(Player.Art(clearart))">$INFO[Player.Art(clearart)]</value>
		<value condition="!String.IsEmpty(Player.Art(artist.clearart))">$INFO[Player.Art(artist.clearart)]</value>
	</variable>
	<variable name="PlayerInfoDiscArtVar">
		<value condition="!String.IsEmpty(Player.Art(discart))">$INFO[Player.Art(discart)]</value>
		<value condition="!String.IsEmpty(Player.Art(album.discart))">$INFO[Player.Art(album.discart)]</value>
	</variable>
	<variable name="PlayerClearArtVar">
		<value condition="!String.IsEmpty(Player.Art(tvshow.clearart))">$INFO[Player.Art(tvshow.clearart)]</value>
		<value condition="!String.IsEmpty(Player.Art(clearart))">$INFO[Player.Art(clearart)]</value>
		<value condition="!String.IsEmpty(Player.Art(tvshow.clearlogo))">$INFO[Player.Art(tvshow.clearlogo)]</value>
		<value condition="!String.IsEmpty(Player.Art(clearlogo))">$INFO[Player.Art(clearlogo)]</value>
	</variable>
	<variable name="PlayerClearLogoVar">
		<value condition="!String.IsEmpty(Player.Art(tvshow.clearlogo))">$INFO[Player.Art(tvshow.clearlogo)]</value>
		<value condition="!String.IsEmpty(Player.Art(artist.clearlogo))">$INFO[Player.Art(artist.clearlogo)]</value>
		<value condition="!String.IsEmpty(Player.Art(clearlogo))">$INFO[Player.Art(clearlogo)]</value>
	</variable>
	<variable name="LibraryClearLogoVar">
		<value condition="!String.IsEmpty(ListItem.Art(tvshow.clearlogo))">$INFO[ListItem.Art(tvshow.clearlogo)]</value>
		<value condition="!String.IsEmpty(ListItem.Art(clearlogo))">$INFO[ListItem.Art(clearlogo)]</value>
		<value condition="!String.IsEmpty(ListItem.Art(artist.clearlogo))">$INFO[ListItem.Art(artist.clearlogo)]</value>
		<value condition="!String.IsEmpty(Container.Art(artist.clearlogo))">$INFO[Container.Art(artist.clearlogo)]</value>
	</variable>
	<variable name="HomeClearLogoVar">
		<value condition="!String.IsEmpty(Container.ListItem.Art(tvshow.clearlogo))">$INFO[Container.ListItem.Art(tvshow.clearlogo)]</value>
		<value condition="!String.IsEmpty(Container.ListItem.Art(clearlogo))">$INFO[Container.ListItem.Art(clearlogo)]</value>
		<value condition="!String.IsEmpty(Container.ListItem.Art(artist.clearlogo))">$INFO[Container.ListItem.Art(artist.clearlogo)]</value>
	</variable>
	<variable name="ViewClearLogoVar">
		<value condition="!String.IsEmpty(ListItem.Art(tvshow.clearlogo))">$INFO[ListItem.Art(tvshow.clearlogo)]</value>
		<value condition="!String.IsEmpty(ListItem.Art(artist.clearlogo))">$INFO[ListItem.Art(artist.clearlogo)]</value>
		<value condition="!String.IsEmpty(ListItem.Art(clearlogo))">$INFO[ListItem.Art(clearlogo)]</value>
	</variable>
	<variable name="ViewClearArtVar">
		<value condition="!String.IsEmpty(ListItem.Art(tvshow.clearart))">$INFO[ListItem.Art(tvshow.clearart)]</value>
		<value condition="!String.IsEmpty(ListItem.Art(clearart))">$INFO[ListItem.Art(clearart)]</value>
		<value condition="!String.IsEmpty(ListItem.Art(artist.clearart))">$INFO[ListItem.Art(artist.clearart)]</value>
		<value condition="!String.IsEmpty(Container.Art(artist.clearart))">$INFO[Container.Art(artist.clearart)]</value>
		<value condition="!String.IsEmpty(ListItem.Art(artist.clearlogo))">$INFO[ListItem.Art(artist.clearlogo)]</value>
		<value condition="!String.IsEmpty(Container.Art(artist.clearlogo))">$INFO[Container.Art(artist.clearlogo)]</value>
		<value condition="!String.IsEmpty(ListItem.Art(clearlogo))">$INFO[ListItem.Art(clearlogo)]</value>
	</variable>
	<variable name="InfoClearArtVar">
		<value condition="!String.IsEmpty(ListItem.Art(artist.clearart))">$INFO[ListItem.Art(artist.clearart)]</value>
		<value condition="!String.IsEmpty(Container.Art(artist.clearart))">$INFO[Container.Art(artist.clearart)]</value>
	</variable>
	<variable name="LibraryBannerVar">
		<value condition="!String.IsEmpty(ListItem.Art(banner))">$INFO[ListItem.Art(banner)]</value>
		<value condition="!String.IsEmpty(ListItem.Art(tvshow.banner))">$INFO[ListItem.Art(tvshow.banner)]</value>
		<value condition="!String.IsEmpty(ListItem.Art(artist.banner))">$INFO[ListItem.Art(artist.banner)]</value>
		<value condition="!String.IsEmpty(Container.Art(artist.banner))">$INFO[Container.Art(artist.banner)]</value>
	</variable>
	<variable name="ListWatchedIconVar">
		<value condition="ListItem.IsParentFolder">DefaultFolderBack.png</value>
		<value condition="ListItem.IsRecording">windows/pvr/record.png</value>
		<value condition="ListItem.IsPlaying">overlays/watched/OverlayPlaying-List.png</value>
		<value condition="ListItem.IsResumable">overlays/watched/resume.png</value>
		<value condition="!Integer.IsEqual(ListItem.Property(percentplayed),0)">overlays/watched/resume.png</value>
		<value condition="Integer.IsGreater(ListItem.Property(playcount),0)">OverlayWatched.png</value>
		<value condition="ListItem.IsCollection">overlays/set.png</value>
		<value condition="ListItem.IsFolder + String.IsEmpty(Listitem.dbtype) + !String.IsEqual(ListItem.Overlay,OverlayWatched.png) + !ListItem.IsParentFolder">overlays/folder.png</value>
		<value condition="!String.IsEmpty(ListItem.Overlay)">$INFO[ListItem.Overlay]</value>
		<value condition="!ListItem.IsParentFolder">OverlayUnwatched.png</value>
	</variable>
	<variable name="WallWatchedIconVar">
		<value condition="ListItem.IsRecording">windows/pvr/record.png</value>
		<value condition="ListItem.IsCollection">overlays/set.png</value>
		<value condition="ListItem.IsPlaying">overlays/watched/OverlayPlaying-List.png</value>
		<value condition="ListItem.IsResumable">overlays/watched/resume.png</value>
		<value condition="Integer.IsGreater(ListItem.Playcount,0)">$INFO[ListItem.Overlay]</value>
	</variable>
	<variable name="BreadcrumbsVideoVar">
		<value condition="Container.Content(movies) | String.StartsWith(container.folderpath,library://video/movies/) | String.StartsWith(container.folderpath,videodb://movies)">$LOCALIZE[20342]</value>
		<value condition="Container.Content(musicvideos) | String.StartsWith(container.folderpath,library://video/musicvideos/) | String.StartsWith(container.folderpath,videodb://musicvideos)">$LOCALIZE[20389]</value>
		<value condition="Container.Content(tvshows) | String.StartsWith(container.folderpath,library://video/tvshows/) | String.StartsWith(container.folderpath,videodb://tvshows)">$LOCALIZE[20343]</value>
		<value condition="Container.Content(seasons)">$LOCALIZE[20343]</value>
		<value condition="Container.Content(episodes)">$LOCALIZE[20343]</value>
		<value>$LOCALIZE[3]</value>
	</variable>
	<variable name="BreadcrumbsPVRChannelsVar">
		<value condition="Window.IsActive(TVChannels)">$LOCALIZE[19020] / $LOCALIZE[19019] / $INFO[Control.GetLabel(29)]</value>
		<value>$LOCALIZE[19021] / $LOCALIZE[19019] / $INFO[Control.GetLabel(29)]</value>
	</variable>
	<variable name="BreadcrumbsPVRGuideVar">
		<value condition="Window.IsActive(TVGuide)">$LOCALIZE[19020] / $INFO[Control.GetLabel(29)] - $INFO[Control.GetLabel(30)]</value>
		<value>$LOCALIZE[19021] / $INFO[Control.GetLabel(29)] - $INFO[Control.GetLabel(30)]</value>
	</variable>
	<variable name="BreadcrumbsPVRRecordingsVar">
		<value condition="Window.IsActive(TVRecordings)">$LOCALIZE[19020] / $LOCALIZE[19017]$INFO[Control.GetLabel(30), / ]</value>
		<value>$LOCALIZE[19021] / $LOCALIZE[19017]$INFO[Control.GetLabel(30), / ]</value>
	</variable>
	<variable name="BreadcrumbsPVRTimersVar">
		<value condition="Window.IsActive(TVTimers)">$LOCALIZE[19020] / $LOCALIZE[19040]</value>
		<value condition="Window.IsActive(RadioTimers)">$LOCALIZE[19021] / $LOCALIZE[19040]</value>
		<value condition="Window.IsActive(TVTimerRules)">$LOCALIZE[19020] / $LOCALIZE[19138]$INFO[Control.GetLabel(29), / ]</value>
		<value>$LOCALIZE[19021] / $LOCALIZE[19138]$INFO[Control.GetLabel(29), / ]</value>
	</variable>
	<variable name="BreadcrumbsPVRSearchVar">
		<value condition="Window.IsActive(TVSearch)">$LOCALIZE[19020] / $LOCALIZE[137]</value>
		<value>$LOCALIZE[19021] / $LOCALIZE[137]</value>
	</variable>
	<variable name="BreadcrumbsGameVar">
		<value>$LOCALIZE[15016]</value>
	</variable>
	<variable name="RepeatButtonColordiffuseVar">
		<value condition="Control.HasFocus(704)">$VAR[MainColorVar]</value>
		<value>white2</value>
	</variable>
	<variable name="PVRChannelMgrHeaderVar">
		<value condition="!String.IsEmpty(Window.Property(IsRadio))">$LOCALIZE[19199] - $LOCALIZE[19024]</value>
		<value>$LOCALIZE[19199] - $LOCALIZE[19023]</value>
	</variable>
	<variable name="RDSInfoSubTitleVar">
		<value condition="String.IsEmpty(MusicPlayer.ChannelName)">$INFO[Player.Title]</value>
		<value>$INFO[MusicPlayer.ChannelName]$INFO[Player.Title, - ]</value>
	</variable>
	<variable name="PVRGroupMgrHeaderVar">
		<value condition="!String.IsEmpty(Window.Property(IsRadio))">$LOCALIZE[19048] - $LOCALIZE[19174]</value>
		<value>$LOCALIZE[19048] - $LOCALIZE[19173]</value>
	</variable>
	<variable name="PVRAreaVar">
		<value condition="Control.HasFocus(100)">$LOCALIZE[19019]</value>
		<value condition="Control.HasFocus(101)">$LOCALIZE[19069]</value>
		<value condition="Control.HasFocus(102)">$LOCALIZE[19017]</value>
		<value condition="Control.HasFocus(103)">$LOCALIZE[19040]</value>
		<value condition="Control.HasFocus(104)">$LOCALIZE[19138]</value>
		<value condition="Control.HasFocus(105)">$LOCALIZE[137]</value>
	</variable>
	<variable name="PlayerControlsRepeatImageVar">
		<value condition="Playlist.IsRepeatOne">osd/fullscreen/buttons/repeat-one.png</value>
		<value condition="Playlist.IsRepeat">osd/fullscreen/buttons/repeat-all.png</value>
		<value>osd/fullscreen/buttons/repeat-off.png</value>
	</variable>
	<variable name="PlayerLabel1Var">
		<value condition="Player.HasVideo">$INFO[VideoPlayer.Title]</value>
		<value condition="Player.HasAudio">$INFO[MusicPlayer.Artist]</value>
	</variable>
	<variable name="PlayerLabel2Var">
		<value condition="VideoPlayer.Content(episodes)">$LOCALIZE[20373]$INFO[VideoPlayer.Season,: , / ]$LOCALIZE[20359]$INFO[VideoPlayer.Episode,: ]</value>
		<value condition="VideoPlayer.Content(movies)">$INFO[VideoPlayer.Year]</value>
		<value condition="VideoPlayer.Content(livetv)">$INFO[VideoPlayer.ChannelName]</value>
		<value condition="Player.HasAudio">[COLOR $VAR[WhiteColorVar]]$INFO[MusicPlayer.Album][/COLOR]$INFO[MusicPlayer.Year, [COLOR white]([/COLOR],[COLOR white])[/COLOR]]</value>
	</variable>
	<variable name="PlayerLabel3Var">
		<value condition="VideoPlayer.Content(episodes)">$INFO[VideoPlayer.TvShowTitle]</value>
		<value condition="VideoPlayer.Content(movies) | VideoPlayer.Content(livetv)">$INFO[VideoPlayer.Genre]</value>
		<value condition="Player.HasAudio">$INFO[MusicPlayer.TrackNumber,,. ][COLOR $VAR[WhiteColorVar]]$INFO[Player.Title][/COLOR]</value>
	</variable>
	<variable name="PVRTimerIconVar">
		<value condition="ListItem.IsRecording">icons/pvr/PVR-IsRecording.png</value>
		<value condition="ListItem.HasTimerSchedule + ListItem.TimerHasError">icons/pvr/PVR-HasTimerScheduleError.png</value>
		<value condition="ListItem.HasTimer + ListItem.TimerHasError">icons/pvr/PVR-HasTimerError.png</value>
		<value condition="ListItem.HasTimerSchedule + ListItem.TimerHasConflict">icons/pvr/PVR-HasTimerScheduleConflict.png</value>
		<value condition="ListItem.HasTimer + ListItem.TimerHasConflict">icons/pvr/PVR-HasTimerConflict.png</value>
		<value condition="ListItem.HasRecording">icons/pvr/PVR-HasRecording.png</value>
		<value condition="ListItem.HasTimerSchedule + !ListItem.TimerIsActive">icons/pvr/PVR-HasTimerScheduleDisabled.png</value>
		<value condition="ListItem.HasTimer + !ListItem.TimerIsActive">icons/pvr/PVR-HasTimerDisabled.png</value>
		<value condition="ListItem.HasTimerSchedule">icons/pvr/PVR-HasTimerSchedule.png</value>
		<value condition="ListItem.HasTimer">icons/pvr/PVR-HasTimer.png</value>
	</variable>
	<variable name="VideoHWDecoderVar">
		<value condition="Player.Process(videohwdecoder)">HW</value>
		<value>SW</value>
	</variable>
	<variable name="AddonNewsVar">
		<value condition="!String.IsEmpty(ListItem.AddonNews)">$LOCALIZE[31136]</value>
	</variable>
	<variable name="TimersSubLabelVar">
		<value condition="[Window.IsActive(tvtimerrules) | Window.IsActive(radiotimerrules)] + !ListItem.HasTimerSchedule">$INFO[ListItem.Timertype]</value>
		<value>$INFO[ListItem.EpisodeName]</value>
	</variable>
	<variable name="ChannelListEPGIconVar">
		<value condition="!String.IsEmpty(Listitem.EpgEventIcon)">$INFO[ListItem.EpgEventIcon]</value>
		<value condition="String.IsEqual(ListItem.Icon, DefaultVideo.png)">DefaultTVShows.png</value>
		<value>$INFO[ListItem.Icon]</value>
	</variable>
	<variable name="ListInfoBoxImageVar">
		<value condition="ListItem.IsParentFolder">DefaultBackFanart.png</value>
		<value condition="!String.IsEmpty(ListItem.Art(thumb)) + Container.Content(episodes)">$INFO[ListItem.Art(thumb)]</value>
		<value condition="!String.IsEmpty(ListItem.Thumb) + Container.Content(episodes)">$INFO[ListItem.Thumb]</value>
		<value condition="!String.IsEmpty(ListItem.Icon) + Container.Content(episodes)">$INFO[ListItem.Icon]</value>
		<value condition="!String.IsEmpty(ListItem.Art(tvshow.landscape))">$INFO[ListItem.Art(tvshow.landscape)]</value>
		<value condition="!String.IsEmpty(ListItem.Art(landscape))">$INFO[ListItem.Art(landscape)]</value>
		<value condition="!String.IsEmpty(ListItem.Art(tvshow.fanart))">$INFO[ListItem.Art(tvshow.fanart)]</value>
		<value condition="!String.IsEmpty(ListItem.Art(fanart))">$INFO[ListItem.Art(fanart)]</value>
		<value condition="!String.IsEmpty(Container(50).ListItem.Art(landscape))">$INFO[Container(50).ListItem.Art(landscape)]</value>
		<value condition="!String.IsEmpty(Container(51).ListItem.Art(landscape))">$INFO[Container(51).ListItem.Art(landscape)]</value>
		<value condition="!String.IsEmpty(Container(53).ListItem.Art(landscape))">$INFO[Container(53).ListItem.Art(landscape)]</value>
		<value condition="!String.IsEmpty(Container(54).ListItem.Art(landscape))">$INFO[Container(54).ListItem.Art(landscape)]</value>
		<value condition="!String.IsEmpty(Container(55).ListItem.Art(landscape))">$INFO[Container(55).ListItem.Art(landscape)]</value>
		<value condition="!String.IsEmpty(Container(56).ListItem.Art(landscape))">$INFO[Container(56).ListItem.Art(landscape)]</value>
		<value condition="!String.IsEmpty(Container(57).ListItem.Art(landscape))">$INFO[Container(57).ListItem.Art(landscape)]</value>
		<value condition="!String.IsEmpty(Container(58).ListItem.Art(landscape))">$INFO[Container(58).ListItem.Art(landscape)]</value>
		<value condition="!String.IsEmpty(Container(500).ListItem.Art(landscape))">$INFO[Container(500).ListItem.Art(landscape)]</value>
		<value condition="!String.IsEmpty(Container(501).ListItem.Art(landscape))">$INFO[Container(501).ListItem.Art(landscape)]</value>
		<value condition="!String.IsEmpty(Container(502).ListItem.Art(landscape))">$INFO[Container(502).ListItem.Art(landscape)]</value>
		<value condition="!String.IsEmpty(Container(50).ListItem.Art(fanart))">$INFO[Container(50).ListItem.Art(fanart)]</value>
		<value condition="!String.IsEmpty(Container(51).ListItem.Art(fanart))">$INFO[Container(51).ListItem.Art(fanart)]</value>
		<value condition="!String.IsEmpty(Container(53).ListItem.Art(fanart))">$INFO[Container(53).ListItem.Art(fanart)]</value>
		<value condition="!String.IsEmpty(Container(54).ListItem.Art(fanart))">$INFO[Container(54).ListItem.Art(fanart)]</value>
		<value condition="!String.IsEmpty(Container(55).ListItem.Art(fanart))">$INFO[Container(55).ListItem.Art(fanart)]</value>
		<value condition="!String.IsEmpty(Container(56).ListItem.Art(fanart))">$INFO[Container(56).ListItem.Art(fanart)]</value>
		<value condition="!String.IsEmpty(Container(57).ListItem.Art(fanart))">$INFO[Container(57).ListItem.Art(fanart)]</value>
		<value condition="!String.IsEmpty(Container(58).ListItem.Art(fanart))">$INFO[Container(58).ListItem.Art(fanart)]</value>
		<value condition="!String.IsEmpty(Container(500).ListItem.Art(fanart))">$INFO[Container(500).ListItem.Art(fanart)]</value>
		<value condition="!String.IsEmpty(Container(501).ListItem.Art(fanart))">$INFO[Container(501).ListItem.Art(fanart)]</value>
		<value condition="!String.IsEmpty(Container(502).ListItem.Art(fanart))">$INFO[Container(502).ListItem.Art(fanart)]</value>
	</variable>
	<variable name="NoClearViewVar">
		<value condition="!String.IsEmpty(ListItem.Art(fanart)) + [!String.IsEmpty(ListItem.Art(animatedfanart)) + Skin.HasSetting(animated_fanarts)]">$INFO[ListItem.Art(animatedfanart)]</value>
		<value>$INFO[ListItem.Art(fanart)]</value>
	</variable>
	<variable name="ClearArtViewVar">
		<value condition="!String.IsEmpty(ListItem.Art(tvshow.clearart))">$INFO[ListItem.Art(tvshow.clearart)]</value>
		<value condition="!String.IsEmpty(ListItem.Art(clearart))">$INFO[ListItem.Art(clearart)]</value>
		<value condition="!String.IsEmpty(ListItem.Art(tvshow.clearlogo))">$INFO[ListItem.Art(tvshow.clearlogo)]</value>
		<value condition="!String.IsEmpty(ListItem.Art(clearlogo))">$INFO[ListItem.Art(clearlogo)]</value>
	</variable>
	<variable name="ClearLogoViewVar">
		<value condition="!String.IsEmpty(ListItem.Art(tvshow.clearlogo))">$INFO[ListItem.Art(tvshow.clearlogo)]</value>
		<value condition="!String.IsEmpty(ListItem.Art(clearlogo))">$INFO[ListItem.Art(clearlogo)]</value>
	</variable>
	<variable name="SearchIconVar">
		<value condition="String.IsEqual(ListItem.Property(content),actors)">DefaultActor.png</value>
		<value condition="String.IsEqual(ListItem.Property(content),albums)">DefaultMusicAlbums.png</value>
		<value condition="String.IsEqual(ListItem.Property(content),artists)">DefaultMusicArtists.png</value>
		<value condition="String.IsEqual(ListItem.Property(content),directors)">DefaultDirector.png</value>
		<value condition="String.IsEqual(ListItem.Property(content),episodes)">DefaultTVShows.png</value>
		<value condition="String.IsEqual(ListItem.Property(content),livetv)">DefaultAddonPVRClient.png</value>
		<value condition="String.IsEqual(ListItem.Property(content),movies)">DefaultMovies.png</value>
		<value condition="String.IsEqual(ListItem.Property(content),musicvideos)">DefaultMusicVideos.png</value>
		<value condition="String.IsEqual(ListItem.Property(content),seasons)">DefaultTVShows.png</value>
		<value condition="String.IsEqual(ListItem.Property(content),songs)">DefaultMusicSongs.png</value>
		<value condition="String.IsEqual(ListItem.Property(content),tvshows)">DefaultTVShows.png</value>
	</variable>
	<variable name="WallWatchedSearhIconVar">
		<value condition="!Integer.IsEqual(ListItem.Property(percentplayed),0)">overlays/watched/resume.png</value>
		<value condition="Integer.IsGreater(ListItem.Property(playcount),0)">OverlayWatched.png</value>
	</variable>
	<variable name="AudioCodecFlagPlayerVar">
		<value condition="String.IsEqual(VideoPlayer.AudioCodec,mp3float)">flags/audiocodec/mp3.png</value>
		<value>$INFO[VideoPlayer.AudioCodec,flags/audiocodec/,.png]</value>
	</variable>
	<variable name="ResolutionFlagPlayerVar">
		<value condition="VideoPlayer.IsStereoscopic">flags/videoresolution/3D.png</value>
		<value condition="Integer.IsGreater(VideoPlayer.VideoResolution,1080)">flags/videoresolution/4K.png</value>
		<value>$INFO[VideoPlayer.VideoResolution,flags/videoresolution/,.png]</value>
	</variable>
	<variable name="MediaFlagsSearchStudioIconVar">
		<value condition="String.IsEqual(Skin.String(StudiosImages.path),resource://resource.images.studios.white/)">resource://resource.images.studios.white/</value>
		<value condition="String.IsEqual(Skin.String(StudiosImages.path),resource://resource.images.studios.coloured/)">resource://resource.images.studios.coloured/</value>
	</variable>
	<variable name="CurrentWeatherIconVar">
		<value condition="!String.IsEmpty(Skin.String(WeatherIcons.path)) + !Skin.HasSetting(WeatherIcons.multi)">$INFO[Skin.String(WeatherIcons.path)]$INFO[Window(weather).Property(Current.FanartCode),,.png]</value>
		<value condition="!String.IsEmpty(Skin.String(WeatherIcons.path)) + Skin.HasSetting(WeatherIcons.multi)">$INFO[Skin.String(WeatherIcons.path)]$INFO[Window(weather).Property(Current.FanartCode),,/]</value>
		<value>$INFO[Weather.Conditions]</value>
	</variable>
	<variable name="SelectLabelVar">
		<value condition="Control.IsVisible(3)">[COLOR $VAR[MainColorVar]]$INFO[Container(3).NumItems][/COLOR] $LOCALIZE[31036] - [COLOR $VAR[MainColorVar]]$INFO[Container(3).CurrentPage]/$INFO[Container(3).NumPages][/COLOR]</value>
		<value>[COLOR $VAR[MainColorVar]]$INFO[Container(6).NumItems][/COLOR] $LOCALIZE[31036] - [COLOR $VAR[MainColorVar]]$INFO[Container(6).CurrentPage]/$INFO[Container(6).NumPages][/COLOR]</value>
	</variable>
	<variable name="SkinSettingsHelpTextVar">
		<value condition="Container(9000).HasFocus(1)">$LOCALIZE[31129]</value>
		<value condition="Container(9000).HasFocus(2)">$LOCALIZE[43040]</value>
		<value condition="Container(9000).HasFocus(3)">$LOCALIZE[31130]</value>
		<value condition="Container(9000).HasFocus(4)">$LOCALIZE[43041]</value>
		<value condition="Container(9000).HasFocus(5)">$LOCALIZE[43042]</value>
		<value condition="Container(9000).HasFocus(6)">$LOCALIZE[44125]</value>
		<value condition="Container(9000).HasFocus(7)">$LOCALIZE[43044]</value>
	</variable>
	<variable name="InfoBarStatsVar">
		<value condition="String.IsEqual(Container(9000).ListItem.Property(defaultID),video)">[B][COLOR $VAR[MainColorVar]]$LOCALIZE[20342]: [/COLOR][/B]$INFO[Window.Property(Movies.Count)]  [B][COLOR $VAR[MainColorVar]]$LOCALIZE[20343]: [/COLOR][/B]$INFO[Window.Property(TVShows.Count)]  [B][COLOR $VAR[MainColorVar]]$LOCALIZE[20389]: [/COLOR][/B]$INFO[Window.Property(MusicVideos.Count)]</value>
		<value condition="String.IsEqual(Container(9000).ListItem.Property(defaultID),movies)">[B][COLOR $VAR[MainColorVar]]$LOCALIZE[20342]: [/COLOR][/B]$INFO[Window.Property(Movies.Count)]  [B][COLOR $VAR[MainColorVar]]$LOCALIZE[16102]: [/COLOR][/B]$INFO[Window.Property(Movies.Watched)]  [B][COLOR $VAR[MainColorVar]]$LOCALIZE[16101]: [/COLOR][/B]$INFO[Window.Property(Movies.UnWatched)]</value>
		<value condition="String.IsEqual(Container(9000).ListItem.Property(defaultID),tvshows)">[B][COLOR $VAR[MainColorVar]]$LOCALIZE[20343]: [/COLOR][/B]$INFO[Window.Property(TVShows.Count)]  [B][COLOR $VAR[MainColorVar]]$LOCALIZE[20360]: [/COLOR][/B]$INFO[Window.Property(Episodes.Count)]  [B][COLOR $VAR[MainColorVar]]$LOCALIZE[16101]: [/COLOR][/B]$INFO[Window.Property(Episodes.UnWatched)]</value>
		<value condition="String.IsEqual(Container(9000).ListItem.Property(defaultID),musicvideos)">[B][COLOR $VAR[MainColorVar]]$LOCALIZE[20389]: [/COLOR][/B]$INFO[Window.Property(MusicVideos.Count)]  [B][COLOR $VAR[MainColorVar]]$LOCALIZE[16102]: [/COLOR][/B]$INFO[Window.Property(MusicVideos.Watched)]  [B][COLOR $VAR[MainColorVar]]$LOCALIZE[16101]: [/COLOR][/B]$INFO[Window.Property(MusicVideos.UnWatched)]</value>
		<value condition="String.IsEqual(Container(9000).ListItem.Property(defaultID),music)">[B][COLOR $VAR[MainColorVar]]$LOCALIZE[132]: [/COLOR][/B]$INFO[Window.Property(Music.AlbumsCount)]  [B][COLOR $VAR[MainColorVar]]$LOCALIZE[133]: [/COLOR][/B]$INFO[Window.Property(Music.ArtistsCount)]  [B][COLOR $VAR[MainColorVar]]$LOCALIZE[134]: [/COLOR][/B]$INFO[Window.Property(Music.SongsCount)]</value>
		<value condition="String.IsEqual(Container(9000).ListItem.Property(defaultID),livetv) | String.IsEqual(Container(9000).ListItem.Property(defaultID),radio)">[B][COLOR $VAR[MainColorVar]]$LOCALIZE[19019]: [/COLOR][/B] $INFO[Pvr.BackendChannels]</value>
		<value condition="String.IsEqual(Container(9000).ListItem.Property(defaultID),weather)">[B][COLOR $VAR[MainColorVar]]$LOCALIZE[143][/COLOR][/B] $INFO[Window(weather).Property(Current.Temperature)]$INFO[System.TemperatureUnits]  [B][COLOR $VAR[MainColorVar]]$LOCALIZE[33030]: [/COLOR][/B]$INFO[Window(weather).Property(Current.Condition)]</value>
		<value condition="!String.Contains(System.CPUTemperature,?) + !String.Contains(System.GPUTemperature,?)">[B][COLOR $VAR[MainColorVar]]IP: [/COLOR][/B]$INFO[Network.IPAddress]  [B][COLOR $VAR[MainColorVar]]CPU: [/COLOR][/B]$INFO[System.CPUTemperature]  [B][COLOR $VAR[MainColorVar]]GPU: [/COLOR][/B]$INFO[System.GPUTemperature]</value>
		<value condition="!String.Contains(System.CPUTemperature,?)">[B][COLOR $VAR[MainColorVar]]IP: [/COLOR][/B]$INFO[Network.IPAddress]  [B][COLOR $VAR[MainColorVar]]CPU: [/COLOR][/B]$INFO[System.CPUTemperature]  [B][COLOR $VAR[MainColorVar]]$LOCALIZE[155]: [/COLOR][/B]$INFO[System.UsedSpacePercent]</value>
		<value>[B][COLOR $VAR[MainColorVar]]IP: [/B][/COLOR]$INFO[Network.IPAddress]  [COLOR $VAR[MainColorVar]][B]RAM: [/B][/COLOR]$INFO[system.memory(used.percent)]  [COLOR $VAR[MainColorVar]][B]$LOCALIZE[155]: [/B][/COLOR]$INFO[System.UsedSpacePercent]</value>
	</variable>
	<variable name="ListItemNumEpisodesLabelVar">
		<value condition="!String.IsEmpty(ListItem.Property(NumEpisodes))">[COLOR $VAR[MainColorVar]]$LOCALIZE[20360]: [/COLOR]$INFO[ListItem.Property(NumEpisodes)][CR]</value>
	</variable>
	<variable name="ListItemStatusLabelVar">
		<value condition="!String.IsEmpty(ListItem.Status)">[COLOR $VAR[MainColorVar]]$LOCALIZE[126]: [/COLOR]$INFO[ListItem.Status]</value>
	</variable>
	<variable name="ListItemStartTimeLabelVar">
		<value condition="!String.IsEmpty(ListItem.StartTime)">[COLOR $VAR[MainColorVar]]$LOCALIZE[555]: [/COLOR][COLOR $VAR[GreyColorVar]]$INFO[ListItem.StartTime,, - ]$INFO[ListItem.EndTime][/COLOR] ([COLOR $VAR[MainColorVar]]$INFO[ListItem.Duration][/COLOR])[CR]</value>
	</variable>
	<variable name="ListItemStartTimeLabel2Var">
		<value condition="!String.IsEmpty(ListItem.StartTime)">[COLOR $VAR[MainColorVar]]$LOCALIZE[555]: [/COLOR][COLOR $VAR[GreyColorVar]]$INFO[ListItem.StartTime,, - ]$INFO[ListItem.EndTime][/COLOR] ([COLOR $VAR[MainColorVar]]$INFO[ListItem.Duration][/COLOR])</value>
	</variable>
	<variable name="ListItemSeasonXEpisodeLabelVar">
		<value condition="![String.IsEmpty(ListItem.Season) + String.IsEmpty(ListItem.Episode)]">$INFO[ListItem.Season][COLOR $VAR[MainColorVar]]x[/COLOR]$INFO[ListItem.Episode]</value>
		<value condition="String.IsEmpty(ListItem.Season) + !String.IsEmpty(ListItem.Episode)">$INFO[ListItem.Episode]</value>
	</variable>
	<variable name="VideoPlayerSeasonXEpisodeLabelVar">
		<value condition="![String.IsEmpty(VideoPlayer.Season) + String.IsEmpty(VideoPlayer.Episode)]">$INFO[VideoPlayer.Season][COLOR $VAR[MainColorVar]]x[/COLOR]$INFO[VideoPlayer.Episode] </value>
		<value condition="String.IsEmpty(VideoPlayer.Season) + !String.IsEmpty(VideoPlayer.Episode)">$INFO[VideoPlayer.Episode] </value>
	</variable>
	<variable name="ListItemGenreLabelVar">
		<value condition="!String.IsEmpty(ListItem.Genre)">[COLOR $VAR[MainColorVar]]$LOCALIZE[515]: [/COLOR]$INFO[ListItem.Genre][CR]</value>
	</variable>
	<variable name="ListItemPlaycountLabelVar">
		<value condition="!String.IsEmpty(ListItem.Playcount)">[COLOR $VAR[MainColorVar]]$LOCALIZE[567]: [/COLOR]$INFO[ListItem.Playcount][CR]</value>
	</variable>
	<variable name="ListItemDiscNumberLabelVar">
		<value condition="!String.IsEmpty(ListItem.DiscNumber)">[COLOR $VAR[MainColorVar]]$LOCALIZE[427]: [/COLOR]$INFO[ListItem.DiscNumber][CR]</value>
	</variable>
	<variable name="ListItemWriterLabelVar">
		<value condition="!String.IsEmpty(ListItem.Writer)">[COLOR $VAR[MainColorVar]]$LOCALIZE[20417]: [/COLOR]$INFO[ListItem.Writer][CR]</value>
	</variable>
	<variable name="ListItemDirectorLabelVar">
		<value condition="!String.IsEmpty(ListItem.Director)">[COLOR $VAR[MainColorVar]]$LOCALIZE[20339]: [/COLOR]$INFO[ListItem.Director][CR]</value>
	</variable>
	<variable name="ListItemCastLabelVar">
		<value condition="!String.IsEmpty(ListItem.Cast)">[COLOR $VAR[MainColorVar]]$LOCALIZE[206]: [/COLOR]$INFO[ListItem.Cast][CR]</value>
	</variable>
	<variable name="ListItemYearLabelVar">
		<value condition="!String.IsEmpty(ListItem.Year)"> ([COLOR $VAR[MainColorVar]]$INFO[ListItem.Year][/COLOR])</value>
	</variable>
	<variable name="ListItemYearLabel2Var">
		<value condition="!String.IsEmpty(ListItem.Year)">[COLOR $VAR[MainColorVar]]$INFO[ListItem.Year][/COLOR]  -  </value>
	</variable>
	<variable name="ListItemYearLabel3Var">
		<value condition="!String.IsEmpty(ListItem.Label2)">[COLOR $VAR[MainColorVar]]$INFO[ListItem.Label2][/COLOR]  -  </value>
	</variable>
	<variable name="ListItemYearLabel4Var">
		<value condition="!String.IsEmpty(ListItem.Year)">[COLOR $VAR[MainColorVar]]$LOCALIZE[345]: [/COLOR]$INFO[ListItem.Year][CR]</value>
	</variable>
	<variable name="ListItemTrackNumberLabel2Var">
		<value condition="!String.IsEmpty(ListItem.TrackNumber)">[COLOR $VAR[MainColorVar]]$LOCALIZE[554]: [/COLOR]$INFO[ListItem.TrackNumber,,. ]</value>
	</variable>
	<variable name="VideoPlayerYearLabelVar">
		<value condition="!String.IsEmpty(VideoPlayer.Year)"> ([COLOR $VAR[MainColorVar]]$INFO[VideoPlayer.Year][/COLOR])</value>
	</variable>
	<variable name="MusicPlayerYearLabelVar">
		<value condition="!String.IsEmpty(ListItem.Year)">([COLOR $VAR[MainColorVar]]$INFO[MusicPlayer.Year][/COLOR])</value>
	</variable>
	<variable name="VideoPlayerNextStartTimeLabelVar">
		<value condition="!String.IsEmpty(VideoPlayer.NextStartTime)">[COLOR $VAR[GreyColorVar]]$INFO[VideoPlayer.NextStartTime,, - ]$INFO[VideoPlayer.NextEndTime] [/COLOR]</value>
	</variable>
	<variable name="ListItemNextStartTimeLabelVar">
		<value condition="!String.IsEmpty(ListItem.NextStartTime)">[COLOR $VAR[GreyColorVar]]$INFO[ListItem.NextStartTime] [/COLOR]</value>
	</variable>
	<variable name="PlayerTimeRemainingLabelVar">
		<value condition="!String.IsEmpty(Player.TimeRemaining)">[COLOR $VAR[MainColorVar]]$LOCALIZE[31134]: [/COLOR]$INFO[Player.TimeRemaining][CR]</value>
	</variable>
	<variable name="PVREpgEventRemainingTimeLabelVar">
		<value condition="!String.IsEmpty(PVR.EpgEventRemainingTime)">[COLOR $VAR[MainColorVar]]$LOCALIZE[31134]: [/COLOR][CR]$INFO[PVR.EpgEventRemainingTime]</value>
	</variable>
	<variable name="ListItemDateLabelVar">
		<value condition="!String.IsEmpty(ListItem.Date)">[COLOR $VAR[MainColorVar]]$LOCALIZE[552]: [/COLOR]$INFO[ListItem.Date][CR]</value>
	</variable>
	<variable name="ListItemDurationLabelVar">
		<value condition="!String.IsEmpty(ListItem.Duration)">[COLOR $VAR[MainColorVar]]$LOCALIZE[180]: [/COLOR]$INFO[ListItem.Duration][CR]</value>
	</variable>
	<variable name="ListItemDurationLabel2Var">
		<value condition="!String.IsEmpty(ListItem.Duration)">[COLOR $VAR[MainColorVar]]$INFO[ListItem.Duration][/COLOR]</value>
	</variable>
	<variable name="ListItemExpirationDateTimeLabelVar">
		<value condition="!String.IsEmpty(ListItem.ExpirationDate)">[COLOR $VAR[MainColorVar]]$LOCALIZE[19299]: [/COLOR]$INFO[ListItem.ExpirationDate] $INFO[ListItem.ExpirationTime][CR]</value>
	</variable>
	<variable name="VideoPlayerChannelNumberLabelVar">
		<value condition="!String.IsEmpty(VideoPlayer.ChannelNumberLabel)">([COLOR $VAR[MainColorVar]]$INFO[VideoPlayer.ChannelNumberLabel][/COLOR])</value>
	</variable>
	<variable name="ListItemNextTitleLabelVar">
		<value condition="!String.IsEmpty(ListItem.NextTitle)">[COLOR $VAR[MainColorVar]]$LOCALIZE[19031]: [/COLOR][COLOR $VAR[GreyColorVar]]$INFO[ListItem.NextTitle][/COLOR]</value>
	</variable>
	<variable name="ListItemPremieredLabelVar">
		<value condition="!String.IsEmpty(ListItem.Premiered)">[COLOR $VAR[MainColorVar]]$LOCALIZE[20416]: [/COLOR]$INFO[ListItem.Premiered][CR]</value>
	</variable>
	<variable name="ListItemDescriptionLabelVar">
		<value condition="!String.IsEmpty(ListItem.Property(description))">$INFO[ListItem.Property(description)][CR]</value>
	</variable>
	<variable name="ListItemPictureDateTimeLabelVar">
		<value condition="!String.IsEmpty(ListItem.PictureDatetime)">[COLOR $VAR[MainColorVar]]$LOCALIZE[552]: [/COLOR]$INFO[ListItem.PictureDatetime][CR]</value>
	</variable>
	<variable name="ListItemPictureResolutionLabelVar">
		<value condition="!String.IsEmpty(ListItem.PictureResolution)">[COLOR $VAR[MainColorVar]]$LOCALIZE[169]: [/COLOR]$INFO[ListItem.PictureResolution][CR]</value>
	</variable>
	<variable name="ListItemPictureCamMakeLabelVar">
		<value condition="!String.IsEmpty(ListItem.PictureCamMake)">[COLOR $VAR[MainColorVar]]$LOCALIZE[31041]: [/COLOR]$INFO[ListItem.PictureCamMake][CR]</value>
	</variable>
	<variable name="ListItemPictureCamModelLabelVar">
		<value condition="!String.IsEmpty(ListItem.PictureCamModel)">[COLOR $VAR[MainColorVar]]$LOCALIZE[21823]: [/COLOR]$INFO[ListItem.PictureCamModel][CR]</value>
	</variable>
	<variable name="ListItemSizeLabelVar">
		<value condition="!String.IsEmpty(ListItem.Size)">[COLOR $VAR[MainColorVar]]$LOCALIZE[289]: [/COLOR]$INFO[ListItem.Size][CR]</value>
	</variable>
	<variable name="ListItemPictureApertureLabelVar">
		<value condition="!String.IsEmpty(ListItem.PictureAperture)">[COLOR $VAR[MainColorVar]]$LOCALIZE[21826]: [/COLOR]$INFO[ListItem.PictureAperture][CR]</value>
	</variable>
	<variable name="ListItemPictureFocalLenLabelVar">
		<value condition="!String.IsEmpty(ListItem.PictureFocalLen)">[COLOR $VAR[MainColorVar]]$LOCALIZE[21827]: [/COLOR]$INFO[ListItem.PictureFocalLen][CR]</value>
	</variable>
	<variable name="ListItemPictureExpTimeLabelVar">
		<value condition="!String.IsEmpty(ListItem.PictureExpTime)">[COLOR $VAR[MainColorVar]]$LOCALIZE[21830]: [/COLOR]$INFO[ListItem.PictureExpTime][CR]</value>
	</variable>
	<variable name="ListItemArtistLabelVar">
		<value condition="!String.IsEmpty(ListItem.Artist)">[COLOR $VAR[MainColorVar]]$LOCALIZE[557]: [/COLOR]$INFO[ListItem.Artist][CR]</value>
	</variable>
	<variable name="ListItemAlbumLabelVar">
		<value condition="!String.IsEmpty(ListItem.Album)">[COLOR $VAR[MainColorVar]]$LOCALIZE[558]: [/COLOR]$INFO[ListItem.Album][CR]</value>
	</variable>
	<variable name="ListItemArtistYearsActiveLabelVar">
		<value condition="!String.IsEmpty(ListItem.Property(Artist_YearsActive))">[COLOR $VAR[MainColorVar]]$LOCALIZE[21898]: [/COLOR]$INFO[ListItem.Property(Artist_YearsActive)][CR]</value>
	</variable>
	<variable name="ListItemArtistStyleLabelVar">
		<value condition="!String.IsEmpty(ListItem.Property(Artist_Style))">[COLOR $VAR[MainColorVar]]$LOCALIZE[736]: [/COLOR]$INFO[ListItem.Property(Artist_Style)][CR]</value>
	</variable>
	<variable name="ListItemAlbumLabelLabelVar">
		<value condition="!String.IsEmpty(ListItem.Property(Album_Label))">[COLOR $VAR[MainColorVar]]$LOCALIZE[21899]: [/COLOR]$INFO[ListItem.Property(Album_Label)][CR]</value>
	</variable>
	<variable name="ListItemAlbumStyleLabelVar">
		<value condition="!String.IsEmpty(ListItem.Property(Album_Style))">[COLOR $VAR[MainColorVar]]$LOCALIZE[736]: [/COLOR]$INFO[ListItem.Property(Album_Style)][CR]</value>
	</variable>
	<variable name="RatingSettingLabel2Var">
		<value condition="Skin.HasSetting(circle_rating)">$LOCALIZE[563]</value>
		<value condition="Skin.HasSetting(circle_userrating)">$LOCALIZE[38018]</value>
		<value>$LOCALIZE[16018]</value>
	</variable>
	<variable name="ProfileIdentificationLabel2Var">
		<value condition="Skin.HasSetting(show_profilename)">$LOCALIZE[31165]</value>
		<value condition="Skin.HasSetting(show_profileavatar)">$LOCALIZE[31166]</value>
		<value>$LOCALIZE[16018]</value>
	</variable>
	<variable name="DurationSplashScreenNameVar">
		<value condition="!String.IsEmpty(Skin.String(duration_splashscreen))">$INFO[Skin.String(duration_splashscreen)]</value>
		<value>5</value>
	</variable>
	<variable name="WidgetLimitItemsVar">
		<value condition="!String.IsEmpty(Skin.String(widget_limititems))">$INFO[Skin.String(widget_limititems)]</value>
		<value>25</value>
	</variable>
	<variable name="StudiosImagesNameVar">
		<value condition="!String.IsEmpty(Skin.String(StudiosImages.name))">$INFO[Skin.String(StudiosImages.name)]</value>
		<value>$LOCALIZE[231]</value>
	</variable>
	<variable name="RecordLabelsNameVar">
		<value condition="!String.IsEmpty(Skin.String(RecordLabels.name))">$INFO[Skin.String(RecordLabels.name)]</value>
		<value>$LOCALIZE[231]</value>
	</variable>
	<variable name="LanguageFlagsNameVar">
		<value condition="!String.IsEmpty(Skin.String(LanguageFlags.name))">$INFO[Skin.String(LanguageFlags.name)]</value>
		<value>$LOCALIZE[231]</value>
	</variable>
	<variable name="MovieGenreIconsNameVar">
		<value condition="!String.IsEmpty(Skin.String(MovieGenreIcons.name))">$INFO[Skin.String(MovieGenreIcons.name)]</value>
		<value>$LOCALIZE[231]</value>
	</variable>
	<variable name="MusicGenreIconsNameVar">
		<value condition="!String.IsEmpty(Skin.String(MusicGenreIcons.name))">$INFO[Skin.String(MusicGenreIcons.name)]</value>
		<value>$LOCALIZE[231]</value>
	</variable>
	<variable name="WeatherIconsNameVar">
		<value condition="!String.IsEmpty(Skin.String(WeatherIcons.name))">$INFO[Skin.String(WeatherIcons.name)]</value>
		<value>$LOCALIZE[231]</value>
	</variable>
	<variable name="SkinSettingPopupPositionNameVar">
		<value condition="!String.IsEmpty(Skin.String(PopupPosition.label))">$INFO[Skin.String(PopupPosition.label)]</value>
		<value>$LOCALIZE[44106]</value>
	</variable>
	<variable name="CustomFocusNameVar">
		<value condition="String.IsEmpty(Skin.String(custom_focus))">1</value>
		<value condition="!String.IsEmpty(Skin.String(custom_focus))">$INFO[Skin.String(custom_focus)]</value>
		<value>$LOCALIZE[231]</value>
	</variable>
	<variable name="CustomFocusVar">
		<value condition="String.IsEmpty(Skin.String(custom_focus))">-1</value>
		<value condition="Integer.IsLess(Skin.String(custom_focus),2)">-1</value>
		<value condition="Integer.IsEqual(Skin.String(custom_focus),2)">0</value>
		<value condition="Integer.IsEqual(Skin.String(custom_focus),3)">1</value>
		<value condition="Integer.IsEqual(Skin.String(custom_focus),4)">2</value>
		<value condition="Integer.IsEqual(Skin.String(custom_focus),5)">3</value>
		<value condition="Integer.IsEqual(Skin.String(custom_focus),6)">4</value>
		<value condition="Integer.IsEqual(Skin.String(custom_focus),7)">5</value>
		<value condition="Integer.IsEqual(Skin.String(custom_focus),8)">6</value>
		<value condition="Integer.IsEqual(Skin.String(custom_focus),9)">7</value>
		<value condition="Integer.IsEqual(Skin.String(custom_focus),10)">8</value>
		<value condition="Integer.IsEqual(Skin.String(custom_focus),11)">9</value>
		<value condition="Integer.IsEqual(Skin.String(custom_focus),12)">10</value>
		<value condition="Integer.IsEqual(Skin.String(custom_focus),13)">11</value>
		<value condition="Integer.IsEqual(Skin.String(custom_focus),14)">12</value>
		<value condition="Integer.IsEqual(Skin.String(custom_focus),15)">13</value>
		<value condition="Integer.IsEqual(Skin.String(custom_focus),16)">14</value>
		<value condition="Integer.IsEqual(Skin.String(custom_focus),17)">15</value>
		<value condition="Integer.IsEqual(Skin.String(custom_focus),18)">16</value>
		<value condition="Integer.IsEqual(Skin.String(custom_focus),19)">17</value>
		<value condition="Integer.IsEqual(Skin.String(custom_focus),20)">18</value>
	</variable>
	<variable name="BackgroundOverlayTypeNameVar">
		<value condition="String.IsEqual(Skin.String(background_overlay),0) | String.IsEmpty(Skin.String(background_overlay)) ">$LOCALIZE[231]</value>
		<value>$INFO[Skin.String(background_overlay),$LOCALIZE[467] ]</value>
	</variable>
	<variable name="BackgroundOpacityValueVar">
		<value condition="String.IsEmpty(Skin.String(Opacity)) | String.IsEqual(Skin.String(Opacity),Default)">bg_overlay</value>
		<value condition="String.IsEqual(Skin.String(Opacity),0)">00FFFFFF</value>
		<value condition="String.IsEqual(Skin.String(Opacity),5)">0DFFFFFF</value>
		<value condition="String.IsEqual(Skin.String(Opacity),10)">1AFFFFFF</value>
		<value condition="String.IsEqual(Skin.String(Opacity),15)">26FFFFFF</value>
		<value condition="String.IsEqual(Skin.String(Opacity),20)">33FFFFFF</value>
		<value condition="String.IsEqual(Skin.String(Opacity),25)">40FFFFFF</value>
		<value condition="String.IsEqual(Skin.String(Opacity),30)">4DFFFFFF</value>
		<value condition="String.IsEqual(Skin.String(Opacity),35)">59FFFFFF</value>
		<value condition="String.IsEqual(Skin.String(Opacity),40)">66FFFFFF</value>
		<value condition="String.IsEqual(Skin.String(Opacity),45)">73FFFFFF</value>
		<value condition="String.IsEqual(Skin.String(Opacity),50)">80FFFFFF</value>
		<value condition="String.IsEqual(Skin.String(Opacity),55)">8CFFFFFF</value>
		<value condition="String.IsEqual(Skin.String(Opacity),60)">99FFFFFF</value>
		<value condition="String.IsEqual(Skin.String(Opacity),65)">A6FFFFFF</value>
		<value condition="String.IsEqual(Skin.String(Opacity),70)">B3FFFFFF</value>
		<value condition="String.IsEqual(Skin.String(Opacity),75)">BFFFFFFF</value>
		<value condition="String.IsEqual(Skin.String(Opacity),80)">CCFFFFFF</value>
		<value condition="String.IsEqual(Skin.String(Opacity),85)">D9FFFFFF</value>
		<value condition="String.IsEqual(Skin.String(Opacity),90)">E6FFFFFF</value>
		<value condition="String.IsEqual(Skin.String(Opacity),95)">F2FFFFFF</value>
		<value condition="String.IsEqual(Skin.String(Opacity),100)">FFFFFFFF</value>
		<value>bg_overlay</value>
	</variable>
	<variable name="BackgroundOpacityValueNameVar">
		<value condition="!String.IsEmpty(Skin.String(Opacity)) + !String.IsEqual(Skin.String(Opacity),Default)">$INFO[Skin.String(Opacity.label)] %</value>
		<value>$LOCALIZE[15109]</value>
	</variable>
	<variable name="BackgroundPowerVar">
		<value condition="!String.IsEmpty(Skin.String(background_power))">$INFO[Skin.String(background_power)]</value>
		<value>special://skin/extras/home-images/power.jpg</value>
	</variable>
	<variable name="BackgroundPowerNameVar">
		<value condition="!String.IsEmpty(Skin.String(background_power))">$INFO[Skin.String(background_power)]</value>
		<value>$LOCALIZE[15109]</value>
	</variable>
	<variable name="BackgroundSettingsVar">
		<value condition="!String.IsEmpty(Skin.String(background_settings))">$INFO[Skin.String(background_settings)]</value>
		<value>special://skin/extras/home-images/settings.jpg</value>
	</variable>
	<variable name="BackgroundSettingsNameVar">
		<value condition="!String.IsEmpty(Skin.String(background_settings))">$INFO[Skin.String(background_settings)]</value>
		<value>$LOCALIZE[15109]</value>
	</variable>
	<variable name="BackgroundSearchVar">
		<value condition="!String.IsEmpty(Skin.String(background_search))">$INFO[Skin.String(background_search)]</value>
		<value>special://skin/extras/home-images/search.jpg</value>
	</variable>
	<variable name="BackgroundSearchNameVar">
		<value condition="!String.IsEmpty(Skin.String(background_search))">$INFO[Skin.String(background_search)]</value>
		<value>$LOCALIZE[15109]</value>
	</variable>
	<variable name="BackgroundAudioVar">
		<value condition="!String.IsEmpty(Skin.String(background_audio))">$INFO[Skin.String(background_audio)]</value>
		<value>special://skin/extras/home-images/music.jpg</value>
	</variable>
	<variable name="BackgroundAudioNameVar">
		<value condition="!String.IsEmpty(Skin.String(background_audio))">$INFO[Skin.String(background_audio)]</value>
		<value>$LOCALIZE[15109]</value>
	</variable>
	<variable name="HomeFanartNameVar">
		<value condition="!String.IsEmpty(Skin.String(HomeFanart.name))">$INFO[Skin.String(HomeFanart.name)]</value>
		<value>$LOCALIZE[231]</value>
	</variable>
	<variable name="MovieGenreFanartNameVar">
		<value condition="!String.IsEmpty(Skin.String(MovieGenreFanart.name))">$INFO[Skin.String(MovieGenreFanart.name)]</value>
		<value>$LOCALIZE[231]</value>
	</variable>
	<variable name="WeatherFanartNameVar">
		<value condition="!String.IsEmpty(Skin.String(WeatherFanart.name))">$INFO[Skin.String(WeatherFanart.name)]</value>
		<value>$LOCALIZE[231]</value>
	</variable>
	<variable name="PrimaryBackgroundColorVar">
		<value condition="!String.IsEmpty(Skin.String(primary_background_color))">$INFO[Skin.String(primary_background_color)]</value>
		<value>primary_background</value>
	</variable>
	<variable name="PrimaryBackgroundColorNameVar">
		<value condition="!String.IsEmpty(Skin.String(primary_background_color))">$INFO[Skin.String(primary_background_color)]</value>
		<value>$LOCALIZE[15109]</value>
	</variable>
	<variable name="SecondaryBackgroundColorVar">
		<value condition="!String.IsEmpty(Skin.String(secondary_background_color))">$INFO[Skin.String(secondary_background_color)]</value>
		<value>secondary_background</value>
	</variable>
	<variable name="SecondaryBackgroundColorNameVar">
		<value condition="!String.IsEmpty(Skin.String(secondary_background_color))">$INFO[Skin.String(secondary_background_color)]</value>
		<value>$LOCALIZE[15109]</value>
	</variable>
	<variable name="MediaFlagsColorVar">
		<value condition="!String.IsEmpty(Skin.String(media_flags_color))">$INFO[Skin.String(media_flags_color)]</value>
		<value>white</value>
	</variable>
	<variable name="MediaFlagsColorNameVar">
		<value condition="!String.IsEmpty(Skin.String(media_flags_color))">$INFO[Skin.String(media_flags_color)]</value>
		<value>$LOCALIZE[15109]</value>
	</variable>
	<variable name="BorderMediaColorVar">
		<value condition="!String.IsEmpty(Skin.String(border_media_color))">$INFO[Skin.String(border_media_color)]</value>
		<value>white</value>
	</variable>
	<variable name="BorderMediaColorNameVar">
		<value condition="!String.IsEmpty(Skin.String(border_media_color))">$INFO[Skin.String(border_media_color)]</value>
		<value>$LOCALIZE[15109]</value>
	</variable>
	<variable name="DialogTintColorVar">
		<value condition="!String.IsEmpty(Skin.String(dialog_tint_color))">$INFO[Skin.String(dialog_tint_color)]</value>
		<value>dialog_tint</value>
	</variable>
	<variable name="DialogTintColorNameVar">
		<value condition="!String.IsEmpty(Skin.String(dialog_tint_color))">$INFO[Skin.String(dialog_tint_color)]</value>
		<value>$LOCALIZE[15109]</value>
	</variable>
	<variable name="BackgroundColorVar">
		<value condition="!String.IsEmpty(Skin.String(background_color))">$INFO[Skin.String(background_color)]</value>
		<value>background</value>
	</variable>
	<variable name="BackgroundColorNameVar">
		<value condition="!String.IsEmpty(Skin.String(background_color))">$INFO[Skin.String(background_color)]</value>
		<value>$LOCALIZE[15109]</value>
	</variable>
	<variable name="BlackColorVar">
		<value condition="!String.IsEmpty(Skin.String(black_color))">$INFO[Skin.String(black_color)]</value>
		<value>black</value>
	</variable>
	<variable name="BlackColorNameVar">
		<value condition="!String.IsEmpty(Skin.String(black_color))">$INFO[Skin.String(black_color)]</value>
		<value>$LOCALIZE[15109]</value>
	</variable>
	<variable name="WhiteColorVar">
		<value condition="!String.IsEmpty(Skin.String(white_color))">$INFO[Skin.String(white_color)]</value>
		<value>white</value>
	</variable>
	<variable name="WhiteColorNameVar">
		<value condition="!String.IsEmpty(Skin.String(white_color))">$INFO[Skin.String(white_color)]</value>
		<value>$LOCALIZE[15109]</value>
	</variable>
	<variable name="GreyColorVar">
		<value condition="!String.IsEmpty(Skin.String(grey_color))">$INFO[Skin.String(grey_color)]</value>
		<value>grey</value>
	</variable>
	<variable name="GreyColorNameVar">
		<value condition="!String.IsEmpty(Skin.String(grey_color))">$INFO[Skin.String(grey_color)]</value>
		<value>$LOCALIZE[15109]</value>
	</variable>
	<variable name="BlueColorVar">
		<value condition="!String.IsEmpty(Skin.String(blue_color))">$INFO[Skin.String(blue_color)]</value>
		<value>blue</value>
	</variable>
	<variable name="BlueColorNameVar">
		<value condition="!String.IsEmpty(Skin.String(blue_color))">$INFO[Skin.String(blue_color)]</value>
		<value>$LOCALIZE[15109]</value>
	</variable>
	<variable name="RedColorVar">
		<value condition="!String.IsEmpty(Skin.String(red_color))">$INFO[Skin.String(red_color)]</value>
		<value>red</value>
	</variable>
	<variable name="RedColorNameVar">
		<value condition="!String.IsEmpty(Skin.String(red_color))">$INFO[Skin.String(red_color)]</value>
		<value>$LOCALIZE[15109]</value>
	</variable>
	<variable name="MainColorVar">
		<value condition="!String.IsEmpty(Skin.String(main_color))">$INFO[Skin.String(main_color)]</value>
		<value>button_focus</value>
	</variable>
	<variable name="MainColorNameVar">
		<value condition="!String.IsEmpty(Skin.String(main_color))">$INFO[Skin.String(main_color)]</value>
		<value>$LOCALIZE[15109]</value>
	</variable>
	<variable name="TextShadowColorVar">
		<value condition="!String.IsEmpty(Skin.String(text_shadow_color))">$INFO[Skin.String(text_shadow_color)]</value>
		<value>text_shadow</value>
	</variable>
	<variable name="TextShadowColorNameVar">
		<value condition="!String.IsEmpty(Skin.String(text_shadow_color))">$INFO[Skin.String(text_shadow_color)]</value>
		<value>$LOCALIZE[15109]</value>
	</variable>
	<variable name="DisabledColorVar">
		<value condition="!String.IsEmpty(Skin.String(disabled_color))">$INFO[Skin.String(disabled_color)]</value>
		<value>disabled</value>
	</variable>
	<variable name="DisabledColorNameVar">
		<value condition="!String.IsEmpty(Skin.String(disabled_color))">$INFO[Skin.String(disabled_color)]</value>
		<value>$LOCALIZE[15109]</value>
	</variable>
	<variable name="SelectedColorVar">
		<value condition="!String.IsEmpty(Skin.String(selected_color))">$INFO[Skin.String(selected_color)]</value>
		<value>selected</value>
	</variable>
	<variable name="SelectedColorNameVar">
		<value condition="!String.IsEmpty(Skin.String(selected_color))">$INFO[Skin.String(selected_color)]</value>
		<value>$LOCALIZE[15109]</value>
	</variable>
	<variable name="InvalidColorVar">
		<value condition="!String.IsEmpty(Skin.String(invalid_color))">$INFO[Skin.String(invalid_color)]</value>
		<value>invalid</value>
	</variable>
	<variable name="InvalidColorNameVar">
		<value condition="!String.IsEmpty(Skin.String(invalid_color))">$INFO[Skin.String(invalid_color)]</value>
		<value>$LOCALIZE[15109]</value>
	</variable>
	<variable name="ScrollbarColorVar">
		<value condition="!String.IsEmpty(Skin.String(scrollbar_color))">$INFO[Skin.String(scrollbar_color)]</value>
		<value>scrollbar</value>
	</variable>
	<variable name="ScrollbarColorNameVar">
		<value condition="!String.IsEmpty(Skin.String(scrollbar_color))">$INFO[Skin.String(scrollbar_color)]</value>
		<value>$LOCALIZE[15109]</value>
	</variable>
	<variable name="ScrollbarBackgroundColorVar">
		<value condition="!String.IsEmpty(Skin.String(scrollbar_background_color))">$INFO[Skin.String(scrollbar_background_color)]</value>
		<value>scrollbar_background</value>
	</variable>
	<variable name="ScrollbarBackgroundColorNameVar">
		<value condition="!String.IsEmpty(Skin.String(scrollbar_background_color))">$INFO[Skin.String(scrollbar_background_color)]</value>
		<value>$LOCALIZE[15109]</value>
	</variable>
	<variable name="SeparatorColorVar">
		<value condition="!String.IsEmpty(Skin.String(separator_color))">$INFO[Skin.String(separator_color)]</value>
		<value>separator</value>
	</variable>
	<variable name="SeparatorColorNameVar">
		<value condition="!String.IsEmpty(Skin.String(separator_color))">$INFO[Skin.String(separator_color)]</value>
		<value>$LOCALIZE[15109]</value>
	</variable>
	<variable name="RssHeaderColorVar">
		<value condition="!String.IsEmpty(Skin.String(rss_header_color))">$INFO[Skin.String(rss_header_color)]</value>
		<value>rssheader</value>
	</variable>
	<variable name="RssHeaderColorNameVar">
		<value condition="!String.IsEmpty(Skin.String(rss_header_color))">$INFO[Skin.String(rss_header_color)]</value>
		<value>$LOCALIZE[15109]</value>
	</variable>
	<variable name="TitleAndYearVar">
		<value condition="!ListItem.IsCollection">$INFO[ListItem.Label]$VAR[ListItemYearLabelVar]</value>
		<value condition="ListItem.IsCollection">$INFO[ListItem.Label]</value>
	</variable>
	<variable name="BackgroundMoviesVar">
		<value condition="!String.IsEmpty(Skin.String(background_movies))">$INFO[Skin.String(background_movies)]</value>
		<value>special://skin/extras/home-images/movies.jpg</value>
	</variable>
	<variable name="BackgroundMoviesNameVar">
		<value condition="!String.IsEmpty(Skin.String(background_movies))">$INFO[Skin.String(background_movies)]</value>
		<value>$LOCALIZE[15109]</value>
	</variable>
	<variable name="BackgroundTVShowsVar">
		<value condition="!String.IsEmpty(Skin.String(background_tvshows))">$INFO[Skin.String(background_tvshows)]</value>
		<value>special://skin/extras/home-images/tvshows.jpg</value>
	</variable>
	<variable name="BackgroundTVShowsNameVar">
		<value condition="!String.IsEmpty(Skin.String(background_tvshows))">$INFO[Skin.String(background_tvshows)]</value>
		<value>$LOCALIZE[15109]</value>
	</variable>
	<variable name="BackgroundMusicVar">
		<value condition="!String.IsEmpty(Skin.String(background_music))">$INFO[Skin.String(background_music)]</value>
		<value>special://skin/extras/home-images/music.jpg</value>
	</variable>
	<variable name="BackgroundMusicNameVar">
		<value condition="!String.IsEmpty(Skin.String(background_music))">$INFO[Skin.String(background_music)]</value>
		<value>$LOCALIZE[15109]</value>
	</variable>
	<variable name="BackgroundDVDVar">
		<value condition="!String.IsEmpty(Skin.String(background_dvd))">$INFO[Skin.String(background_dvd)]</value>
		<value>special://skin/extras/home-images/dvd.jpg</value>
	</variable>
	<variable name="BackgroundDVDNameVar">
		<value condition="!String.IsEmpty(Skin.String(background_dvd))">$INFO[Skin.String(background_dvd)]</value>
		<value>$LOCALIZE[15109]</value>
	</variable>
	<variable name="BackgroundMusicVideosVar">
		<value condition="!String.IsEmpty(Skin.String(background_musicvideos))">$INFO[Skin.String(background_musicvideos)]</value>
		<value>special://skin/extras/home-images/musicvideo.jpg</value>
	</variable>
	<variable name="BackgroundMusicVideosNameVar">
		<value condition="!String.IsEmpty(Skin.String(background_musicvideos))">$INFO[Skin.String(background_musicvideos)]</value>
		<value>$LOCALIZE[15109]</value>
	</variable>
	<variable name="BackgroundLiveTVVar">
		<value condition="!String.IsEmpty(Skin.String(background_livetv))">$INFO[Skin.String(background_livetv)]</value>
		<value>special://skin/extras/home-images/livetv.jpg</value>
	</variable>
	<variable name="BackgroundLiveTVNameVar">
		<value condition="!String.IsEmpty(Skin.String(background_livetv))">$INFO[Skin.String(background_livetv)]</value>
		<value>$LOCALIZE[15109]</value>
	</variable>
	<variable name="BackgroundRadioVar">
		<value condition="!String.IsEmpty(Skin.String(background_radio))">$INFO[Skin.String(background_radio)]</value>
		<value>special://skin/extras/home-images/radio.jpg</value>
	</variable>
	<variable name="BackgroundRadioNameVar">
		<value condition="!String.IsEmpty(Skin.String(background_radio))">$INFO[Skin.String(background_radio)]</value>
		<value>$LOCALIZE[15109]</value>
	</variable>
	<variable name="BackgroundGamesVar">
		<value condition="!String.IsEmpty(Skin.String(background_games))">$INFO[Skin.String(background_games)]</value>
		<value>special://skin/extras/home-images/games.jpg</value>
	</variable>
	<variable name="BackgroundGamesNameVar">
		<value condition="!String.IsEmpty(Skin.String(background_games))">$INFO[Skin.String(background_games)]</value>
		<value>$LOCALIZE[15109]</value>
	</variable>
	<variable name="BackgroundAddonsVar">
		<value condition="!String.IsEmpty(Skin.String(background_addons))">$INFO[Skin.String(background_addons)]</value>
		<value>special://skin/extras/home-images/addons.jpg</value>
	</variable>
	<variable name="BackgroundAddonsNameVar">
		<value condition="!String.IsEmpty(Skin.String(background_addons))">$INFO[Skin.String(background_addons)]</value>
		<value>$LOCALIZE[15109]</value>
	</variable>
	<variable name="BackgroundPicturesVar">
		<value condition="!String.IsEmpty(Skin.String(background_pictures))">$INFO[Skin.String(background_pictures)]</value>
		<value>special://skin/extras/home-images/pictures.jpg</value>
	</variable>
	<variable name="BackgroundPicturesNameVar">
		<value condition="!String.IsEmpty(Skin.String(background_pictures))">$INFO[Skin.String(background_pictures)]</value>
		<value>$LOCALIZE[15109]</value>
	</variable>
	<variable name="BackgroundVideosVar">
		<value condition="!String.IsEmpty(Skin.String(background_videos))">$INFO[Skin.String(background_videos)]</value>
		<value>special://skin/extras/home-images/videos.jpg</value>
	</variable>
	<variable name="BackgroundVideosNameVar">
		<value condition="!String.IsEmpty(Skin.String(background_videos))">$INFO[Skin.String(background_videos)]</value>
		<value>$LOCALIZE[15109]</value>
	</variable>
	<variable name="BackgroundFavouritesVar">
		<value condition="!String.IsEmpty(Skin.String(background_favourites))">$INFO[Skin.String(background_favourites)]</value>
		<value>special://skin/extras/home-images/favorites.jpg</value>
	</variable>
	<variable name="BackgroundFavouritesNameVar">
		<value condition="!String.IsEmpty(Skin.String(background_favourites))">$INFO[Skin.String(background_favourites)]</value>
		<value>$LOCALIZE[15109]</value>
	</variable>
	<variable name="BackgroundWeatherVar">
		<value condition="!String.IsEmpty(Skin.String(background_weather))">$INFO[Skin.String(background_weather)]</value>
		<value>special://skin/extras/home-images/weather.jpg</value>
	</variable>
	<variable name="BackgroundWeatherNameVar">
		<value condition="!String.IsEmpty(Skin.String(background_weather))">$INFO[Skin.String(background_weather)]</value>
		<value>$LOCALIZE[15109]</value>
	</variable>
	<variable name="MasterModeLabelVar">
		<value condition="!System.IsMaster">$LOCALIZE[20045]</value>
		<value>$LOCALIZE[20046]</value>
	</variable>
</includes>
