<?xml version="1.0" encoding="UTF-8"?>
<window id="5535">
	<defaultcontrol always="true">1500</defaultcontrol>
	<allowoverlay>no</allowoverlay>
	<controls>
		<control type="group">
			<centertop>50%</centertop>
			<centerleft>50%</centerleft>
			<height>700</height>
			<width>1320</width>
			<include content="DialogBackgroundCommons">
				<param name="width" value="1320" />
				<param name="height" value="700" />
				<param name="header_label" value="" />
				<param name="header_id" value="32300" />
			</include>
			<control type="image">
				<left>0</left>
				<top>70</top>
				<width>270</width>
				<height>630</height>
				<texture border="15">os/coreelec/floor.png</texture>
			</control>
			<control type="image">
				<left>0</left>
				<top>70</top>
				<width>270</width>
				<height>630</height>
				<texture border="15">os/coreelec/wizard.png</texture>
			</control>
			<control type="image">
				<left>268</left>
				<top>570</top>
				<width>1051</width>
				<height>131</height>
				<texture border="5">os/coreelec/black-back2.png</texture>
			</control>
			<control type="group" id="1398">
				<top>15</top>
				<height>530</height>
				<visible>String.IsEmpty(Control.GetLabel(1390))</visible>
				<animation type="Visible" reversible="false">
					<effect type="fade" start="0" end="100" time="300" />
				</animation>
				<animation type="Hidden" reversible="false">
					<effect type="fade" start="100" end="0" time="300" />
				</animation>
				<control type="label" id="1390">
					<left>300</left>
					<top>120</top>
					<width>1</width>
					<height>1</height>
					<label />
					<visible>false</visible>
				</control>
				<control type="label" id="1399">
					<left>300</left>
					<top>66</top>
					<width>990</width>
					<height>40</height>
					<font>font24_title</font>
					<label />
					<align>left</align>
					<textcolor>$VAR[MainColorVar]</textcolor>
					<shadowcolor>black</shadowcolor>
				</control>
				<control type="textbox" id="1400">
					<left>300</left>
					<top>124</top>
					<width>900</width>
					<height>500</height>
					<font>font12</font>
					<label />
					<align>left</align>
					<textcolor>white</textcolor>
					<shadowcolor>black</shadowcolor>
				</control>
				<control type="group" id="1396">
					<control type="label" id="1403">
						<left>300</left>
						<top>400</top>
						<width>750</width>
						<height>20</height>
						<label />
						<align>left</align>
						<textcolor>$VAR[MainColorVar]</textcolor>
						<shadowcolor>black</shadowcolor>
					</control>
					<control type="radiobutton" id="1406">
						<left>280</left>
						<top>440</top>
						<width>300</width>
						<height>90</height>
						<label />
						<textoffsetx>45</textoffsetx>
						<texturefocus border="40" colordiffuse="$VAR[MainColorVar]">buttons/dialogbutton-fo.png</texturefocus>
						<texturenofocus border="40">buttons/dialogbutton-nofo.png</texturenofocus>
					</control>
					<control type="radiobutton" id="1407">
						<left>570</left>
						<top>440</top>
						<width>300</width>
						<height>90</height>
						<label />
						<textoffsetx>45</textoffsetx>
						<texturefocus border="40" colordiffuse="$VAR[MainColorVar]">buttons/dialogbutton-fo.png</texturefocus>
						<texturenofocus border="40">buttons/dialogbutton-nofo.png</texturenofocus>
					</control>
					<control type="button" id="1401">
						<left>280</left>
						<top>440</top>
						<width>300</width>
						<height>90</height>
						<texturefocus border="40" colordiffuse="$VAR[MainColorVar]">buttons/dialogbutton-fo.png</texturefocus>
						<texturenofocus border="40">buttons/dialogbutton-nofo.png</texturenofocus>
						<label />
						<font>font13_title</font>
						<textcolor>white</textcolor>
						<align>center</align>
					</control>
					<control type="button" id="1402">
						<left>570</left>
						<top>440</top>
						<width>300</width>
						<height>90</height>
						<texturefocus border="40" colordiffuse="$VAR[MainColorVar]">buttons/dialogbutton-fo.png</texturefocus>
						<texturenofocus border="40">buttons/dialogbutton-nofo.png</texturenofocus>
						<label />
						<font>font13_title</font>
						<textcolor>white</textcolor>
						<align>center</align>
					</control>
				</control>
				<control type="group" id="1397">
					<visible>!String.IsEmpty(Control.GetLabel(1391))</visible>
					<control type="label" id="1391">
						<left>300</left>
						<top>140</top>
						<width>1</width>
						<height>1</height>
						<label />
						<visible>false</visible>
					</control>
					<control type="label" id="1404">
						<left>300</left>
						<top>315</top>
						<width>750</width>
						<height>20</height>
						<label />
						<align>left</align>
						<textcolor>$VAR[MainColorVar]</textcolor>
						<shadowcolor>black</shadowcolor>
					</control>
					<control type="image">
						<left>278</left>
						<top>350</top>
						<width>1020</width>
						<height>200</height>
						<texture border="22">dialogs/dialog-bg.png</texture>
					</control>

					<!-- Main Menu (left) -->
					<control type="list" id="1000">
						<visible>false</visible>
						<left>10</left>
						<top>100</top>
						<width>260</width>
						<height>541</height>
						<onleft>1500</onleft>
						<pagecontrol>-</pagecontrol>
						<scrolltime>300</scrolltime>
						<itemlayout height="54" width="260" />
						<focusedlayout height="54" width="260" />
					</control>

					<!-- Network Menu Content -->
					<control type="list" id="1200">
						<left>300</left>
						<top>372</top>
						<width>1050</width>
						<height>150</height>
						<ondown>1500</ondown>
						<onright>1500</onright>
						<scrolltime>300</scrolltime>
						<itemlayout height="50">
							<left>0</left>
							<top>0</top>
							<control type="image">
								<left>0</left>
								<top>2</top>
								<width>974</width>
								<height>48</height>
								<texture border="40">lists/separator.png</texture>
							</control>
							<!-- Icon ethernet -->
							<control type="image">
								<left>10</left>
								<top>10</top>
								<width>32</width>
								<height>32</height>
								<aspectratio>keep</aspectratio>
								<visible>String.IsEqual(ListItem.Property(netType), ethernet)</visible>
								<texture>os/coreelec/icons/eth.png</texture>
							</control>
							<!-- Icon wifi -->
							<control type="image">
								<left>10</left>
								<top>10</top>
								<width>32</width>
								<height>32</height>
								<aspectratio>keep</aspectratio>
								<visible>String.IsEqual(ListItem.Property(netType), wifi)</visible>
								<texture>os/coreelec/icons/wlan.png</texture>
							</control>
							<!-- Connection Name -->
							<control type="label">
								<left>70</left>
								<top>0</top>
								<width>200</width>
								<height>50</height>
								<aligny>center</aligny>
								<font>font13_title</font>
								<textcolor>$VAR[MainColorVar]</textcolor>
								<info>ListItem.Label</info>
								<visible>true</visible>
							</control>
							<!-- Connection Address -->
							<control type="label">
								<left>300</left>
								<top>0</top>
								<width>350</width>
								<height>50</height>
								<aligny>center</aligny>
								<font>font12</font>
								<textcolor>$VAR[MainColorVar]</textcolor>
								<visible>String.IsEqual(ListItem.Property(State), online) | String.IsEqual(ListItem.Property(State), ready)</visible>
								<label>$ADDON[service.coreelec.settings 602]: [COLOR white]$INFO[ListItem.Property(Address)][/COLOR]</label>
							</control>
							<!-- State -->
							<control type="label">
								<left>680</left>
								<top>0</top>
								<width>170</width>
								<height>50</height>
								<aligny>center</aligny>
								<font>font12</font>
								<textcolor>$VAR[MainColorVar]</textcolor>
								<label>$ADDON[service.coreelec.settings 604]: [COLOR white]$INFO[ListItem.Property(State)][/COLOR]</label>
							</control>
							<!-- Signal strength -->
							<control type="progress">
								<left>10</left>
								<top>40</top>
								<width>952</width>
								<height>2</height>
								<info>ListItem.Property(Strength)</info>
								<visible>String.IsEqual(ListItem.Property(netType), wifi)</visible>
								<texturebg />
								<lefttexture />
								<righttexture />
								<overlaytexture />
								<midtexture colordiffuse="$VAR[MainColorVar]" border="2">dialogs/separator-grey.png</midtexture>
							</control>
							<!-- Secure Symbol (bottom right) -->
							<control type="image">
								<left>930</left>
								<top>15</top>
								<width>20</width>
								<height>20</height>
								<aspectratio>keep</aspectratio>
								<visible>Integer.IsGreater(ListItem.Property(Security), 0)</visible>
								<texture>os/coreelec/icons/Key.png</texture>
							</control>
						</itemlayout>
						<focusedlayout height="50">
							<left>0</left>
							<top>0</top>
							<control type="image">
								<left>0</left>
								<top>2</top>
								<width>974</width>
								<height>48</height>
								<texture border="40">lists/separator.png</texture>
							</control>
							<control type="image">
								<left>0</left>
								<top>2</top>
								<width>974</width>
								<height>48</height>
								<visible>Control.HasFocus(1200)</visible>
								<texture colordiffuse="$VAR[MainColorVar]">lists/focus.png</texture>
								<animation type="Visible" reversible="false">
									<effect type="fade" start="0" end="100" time="300" />
								</animation>
							</control>
							<!-- Icon ethernet -->
							<control type="image">
								<left>10</left>
								<top>10</top>
								<width>32</width>
								<height>32</height>
								<aspectratio>keep</aspectratio>
								<visible>String.IsEqual(ListItem.Property(netType), ethernet)</visible>
								<texture>os/coreelec/icons/eth.png</texture>
							</control>
							<!-- Icon wifi -->
							<control type="image">
								<left>10</left>
								<top>10</top>
								<width>32</width>
								<height>32</height>
								<aspectratio>keep</aspectratio>
								<visible>String.IsEqual(ListItem.Property(netType), wifi)</visible>
								<texture>os/coreelec/icons/wlan.png</texture>
							</control>
							<!-- Connection Name -->
							<control type="label">
								<left>70</left>
								<top>0</top>
								<width>200</width>
								<height>50</height>
								<aligny>center</aligny>
								<font>font13_title</font>
								<textcolor>$VAR[MainColorVar]</textcolor>
								<info>ListItem.Label</info>
								<visible>true</visible>
							</control>
							<!-- Connection Address -->
							<control type="label">
								<left>300</left>
								<top>0</top>
								<width>350</width>
								<height>50</height>
								<aligny>center</aligny>
								<font>font12</font>
								<textcolor>$VAR[MainColorVar]</textcolor>
								<visible>String.IsEqual(ListItem.Property(State), online) | String.IsEqual(ListItem.Property(State), ready)</visible>
								<label>$ADDON[service.coreelec.settings 602]: [COLOR white]$INFO[ListItem.Property(Address)][/COLOR]</label>
							</control>
							<!-- State -->
							<control type="label">
								<left>680</left>
								<top>0</top>
								<width>170</width>
								<height>50</height>
								<aligny>center</aligny>
								<font>font12</font>
								<textcolor>$VAR[MainColorVar]</textcolor>
								<label>$ADDON[service.coreelec.settings 604]: [COLOR white]$INFO[ListItem.Property(State)][/COLOR]</label>
							</control>
							<!-- Signal strength -->
							<control type="progress">
								<left>10</left>
								<top>40</top>
								<width>952</width>
								<height>2</height>
								<info>ListItem.Property(Strength)</info>
								<visible>String.IsEqual(ListItem.Property(netType), wifi)</visible>
								<texturebg />
								<lefttexture />
								<righttexture />
								<overlaytexture />
								<midtexture colordiffuse="$VAR[MainColorVar]" border="2">dialogs/separator-grey.png</midtexture>
							</control>
							<!-- Secure Symbol (bottom right) -->
							<control type="image">
								<left>930</left>
								<top>15</top>
								<width>20</width>
								<height>20</height>
								<aspectratio>keep</aspectratio>
								<visible>Integer.IsGreater(ListItem.Property(Security), 0)</visible>
								<texture>os/coreelec/icons/Key.png</texture>
							</control>
						</focusedlayout>
					</control>
				</control>
			</control>
			<control type="button" id="1500">
				<left>970</left>
				<top>590</top>
				<width>300</width>
				<height>90</height>
				<visible>true</visible>
				<texturefocus border="40" colordiffuse="$VAR[MainColorVar]">buttons/dialogbutton-fo.png</texturefocus>
				<texturenofocus border="40">buttons/dialogbutton-nofo.png</texturenofocus>
				<label />
				<font>font13_title</font>
				<textcolor>white</textcolor>
				<align>center</align>
				<onup>1000</onup>
				<onleft>1000</onleft>
				<visible>!String.IsEmpty(Control.GetLabel(1500))</visible>
			</control>
		</control>
	</controls>
</window>
