<?xml version="1.0" encoding="utf-8"?>
<window>
	<defaultcontrol></defaultcontrol>
	<controls>
        <control type="label" id="1">
            <description>Clock label</description>
            <left>1100</left>
            <top>25</top>
            <width>800</width>
            <height>25</height>
            <align>right</align>
            <aligny>center</aligny>
            <font>font13</font>
            <textcolor>white</textcolor>
            <shadowcolor>black</shadowcolor>
            <label>$INFO[System.Time]</label>
            <animation effect="slide" start="0,0" end="-65,0" time="0" condition="Window.IsActive(volumebar) | Player.Muted">conditional</animation>
            <visible>Skin.HasSetting(FullScreenClock) + ![Player.ShowInfo | Window.IsActive(videoosd) | Window.IsActive(fullscreeninfo) | Window.IsActive(PVROSDChannels) | Window.IsActive(PVROSDGuide)]</visible>
        </control>
		<control type="group" id="0">
            <!-- codec infos -->
            <visible>![Player.ShowInfo | Window.IsActive(videoosd) | Window.IsActive(fullscreeninfo)]</visible>
			<control type="image">
				<left>-20</left>
				<top>-465</top>
				<width>2000</width>
				<height>765</height>
				<texture border="40">buttons/dialogbutton-nofo.png</texture>
				<animation effect="slide" end="0,250" time="160" tween="cubic" condition="VideoPlayer.Content(LiveTV) + System.GetBool(pvrplayback.signalquality)">Conditional</animation>
			</control>
			<control type="label" id="10">
				<left>45</left>
				<top>15</top>
				<width>1770</width>
				<height>100</height>
				<label></label>
				<font>font12</font>
			</control>
			<control type="label" id="11">
				<left>45</left>
				<top>95</top>
				<width>1770</width>
				<height>100</height>
				<label></label>
				<font>font12</font>
			</control>
			<control type="label" id="12">
				<left>45</left>
				<top>175</top>
				<width>1770</width>
				<height>100</height>
				<label></label>
				<font>font12</font>
			</control>
			<control type="group">
                <visible>![Player.ShowInfo | Window.IsActive(videoosd) | Window.IsActive(fullscreeninfo)]</visible>
				<visible>VideoPlayer.Content(LiveTV) + system.getbool(pvrplayback.signalquality)</visible>
				<top>310</top>
				<control type="label">
					<description>Header</description>
					<left>50</left>
					<width>1720</width>
					<height>65</height>
					<align>center</align>
					<aligny>top</aligny>
					<label>$LOCALIZE[19005]</label>
					<font>font24_title</font>
					<textcolor>$VAR[MainColorVar]</textcolor>
				</control>
				<control type="grouplist">
					<orientation>vertical</orientation>
					<left>35</left>
					<top>90</top>
					<include name="LeftRightAlignedInfoLine">
						<param name="label" value="$LOCALIZE[19012]" />
						<param name="value" value="$INFO[PVR.ActStreamClient]" />
					</include>
					<include name="LeftRightAlignedInfoLine">
						<param name="label" value="$LOCALIZE[19006]" />
						<param name="value" value="$INFO[PVR.ActStreamDevice]" />
					</include>
					<include name="LeftRightAlignedInfoLine">
						<param name="label" value="$LOCALIZE[19007]" />
						<param name="value" value="$INFO[PVR.ActStreamStatus]" />
					</include>
				</control>
				<control type="group">
					<left>1470</left>
					<top>90</top>
					<control type="label">
						<description>Signal</description>
						<width>300</width>
						<height>25</height>
						<aligny>center</aligny>
						<label>[COLOR $VAR[MainColorVar]]$LOCALIZE[19008]:[/COLOR] $INFO[PVR.ActStreamSignal]</label>
						<font>font12</font>
					</control>
					<control type="progress">
						<top>30</top>
						<width>360</width>
						<height>12</height>
						<info>PVR.ActStreamProgrSignal</info>
					</control>
					<control type="label">
						<description>SNR</description>
						<top>60</top>
						<width>300</width>
						<height>25</height>
						<aligny>center</aligny>
						<label>[COLOR $VAR[MainColorVar]]$LOCALIZE[19009]:[/COLOR] $INFO[PVR.ActStreamSNR]</label>
						<font>font12</font>
					</control>
					<control type="progress">
						<top>90</top>
						<width>360</width>
						<height>12</height>
						<info>PVR.ActStreamProgrSNR</info>
					</control>
				</control>
				<control type="grouplist">
					<orientation>vertical</orientation>
					<left>800</left>
					<top>90</top>
					<include name="LeftRightAlignedInfoLine">
						<param name="label" value="$LOCALIZE[19010]" />
						<param name="value" value="$INFO[PVR.ActStreamBER]" />
					</include>
					<include name="LeftRightAlignedInfoLine">
						<param name="label" value="$LOCALIZE[19011]" />
						<param name="value" value="$INFO[PVR.ActStreamUNC]" />
					</include>
					<include name="LeftRightAlignedInfoLine">
						<param name="label" value="$LOCALIZE[19015]" />
						<param name="value" value="$INFO[PVR.ActStreamEncryptionName]" />
					</include>
				</control>
			</control>
		</control>
		<control type="label" id="1">
			<left>45</left>
			<top>15</top>
			<width>1770</width>
			<height>100</height>
			<label>$INFO[Player.SeekNumeric(hh:mm:ss)]</label>
			<font>font12</font>
			<shadowcolor>black</shadowcolor>
		</control>
		<control type="group" id="1">
			<visible>Player.Caching</visible>
			<animation delay="300" effect="fade" time="200">Visible</animation>
			<animation effect="fade" delay="200" time="150">Hidden</animation>
			<control type="image" id="1">
				<left>860</left>
				<top>440</top>
				<width>200</width>
				<height>200</height>
				<texture>dialogs/volume/progress/p100.png</texture>
				<animation effect="fade" end="50" time="0" condition="true">Conditional</animation>
			</control>
 			<control type="image" id="1">
				<left>860</left>
				<top>440</top>
				<width>200</width>
				<height>200</height>
				<texture colordiffuse="$VAR[MainColorVar]">$INFO[Player.CacheLevel,dialogs/volume/progress/p,.png]</texture>
			</control>
			<control type="label" id="1">
				<description>buffering value</description>
				<label>$INFO[Player.CacheLevel]%</label>
				<left>860</left>
				<top>440</top>
				<width>200</width>
				<height>200</height>
				<aligny>center</aligny>
				<align>center</align>
				<font>font12_title</font>
				<textcolor>$VAR[MainColorVar]</textcolor>
				<shadowcolor>black</shadowcolor>
			</control>
			<control type="label" id="2">
				<description>buffering label</description>
				<label>$LOCALIZE[15107]</label>
				<left>860</left>
				<top>620</top>
				<width>200</width>
				<height>20</height>
				<aligny>center</aligny>
				<align>center</align>
				<font>font12_title</font>
				<textcolor>$VAR[MainColorVar]</textcolor>
				<shadowcolor>black</shadowcolor>
			</control>
		</control>
	</controls>
</window>
