﻿<?xml version="1.0" encoding="utf-8"?>
<includes>
	<include name="HomeSystemButtons">
		<control type="grouplist" id="700">
			<orientation>horizontal</orientation>
			<itemgap>0</itemgap>
			<left>-8</left>
			<width>480</width>
			<height>110</height>
			<top>100</top>
			<onup>SetFocus(9000,99,absolute)</onup>
			<ondown>SetFocus(9000,0,absolute)</ondown>
			<onright>2000</onright>
			<align>justify</align>
			<include content="IconButton">
				<param name="control_id" value="801" />
				<param name="onclick" value="SetProperty(fanarthometype,power,home)" />
				<param name="onclick_2" value="SetProperty(homebackground,$VAR[BackgroundPowerVar],home)" />
				<param name="onclick_3" value="ActivateWindow(shutdownmenu)" />
				<param name="icon" value="icons/power.png" />
				<param name="label" value="$LOCALIZE[33060]" />
			</include>
			<include content="IconButton">
				<param name="control_id" value="802" />
				<param name="onclick" value="SetProperty(fanarthometype,settings,home)" />
				<param name="onclick_2" value="SetProperty(homebackground,$VAR[BackgroundSettingsVar],home)" />
				<param name="onclick_3" value="ActivateWindow(settings)" />
				<param name="icon" value="icons/settings.png" />
				<param name="label" value="$LOCALIZE[21417]" />
			</include>
			<include content="IconButton">
				<param name="control_id" value="803" />
				<param name="onclick" value="ActivateWindow(1107)" />
				<param name="icon" value="icons/search.png" />
				<param name="label" value="$LOCALIZE[137]" />
			</include>
			<include content="IconButton">
				<param name="control_id" value="804" />
				<param name="onclick" value="Fullscreen" />
				<param name="icon" value="icons/now-playing/fullscreen.png" />
				<param name="label" value="$LOCALIZE[31000]" />
				<param name="visible" value="Player.HasMedia" />
			</include>
		</control>
	</include>
	<include name="HomeMainMenu">
		<control type="group">
			<depth>DepthContentPanel</depth>
			<include>OpenClose_Left</include>
			<include content="ContentPanel">
				<param name="width" value="522" />
			</include>
			<control type="fixedlist" id="9000">
				<left>0</left>
				<top>240</top>
				<width>462</width>
				<bottom>-10</bottom>
				<movement>6</movement>
				<focusposition>1</focusposition>
				<onfocus>ClearProperty(listposition,home)</onfocus>
				<onright>SetFocus($INFO[Container(9000).ListItem.Property(menu_id)])</onright>
				<onleft>700</onleft>
				<onup>9000</onup>
				<ondown>9000</ondown>
				<scrolltime tween="cubic" easing="out">500</scrolltime>
				<focusedlayout height="95">
					<control type="group">
						<animation effect="fade" start="100" end="0" time="0">UnFocus</animation>
						<control type="image">
							<left>0</left>
							<top>0</top>
							<width>462</width>
							<height>95</height>
							<texture colordiffuse="$VAR[MainColorVar]">lists/focus.png</texture>
							<animation effect="fade" start="100" end="0" time="0" condition="[!Control.HasFocus(9000) + !ControlGroup(700).HasFocus] | System.HasModalDialog">Conditional</animation>
						</control>
						<control type="image">
							<left>-3</left>
							<top>1</top>
							<width>95</width>
							<height>95</height>
							<texture colordiffuse="$VAR[MainColorVar]">$INFO[ListItem.Icon]</texture>
							<animation effect="fade" start="0" end="100" time="300" reversible="false">Focus</animation>
						</control>
						<control type="image">
							<left>0</left>
							<top>0</top>
							<width>95</width>
							<height>95</height>
							<texture colordiffuse="51FFFFFF">colors/black.png</texture>
							<animation effect="fade" start="100" end="0" time="0" condition="[!Control.HasFocus(9000) + !ControlGroup(700).HasFocus] | System.HasModalDialog">Conditional</animation>
						</control>
					</control>
					<control type="image">
						<left>-3</left>
						<top>1</top>
						<width>95</width>
						<height>95</height>
						<texture>$INFO[ListItem.Icon]</texture>
					</control>
					<control type="label">
						<left>104</left>
						<top>0</top>
						<height>95</height>
						<width>560</width>
						<aligny>center</aligny>
						<font>font37</font>
						<label>$INFO[ListItem.Label]</label>
						<shadowcolor>text_shadow</shadowcolor>
					</control>
				</focusedlayout>
				<itemlayout height="95">
					<control type="image">
						<left>-3</left>
						<top>1</top>
						<width>95</width>
						<height>95</height>
						<texture colordiffuse="44FFFFFF">$INFO[ListItem.Icon]</texture>
					</control>
					<control type="label">
						<left>104</left>
						<top>0</top>
						<height>95</height>
						<width>560</width>
						<aligny>center</aligny>
						<font>font37</font>
						<label>$INFO[ListItem.Label]</label>
						<shadowcolor>text_shadow</shadowcolor>
					</control>
				</itemlayout>
				<content>
					<item>
						<label>$LOCALIZE[342]</label>
						<onclick>SetProperty(fanarthometype,movies,home)</onclick>
						<onclick>SetProperty(homebackground,$VAR[BackgroundMoviesVar],home)</onclick>
						<onclick condition="Library.HasContent(movies)">ActivateWindow(Videos,videodb://movies/titles/,return)</onclick>
						<onclick condition="!Library.HasContent(movies)">ActivateWindow(Videos,sources://video/,return)</onclick>
						<icon>icons/sidemenu/movies.png</icon>
						<property name="menu_id">$NUMBER[5000]</property>
						<property name="defaultID">movies</property>
						<property name="background">$VAR[BackgroundMoviesVar]</property>
						<visible>!Skin.HasSetting(HomeMenuNoMovieButton)</visible>
					</item>
					<item>
						<label>$LOCALIZE[20343]</label>
						<onclick>SetProperty(fanarthometype,tvshows,home)</onclick>
						<onclick>SetProperty(homebackground,$VAR[BackgroundTVShowsVar],home)</onclick>
						<onclick condition="Library.HasContent(tvshows)">ActivateWindow(Videos,videodb://tvshows/titles/,return)</onclick>
						<onclick condition="!Library.HasContent(tvshows)">ActivateWindow(Videos,sources://video/,return)</onclick>
						<icon>icons/sidemenu/tv.png</icon>
						<property name="menu_id">$NUMBER[6000]</property>
						<property name="defaultID">tvshows</property>
						<property name="background">$VAR[BackgroundTVShowsVar]</property>
						<visible>!Skin.HasSetting(HomeMenuNoTVShowButton)</visible>
					</item>
					<item>
						<label>$LOCALIZE[2]</label>
						<onclick>SetProperty(fanarthometype,music,home)</onclick>
						<onclick>SetProperty(homebackground,$VAR[BackgroundMusicVar],home)</onclick>
						<onclick>ActivateWindow(Music,root,return)</onclick>
						<icon>icons/sidemenu/music.png</icon>
						<property name="menu_id">$NUMBER[7000]</property>
						<property name="defaultID">music</property>
						<property name="background">$VAR[BackgroundMusicVar]</property>
						<visible>!Skin.HasSetting(HomeMenuNoMusicButton)</visible>
					</item>
					<item>
						<label>$LOCALIZE[427]</label>
						<onclick>SetProperty(fanarthometype,dvd,home)</onclick>
						<onclick>SetProperty(homebackground,$VAR[BackgroundDVDVar],home)</onclick>
						<onclick>PlayDisc</onclick>
						<icon>icons/sidemenu/disc.png</icon>
						<property name="menu_id">$NUMBER[21000]</property>
						<property name="defaultID">dvd</property>
						<property name="background">$VAR[BackgroundDVDVar]</property>
						<visible>System.HasMediaDVD</visible>
					</item>
					<item>
						<label>$LOCALIZE[20389]</label>
						<onclick>SetProperty(fanarthometype,musicvideos,home)</onclick>
						<onclick>SetProperty(homebackground,$VAR[BackgroundMusicVideosVar],home)</onclick>
						<onclick>ActivateWindow(Videos,musicvideos,return)</onclick>
						<icon>icons/sidemenu/musicvideos.png</icon>
						<property name="menu_id">$NUMBER[16000]</property>
						<property name="defaultID">musicvideos</property>
						<property name="background">$VAR[BackgroundMusicVideosVar]</property>
						<visible>!Skin.HasSetting(HomeMenuNoMusicVideoButton)</visible>
					</item>
					<item>
						<label>$LOCALIZE[19020]</label>
						<onclick>SetProperty(fanarthometype,livetv,home)</onclick>
						<onclick>SetProperty(homebackground,$VAR[BackgroundLiveTVVar],home)</onclick>
						<onclick>ActivateWindow(TVChannels)</onclick>
						<icon>icons/sidemenu/livetv.png</icon>
						<property name="menu_id">$NUMBER[12000]</property>
						<property name="defaultID">livetv</property>
						<property name="background">$VAR[BackgroundLiveTVVar]</property>
						<visible>!Skin.HasSetting(HomeMenuNoTVButton)</visible>
					</item>
					<item>
						<label>$LOCALIZE[19021]</label>
						<onclick>SetProperty(fanarthometype,radio,home)</onclick>
						<onclick>SetProperty(homebackground,$VAR[BackgroundRadioVar],home)</onclick>
						<onclick>ActivateWindow(RadioChannels)</onclick>
						<icon>icons/sidemenu/radio.png</icon>
						<property name="menu_id">$NUMBER[13000]</property>
						<property name="defaultID">radio</property>
						<property name="background">$VAR[BackgroundRadioVar]</property>
						<visible>!Skin.HasSetting(HomeMenuNoRadioButton)</visible>
					</item>
					<item>
						<label>$LOCALIZE[15016]</label>
						<onclick>SetProperty(fanarthometype,games,home)</onclick>
						<onclick>SetProperty(homebackground,$VAR[BackgroundGamesVar],home)</onclick>
						<onclick>ActivateWindow(Games)</onclick>
						<thumb>icons/sidemenu/games.png</thumb>
						<property name="menu_id">$NUMBER[17000]</property>
						<property name="defaultID">games</property>
						<property name="background">$VAR[BackgroundGamesVar]</property>
						<visible>System.GetBool(gamesgeneral.enable) + !Skin.HasSetting(HomeMenuNoGamesButton)</visible>
					</item>
					<item>
						<label>$LOCALIZE[24001]</label>
						<onclick>SetProperty(fanarthometype,addons,home)</onclick>
						<onclick>SetProperty(homebackground,$VAR[BackgroundAddonsVar],home)</onclick>
						<onclick>ActivateWindow(1100)</onclick>
						<icon>icons/sidemenu/addons.png</icon>
						<property name="menu_id">$NUMBER[8000]</property>
						<property name="defaultID">addons</property>
						<property name="background">$VAR[BackgroundAddonsVar]</property>
						<visible>!Skin.HasSetting(HomeMenuNoProgramsButton)</visible>
					</item>
					<item>
						<label>$LOCALIZE[1]</label>
						<onclick>SetProperty(fanarthometype,pictures,home)</onclick>
						<onclick>SetProperty(homebackground,$VAR[BackgroundPicturesVar],home)</onclick>
						<onclick>ActivateWindow(Pictures)</onclick>
						<icon>icons/sidemenu/pictures.png</icon>
						<property name="menu_id">$NUMBER[4000]</property>
						<property name="defaultID">pictures</property>
						<property name="background">$VAR[BackgroundPicturesVar]</property>
						<visible>!Skin.HasSetting(HomeMenuNoPicturesButton)</visible>
					</item>
					<item>
						<label>$LOCALIZE[3]</label>
						<onclick>SetProperty(fanarthometype,video,home)</onclick>
						<onclick>SetProperty(homebackground,$VAR[BackgroundVideosVar],home)</onclick>
						<onclick>ActivateWindow(Videos,root)</onclick>
						<icon>icons/sidemenu/videos.png</icon>
						<property name="menu_id">$NUMBER[11000]</property>
						<property name="defaultID">video</property>
						<property name="background">$VAR[BackgroundVideosVar]</property>
						<visible>!Skin.HasSetting(HomeMenuNoVideosButton)</visible>
					</item>
					<item>
						<label>$LOCALIZE[10134]</label>
						<onclick>SetProperty(fanarthometype,favorites,home)</onclick>
						<onclick>SetProperty(homebackground,$VAR[BackgroundFavouritesVar],home)</onclick>
						<onclick>ActivateWindow(favourites)</onclick>
						<icon>icons/sidemenu/favourites.png</icon>
						<property name="menu_id">$NUMBER[14000]</property>
						<property name="defaultID">favorites</property>
						<property name="background">$VAR[BackgroundFavouritesVar]</property>
						<visible>!Skin.HasSetting(HomeMenuNoFavButton)</visible>
					</item>
					<item>
						<label>$LOCALIZE[8]</label>
						<onclick>SetProperty(fanarthometype,weather,home)</onclick>
						<onclick>SetProperty(homebackground,$VAR[BackgroundWeatherVar],home)</onclick>
						<onclick condition="!String.IsEmpty(Weather.Plugin)">ActivateWindow(Weather)</onclick>
						<onclick condition="String.IsEmpty(Weather.Plugin)">ReplaceWindow(servicesettings,weather)</onclick>
						<icon>icons/sidemenu/weather.png</icon>
						<property name="menu_id">$NUMBER[15000]</property>
						<property name="defaultID">weather</property>
						<property name="background">$VAR[BackgroundWeatherVar]</property>
						<visible>!Skin.HasSetting(HomeMenuNoWeatherButton)</visible>
					</item>
				</content>
			</control>
			<include>HomeSystemButtons</include>
		</control>
	</include>
</includes>