<?xml version="1.0" encoding="UTF-8"?>
<addon id="skin.confluence-extended-s" version="4.5.11.172" name="Confluence Extended Shortcuts" provider-name="Jezz_X, Team Kodi, YLLOW_DRAGON, plood">
	<requires>
		<import addon="xbmc.gui" version="5.14.0"/>
		<import addon="script.image.resource.select" version="1.1.0"/>
		<import addon="script.skinshortcuts" version="1.0.10"/>
		<import addon="script.skin.helper.service" version="1.0.10"/>
		<import addon="script.skin.helper.skinbackup" version="1.0.10"/>
		<import addon="script.skin.helper.widgets" version="1.0.10"/>
		<import addon="script.skin.helper.backgrounds" version="1.0.10"/>
		<import addon="script.skin.helper.colorpicker" version="1.0.0"/>
	</requires>
	<extension point="xbmc.gui.skin" defaultthemename="Textures.xbt" debugging="false" effectslowdown="1.0">
		<res width="1280" height="720" aspect="16:9" default="true" folder="720p" />
	</extension>
	<extension point="xbmc.addon.metadata">
		<summary lang="af_ZA">Confluence Extended Shortcuts oortreksel deur Jezz_X, Team XBMC, YLLOW_DRAGON, plood. (Kodi se standaard tema)</summary>
		<summary lang="ar_SA">جلد "كونفليونس" من صنع Jezz_X, Team XBMC, YLLOW_DRAGON, plood. (الجلد المبدأى لبرنامج إكس بى إم سى)</summary>
		<summary lang="be_BY">Confluence Extended Shortcuts skin by Jezz_X, Team XBMC, YLLOW_DRAGON, plood. (Kodi's default skin)</summary>
		<summary lang="bg_BG">Confluence Extended Shortcuts облик от Jezz_X, Team XBMC, YLLOW_DRAGON, plood. (стандартния облик за Kodi)</summary>
		<summary lang="ca_ES">Aparença Confluence Extended Shortcuts, per Jezz_X, Team XBMC, YLLOW_DRAGON, plood. (Pell per defecte del Kodi)</summary>
		<summary lang="cs_CZ">Vzhled Confluence Extended Shortcuts od Jezz_X, Team XBMC, YLLOW_DRAGON, plood. (výchozí vzhled Kodi)</summary>
		<summary lang="cy_GB">Croen Confluence Extended Shortcuts gan Jezz_X, Team XBMC, YLLOW_DRAGON, plood. (Croen rhagosodedig Kodi)</summary>
		<summary lang="da_DK">Confluence Extended Shortcuts-tema af Jezz_X, Team XBMC, YLLOW_DRAGON, plood. (Kodis standardtema)</summary>
		<summary lang="de_DE">Confluence Extended Shortcuts Skin von Jezz_X, Team XBMC, YLLOW_DRAGON, plood. (Standard-Skin von Kodi)</summary>
		<summary lang="el_GR">Το κέλυφος Confluence Extended Shortcuts από τον Jezz_X, Team XBMC, YLLOW_DRAGON, plood (προεπιλεγμένο κέλυφος του Kodi).</summary>
		<summary lang="en_AU">Confluence Extended Shortcuts skin by Jezz_X, Team XBMC, YLLOW_DRAGON, plood. (Kodi's default skin)</summary>
		<summary lang="en_GB">Confluence Extended Shortcuts skin by Jezz_X, Team XBMC, YLLOW_DRAGON, plood.</summary>
		<summary lang="en_NZ">Confluence Extended Shortcuts skin by Jezz_X, Team XBMC, YLLOW_DRAGON, plood. (Kodi's default skin)</summary>
		<summary lang="en_US">Confluence Extended Shortcuts skin by Jezz_X, Team XBMC, YLLOW_DRAGON, plood. (Kodi's default skin)</summary>
		<summary lang="es_AR">Confluence Extended Shortcuts skin por Jezz_X, Team XBMC, YLLOW_DRAGON, plood. (skin por defecto de Kodi)</summary>
		<summary lang="es_ES">Confluence Extended Shortcuts skin por Jezz_X, Team XBMC, YLLOW_DRAGON, plood. (skin por defecto)</summary>
		<summary lang="es_MX">Skin confluende por Jezz_X, Team XBMC, YLLOW_DRAGON, plood. (skin por defecto de Kodi)</summary>
		<summary lang="et_EE">Confluence Extended Shortcuts rüü autorilt Jezz_X, Team XBMC, YLLOW_DRAGON, plood. (Kodi vaikerüü)</summary>
		<summary lang="eu_ES">Confluence Extended Shortcuts azala Jezz_X, Team XBMC, YLLOW_DRAGON, plood egina.</summary>
		<summary lang="fa_IR">پوسته Confluence Extended Shortcuts تهیه شده بوسیله Jezz_X, Team XBMC, YLLOW_DRAGON, plood. (پوسته پیش فرض Kodi) </summary>
		<summary lang="fi_FI">Confluence Extended Shortcuts-ulkoasu. Tekijä Jezz_X, Team XBMC, YLLOW_DRAGON, plood.</summary>
		<summary lang="fo_FO">Confluence Extended Shortcuts útsjónd av Jezz_X, Team XBMC, YLLOW_DRAGON, plood. (Kodi's vanliga útsjónd)</summary>
		<summary lang="fr_CA">Habillage Confluence Extended Shortcuts par Jezz_X, Team XBMC, YLLOW_DRAGON, plood.</summary>
		<summary lang="fr_FR">Thème Confluence Extended Shortcuts par Jezz_X, Team XBMC, YLLOW_DRAGON, plood. (Habillage d'origine de Kodi)</summary>
		<summary lang="gl_ES">Pel Confluence Extended Shortcuts por Jezz_X, Team XBMC, YLLOW_DRAGON, plood. (Pel predefinida do Kodi)</summary>
		<summary lang="he_IL">המעטפת Confluence Extended Shortcuts של Jezz_X, Team XBMC, YLLOW_DRAGON, plood. (ברירת המחדל של Kodi)</summary>
		<summary lang="hr_HR">Confluence Extended Shortcuts presvlaka autora Jezz_X, Team XBMC, YLLOW_DRAGON, plood. (uobičajena Kodi presvlaka)</summary>
		<summary lang="hu_HU">Confluence Extended Shortcuts felszín. Készítő: Jezz_X, Team XBMC, YLLOW_DRAGON, plood. (Kodi alapértelmezett felszín)</summary>
		<summary lang="hy_AM">''Confluence Extended Shortcuts'' - տեսք՝ Jezz_X, Team XBMC, YLLOW_DRAGON, plood. կողմից (Kodi - հիմնական տեսք)</summary>
		<summary lang="id_ID">Skin Confluence Extended Shortcuts oleh Jezz_X, Team XBMC, YLLOW_DRAGON, plood. (Skin bawaan Kodi)</summary>
		<summary lang="is_IS">Confluence Extended Shortcuts eftir Jezz_X, Team XBMC, YLLOW_DRAGON, plood. (Sjálfgefið útlit Kodi)</summary>
		<summary lang="it_IT">Skin Confluence Extended Shortcuts da Jezz_X, Team XBMC, YLLOW_DRAGON, plood. (Skin predefinita di Kodi)</summary>
		<summary lang="ja_JP">Confluence Extended Shortcuts スキン by Jezz_X, Team XBMC, YLLOW_DRAGON, plood. (Kodi デフォルトスキン)</summary>
		<summary lang="ko_KR">Confluence Extended Shortcuts 스킨 Jezz_X, Team XBMC, YLLOW_DRAGON, plood 만듦 (Kodi 기본 스킨)</summary>
		<summary lang="lt_LT">Confluence Extended Shortcuts teminė išvaizda, kurią sukūrė Jezz_X, Team XBMC, YLLOW_DRAGON, plood. (Kodi numatytoji teminė išvaizda)</summary>
		<summary lang="lv_LV">Confluence Extended Shortcuts apvalks no Jezz_X, Team XBMC, YLLOW_DRAGON, plood. (Kodi noklusētais apvalks)</summary>
		<summary lang="mk_MK">Confluence Extended Shortcuts skin by Jezz_X, Team XBMC, YLLOW_DRAGON, plood. (Kodi's default skin)</summary>
		<summary lang="ms_MY">Penyatuan, kulit daripada Jezz_X, Team XBMC, YLLOW_DRAGON, plood. (Kulit lalai Kodi)</summary>
		<summary lang="mt_MT">Dehra Confluence Extended Shortcuts magħmula minn Jezz_X, Team XBMC, YLLOW_DRAGON, plood. (Id-dehra normali ta' Kodi)</summary>
		<summary lang="nb_NO">Confluence Extended Shortcuts-skall av Jezz_X, Team XBMC, YLLOW_DRAGON, plood. (Kodis standardskall)</summary>
		<summary lang="nl_NL">Confluence Extended Shortcuts skin door Jezz_X, Team XBMC, YLLOW_DRAGON, plood. (Kodi's standaard skin)</summary>
		<summary lang="pl_PL">Skóra Confluence Extended Shortcuts autorstwa Jezz_X, Team XBMC, YLLOW_DRAGON, plood</summary>
		<summary lang="pt_BR">Skin Confluence Extended Shortcuts por Jezz_X, Team XBMC, YLLOW_DRAGON, plood. (Skin padrão do Kodi)</summary>
		<summary lang="pt_PT">Tema Confluence Extended Shortcuts por Jezz_X, Team XBMC, YLLOW_DRAGON, plood (tema padrão do Kodi)</summary>
		<summary lang="ro_RO">Costum Confluence Extended Shortcuts de Jezz_X, Team XBMC, YLLOW_DRAGON, plood. (costum implicit pentru Kodi)</summary>
		<summary lang="ru_RU">Обложка Confluence Extended Shortcuts. Авторы: Jezz_X, Team XBMC, YLLOW_DRAGON, plood.</summary>
		<summary lang="sk_SK">Confluence Extended Shortcuts skin od Jezz_X, Team XBMC, YLLOW_DRAGON, plood. (predvolený skin Kodi)</summary>
		<summary lang="sl_SI">Preobleka Confluence Extended Shortcuts avtorja Jezz_X, Team XBMC, YLLOW_DRAGON, plood. (Privzeta preobleka za Kodi)</summary>
		<summary lang="sq_AL">Maska Confluence Extended Shortcuts nga Jazz_X (maska kryesore së Kodi)</summary>
		<summary lang="sr_RS">Confluence Extended Shortcuts маска аутора Jezz_X, Team XBMC, YLLOW_DRAGON, plood.</summary>
		<summary lang="sr_RS@latin">Confluence Extended Shortcuts maska autora Jezz_X, Team XBMC, YLLOW_DRAGON, plood.</summary>
		<summary lang="sv_SE">Confluence Extended Shortcuts, ett skal av Jezz_X, Team XBMC, YLLOW_DRAGON, plood. (Kodi:s standardskal)</summary>
		<summary lang="szl">Skōra Confluence Extended Shortcuts zrychtowanŏ ôd Jeez_X. (wychodnŏ skōra we Kodi)</summary>
		<summary lang="tg_TJ">Пӯсти ҳамҷараёнӣ аз ҷониби Jezz_X, Team XBMC, YLLOW_DRAGON, plood. (Пӯсти пешфарзи Kodi)</summary>
		<summary lang="th_TH">ชุดตกแต่ง Confluence Extended Shortcuts โดย  Jezz_X, Team XBMC, YLLOW_DRAGON, plood (สกินเริ่มต้นของ Kodi)</summary>
		<summary lang="tr_TR">Confluence Extended Shortcuts dış görünümü. Jezz_X, Team XBMC, YLLOW_DRAGON, plood (Kodi'nin varsayılan dış görünümü)</summary>
		<summary lang="uk_UA">Обкладинка Confluence Extended Shortcuts. Автори: Jezz_X, Team XBMC, YLLOW_DRAGON, plood.</summary>
		<summary lang="vi_VN">Giao diện Confluence Extended Shortcuts bởi Jezz_X, Team XBMC, YLLOW_DRAGON, plood. (Giao diện mặc định của Kodi)</summary>
		<summary lang="zh_CN">Jezz_X, Team XBMC, YLLOW_DRAGON, plood 开发的 Confluence Extended Shortcuts 皮肤。</summary>
		<summary lang="zh_TW">Jezz_X, Team XBMC, YLLOW_DRAGON, plood 製作的佈景主題（Kodi的預設佈景主題）</summary>
		<description lang="af_ZA">Confluence Extended Shortcuts is die standaard oortreksel vir Kodi 14.0 en op. Dit is 'n kombinasie van konsepte van 'n klomp gewilde oortreksels, en 'n poging om hulle goeie idees te omvat en te integreer in 'n oortreksel wat maklik behoort te wees vir eerste keer Kodi gebruikers om te verstaan en te gebruik.</description>
		<description lang="ar_SA">"كونفليونس" هو الجلد المبدأى لبرنامج إكس بى إم سى اﻹصدار 9.11 وما فوق. هو خلط بين اشهر اﻷجلده الاخرى معاً ومحاوله لتبنى ودمج افكارهم للخروج بِنِتَاج يُفترض به ان يكون سهل اﻹستيعاب بمجرد النظر لمستخدمى إكس بى إم سى المبتدئين.</description>
		<description lang="be_BY">Confluence Extended Shortcuts is the default skin for Kodi 14.0 and above. It is a combination of concepts from many popular skins, and attempts to embrace and integrate their good ideas into a skin that should be easy for first time Kodi users to understand and use.</description>
		<description lang="bg_BG">Confluence Extended Shortcuts е стандартният облик на Kodi 14.0 и по-новите версии. Представлява смесица от концепциите на много от популярните облици. Целта е да се интегрират тези добри идеи в подходящ и удобен вид за хора, които се сблъскват за първи път с Kodi.</description>
		<description lang="ca_ES">Confluence Extended Shortcuts és la pell per defecte del Kodi 14.0 i superiors. És una combinació de conceptes de moltes pells populars que intenta adoptar i integrar les seves bones idees en una aparença que sigui senzilla d'entendre i utilitzar per els nous usuaris de Kodi.</description>
		<description lang="cs_CZ">Confluence Extended Shortcuts je výchozí vzhled pro Kodi 14.0 a novější. Jedná se o kombinaci konceptů z mnoha jiných populárních vzhledů, která se pokouší uchopit a integrovat jejich dobré nápady do vzhledu, který by měl být pro nového uživatele Kodi jednoduchý na pochopení a používání.</description>
		<description lang="cy_GB">Confluence Extended Shortcuts yw croen rhagosodedig Kodi 14.0 ac uwch. Mae'n gyfuniad o gysyniadau o nifer o grwyn poblogaidd ac mae'n ymdrechu i gyfuno eu syniadau da hwy i groen ddylai fod yn hawdd i ddefnyddiwr cyntaf Kodi ei deall a'i ddefnyddio.</description>
		<description lang="da_DK">Confluence Extended Shortcuts er standardskin'et til Kodi 14.0 og senere versioner. Det er en kombination af koncepter fra mange populære skins, og det forsøger at omfavne og integrere de gode ideer i et skin, der er let for førstegangsbrugere af Kodi at forstå og bruge.</description>
		<description lang="de_DE">Confluence Extended Shortcuts ist der Standardskin ab Kodi 14.0. Er ist eine Kombination mehrerer unterschiedlicher Skin-Konzepte und versucht dabei, die besten Ideen zu kombinieren, um einen einfachen Einstieg für neue Kodi-Nutzer zu ermöglichen.</description>
		<description lang="el_GR">Το Confluence Extended Shortcuts είναι η προεπιλεγμένη αμφίεση για τις εκδόσεις Kodi 14.0 και άνω. Είναι ένας συνδυασμός από πολλές δημοφιλής αμφιέσεις, και επιχειρεί να παρέχει τις καλύτερες ιδέες τους σε μία αμφίεση, το οποίο είναι εύκολο για τους αρχάριους χρήστες του Kodi να κατανοήσουν και να χρησιμοποιήσουν.</description>
		<description lang="en_AU">Confluence Extended Shortcuts is the modernized skin for KODI. It is a combination of concepts from many popular skins, and attempts to embrace and integrate their good ideas into a skin that should be easy for first time Kodi users to understand and use.</description>
		<description lang="en_GB">Confluence Extended Shortcuts is the modernized skin for KODI. It is a combination of concepts from many popular skins, and attempts to embrace and integrate their good ideas into a skin that should be easy for first time Kodi users to understand and use.</description>
		<description lang="en_NZ">Confluence Extended Shortcuts is the modernized skin for KODI. It is a combination of concepts from many popular skins, and attempts to embrace and integrate their good ideas into a skin that should be easy for first time Kodi users to understand and use.</description>
		<description lang="en_US">Confluence Extended Shortcuts is the modernized skin for KODI. It is a combination of concepts from many popular skins, and attempts to embrace and integrate their good ideas into a skin that should be easy for first time Kodi users to understand and use.</description>
		<description lang="es_AR">Confluence Extended Shortcuts es el skin por defecto de Kodi 14.0 y posteriores. Es una combinación de conceptos de muchos skins populares, e intenta abarcar e integrar lo mejor de ellos en un skin que sea sencillo de entender y utilizar para los nuevos usuarios de Kodi.</description>
		<description lang="es_ES">Confluence Extended Shortcuts es la skin por defecto de Kodi 14.0 y posteriores. Es una combinación de conceptos de muchas skins populares, e intenta abarcar e integrar lo mejor de ellas en una skin que sea sencilla de entender y utilizar para los nuevos usuarios de Kodi.</description>
		<description lang="es_MX">Confluence Extended Shortcuts es el skin por defecto para Kodi 14.0 en adelante. Es una combinación de conceptos de varias skins populares, e intenta adoptar e integrar sus buenas ideas en un skin que debería ser fá de entender y usar para quienes usen Kodi por primera vez.</description>
		<description lang="et_EE">Confluence Extended Shortcuts on Kodi vaikerüü alates versioonist 14.0. Confluence Extended Shortcuts on paljude populaarsete rüüde kombinatsioon, üritades omavahel siduda nende parimaid lahendusi, et saavutada esmakasutajale selget ja kergelt kasutatavat tulemust.</description>
		<description lang="eu_ES">Confluence Extended Shortcuts hainbat azal ospetsutatik hartutako kontzeptuen konbinaketa da. Horietatik ideia onak hartu eta integratzen saiatzen da, Kodi lehen aldiz erabiltzen dutenentzat ulertzeko eta erabiltzeko erraza izango den azal batean.</description>
		<description lang="fa_IR">Confluence Extended Shortcuts پوسته پیش فرض Kodi در ویرایش 14 و بالاتر است. این پوسته ترکیبی از چند پوسته محبوب دیگر است و تلاش دارد بهترین ایده ها را با هم ترکیب کند، تا شروعی ساده و آسان را برای کاربران جدید Kodi امکان پذیر سازد.</description>
		<description lang="fi_FI">Confluence Extended Shortcuts on yhdistelmä useiden suosittujen ulkoasujen konsepteista, ja yritys omaksua ja integroida heidän hyvät ideat ulkoasuun, jonka pitäisi olla helppokäyttöinen ja -tajuinen kaikille Kodin käyttäjille.</description>
		<description lang="fo_FO">Confluence Extended Shortcuts er vanliga útsjóndin, sum er brúkt í Kodi síðan útg. 14.0. Hetta er ein samansjóðan av fleiri hugtøkum. Ætlanin er at útsjóndin skal lætta um móttøku og nýtslu av Kodi fyri nýggjar brúkarar.</description>
		<description lang="fr_CA">Confluence Extended Shortcuts est une combinaison de concepts provenant de plusieurs habillages populaires. Il tente d'inclure et d'intégrer leurs bonnes idées en un habillage qui devrait être facile à comprendre et à utiliser pour les utilisateurs débutants de Kodi.</description>
		<description lang="fr_FR">Confluence Extended Shortcuts est l'habillage d'origine depuis Kodi 14.0. Reprenant les concepts issus de plusieurs habillages populaires, il est une tentative d'inclusion et d'intégration des meilleures idées afin de créer un habillage d'interface qui soit facile à comprendre et à utiliser pour les personnes découvrant Kodi.</description>
		<description lang="gl_ES">Confluence Extended Shortcuts é a pel predeterminada para Kodi 14.0 e posteriores. É unha combinación de conceptos de algunhas peles populares, e tenta abranguer e integrar  as súas mellores ideas nunha pel que sexa fácil de entender e utilizar para as usuarias que utilizan por primeira vez Kodi.</description>
		<description lang="he_IL">המעטפת Confluence Extended Shortcuts היא מעטפת ברירת המחדל של Kodi. המעטפת הינה תוצר של אימוץ מאפיינים ממעטפות פופולריות רבות תוך רצון לשלב מאפיינים אלה למעטפת פשוטה לשימוש ולהכרה ראשונית ע"י משתמשי Kodi חדשים.</description>
		<description lang="hr_HR">Confluence Extended Shortcuts je uobičajena presvlaka za Kodi 14.0 naviše. To je mješavina koncepta iz mnogih drugih popularnih presvlaka, pokušaj da se objedine njihove dobre osobine u presvlaku i da budu lagane za upotrebu i razumljive novim Kodi korisnicima.</description>
		<description lang="hu_HU">A Confluence Extended Shortcuts az alapértelmezett felszín a Kodihoz a 14.0-es verziótól kezdődően. Merít sok sok népszerű felszín elképzeléséből, megpróbálva vegyíteni a jó ötleteket úgy, hogy az könnyen kezelhető legyen a Kodival először találkozóknak is.</description>
		<description lang="id_ID">Confluence Extended Shortcuts merupakan skin bawaan untuk Kodi 14.0 dan selanjutnya. Merupakan kombinasi konsep dari beberapa skin populer, dan berusaha untuk merangkul dan menyatukan ide bagus mereka ke sebuah skin yang mudah dipakai dan dipahami oleh pengguna Kodi pertama kali.</description>
		<description lang="is_IS">Confluence Extended Shortcuts er sjálfgefið útlit Kodi 14.0 og nýrra. Það er samsetning hugmynda frá mörgum vinsælum útlitum og er tilraun til að fanga og innlima þær góðu hugmyndir í útlit sem sé einfalt fyrir fyrir nýja Kodi notendur að skilja og nota</description>
		<description lang="it_IT">Confluence Extended Shortcuts è la skin predefinita di Kodi dalla versione 14.0 in poi. È una combinazione di elementi provenienti da altre skin popolari e cerca di integrare e coinvolgere tutte le loro grandi idee in una skin facile da usare e comprendere per l'utente inesperto di Kodi.</description>
		<description lang="ja_JP">Confluence Extended Shortcuts は Kodi 9.11 およびそれ以上のバージョンで標準のスキンです。さまざまな人気のスキンのコンセプトを組み合わせ、ユーザが初めて Kodi に触れる際に便利に使えるようにしてあります。</description>
		<description lang="ko_KR">Confluence Extended Shortcuts 는 Kodi 14.0 이상을 위한 기본 스킨입니다. 많은 인기 스킨의 컨셉과 좋은 아이디어를 모아서 하나의 스킨으로 만들었으며 초보자도 사용하기 쉽습니다.</description>
		<description lang="lt_LT">Confluence Extended Shortcuts yra numatytoji teminė išvaizda pradedant Kodi 14.0 versija. Tai daugelio populiarių teminų išvaizdų derinys. Bandymas priimti ir integruoti vartotojų idėjas į teminę išvaizdą katra turėtų būti lengvai suprantama  pirmą kartą naudojantiems Kodi</description>
		<description lang="lv_LV">Confluence Extended Shortcuts ir Kodi 9.11 un jaunāku versiju noklusētais apvalks. Tajā apvienota daudzu populāru apvalku koncepcija un centieni pieņemt un integrēt labākās idejas, lai jaunajiem Kodi ietotājiem to būtu viegli izprast un lietot.</description>
		<description lang="mk_MK">Confluence Extended Shortcuts е основниот изглед на Kodi 14.0 и нагоре. Тој е комбинација на концепти од повеќе популарни изгледи, и настојува да ги обедини и истакне нивните добри идеи во еден изглед разбирлив за почетници.</description>
		<description lang="ms_MY">Penyatuan ialah kulit lalai untuk Kodi 9.11 dan ke atas. Ia merupakan gabungan konsep dari pelbagai kulit terkenal, dan berusaha untuk merangkumkan dan menyepadukan idea baik kulit-kulit tersebut menjadi satu kulit yang mudah difahami dan digunakan oleh pengguna baru Kodi .</description>
		<description lang="mt_MT">Confluence Extended Shortcuts hija d-dehra normali ta' Kodi 14.0 il-fuq.  Hija taħlita ta' kunċetti minn ħafna dehriet popolari, u tipporva tgħaqqad u tintegra l-aqwa ideat tagħhom f'dehra li għandha tkun faċli biex jifmuha u jużawha dawk l-utenti li qed jużaw Kodi għall-ewwel darba.</description>
		<description lang="nb_NO">Confluence Extended Shortcuts er standardskallet for Kodi 14.0 og oppover. Det er en kombinasjon av konseptene fra mange populære skall, og prøver å omfavne og integrere de gode idéene i et skall som bør være lett å forstå og benytte seg av for nye Kodi-brukere.</description>
		<description lang="nl_NL">Confluence Extended Shortcuts is de standaard skin voor Kodi 14.0 en hoger. Het combineert de concepten van andere populaire skins, waarbij het tracht hun goede ideeën te integreren in een skin die gemakkelijk in gebruik is.</description>
		<description lang="pl_PL">Confluence Extended Shortcuts jest kombinacją koncepcji  wielu popularnych skór i próbą zawarcia tego, co w nich najlepsze w skórze, która będzie łatwa do opanowania dla początkującego użytkownika.</description>
		<description lang="pt_BR">Confluence Extended Shortcuts é a skin padrão do Kodi 9.11 e acima. É uma combinação de conceitos das mais populares skins, visando abraçar e integrar as boas ideias em uma skin  que seja fácil de entender e usar, destinada  aos usuários iniciantes do Kodi. </description>
		<description lang="pt_PT">O tema "Confluence Extended Shortcuts" é o tema padrão do Kodi 14.0 e superior. É uma combinação de conceitos a partir de muitos temas populares e tenta integrar as boas ideias dos mesmos, num tema que deverá ser fácil de entender e utilizar pelos novos utilizadores do Kodi.</description>
		<description lang="ro_RO">Confluence Extended Shortcuts este costumul implicit pentru Kodi 14.0 și versiunile ulterioare. Este o combinație de concepte împrumutate de la mai multe costume populare, care încearcă să îmbrățișeze și să integreze ideile lor bune într-un costum care să fie ușor de înțeles și folosit de către utilizatorii Kodi începători.</description>
		<description lang="ru_RU">Confluence Extended Shortcuts — это модернизированная обложка KODI. Она представляет собой сочетание концепций, взятых из многих популярных обложек, в попытке интегрировать их удачные идеи в обложке, которая была простой для использования и понимания новыми пользователями KODI.</description>
		<description lang="sk_SK">Confluence Extended Shortcuts je predvolený pre Kodi 14.0 a vyššie. Je kombináciou konceptov z mnoho populárnych skinov a pokusom integrovať ich dobré nápady do skinu, ktorý by bol ľahko zrozumiteľný a použiteľný pre nových používateľov Kodi.</description>
		<description lang="sl_SI">Confluence Extended Shortcuts je privzeta preobleka za Kodi 14.0 in novejše. Je kombinacija konceptov mnogih priljubljenih preoblek in poskuša zaobjeti in integrirati njihove dobre ideje v preobleko, ki bi bila preprosta za uporabo in razumevanje tudi novim uporabnikom.</description>
		<description lang="sq_AL">Confluence Extended Shortcuts është maska kryesore për Kodi 14.0 dhe verzionet më të lartë. Është nje kombinim nga shumë maska e popullarizuar dhe përpjeket për të përqafuar dhe integruar idetë më të mira në një maskë që të jetë sa më lehtë në përdorim dhe kuptim për përdoruasit duke e përdorur Kodi për herë të parë.</description>
		<description lang="sr_RS">Confluence Extended Shortcuts је мешавина концепата из многих других популарних маски, и покушај да се обједине њихове добре идеје у маску која би трабала да буде лака за разумевање и употребу новим корисницима Kodi-а.</description>
		<description lang="sr_RS@latin">Confluence Extended Shortcuts je mešavina koncepata iz mnogih drugih popularnih maski, i pokušaj da se objedine njihove dobre ideje u masku koja bi trabala da bude laka za razumevanje i upotrebu novim korisnicima Kodi-a.</description>
		<description lang="sv_SE">Confluence Extended Shortcuts är standardskal för Kodi 14.0 och senare. Det kombinerar koncept från många populära skal och försöker återanvända och integrera goda idéer för att skapa ett skal som är enkelt att förstå och använda för nya Kode-användare.</description>
		<description lang="szl">Confluence Extended Shortcuts to je wychodnŏ skōra dlŏ Kodi 14.0 i nowszych. To je miszōng kōnceptōw ze mocki popularnych skōr i prōbuje te nŏjlepsze wkludzić do skōry, kerŏ winnŏ być prostŏ we użyciu i spokopiyniu dlŏ nowych używŏczōw Kodi.</description>
		<description lang="tg_TJ">Пӯсти ҳамҷараёнӣ ҳамчун пӯсти пешфарз барои Kodi 14.0 ё версияи навтар истифода мешавад. Ин пӯст аз унсурҳои пӯстҳои машҳури дигар сохта шудааст ва ва ҳамаи фикрҳои беҳтарин дар як пӯст ҷамъ мекунад, то ки корбарони навомад тавонанд Kodi-ро ба осонӣ фаҳманд ва истифода баранд.</description>
		<description lang="th_TH">Confluence Extended Shortcuts เป็นสกินเริ่มต้นสำหรับ Kodi 14.0 หรือสูงกว่า มันเป็นส่วนผสมของแนวคิดจากสกินที่ได้รับความนิยมและพยายามที่จะยอมรับและบูรณาการส่วนที่ดีของมันเข้าไปในสกิน ซึ่งน่าจะง่ายสำหรับผู้ใช้ Kodiใหม่ ที่จะเข้าใจและใช้งานได้ดี</description>
		<description lang="tr_TR">Confluence Extended Shortcuts Kodi 14.0 ve yukarısı için varsayılan dış görünümdür. Birçok popüler dış görünümün kavramlarını bir araya getirip ilk kez Kodi kullananlar için anlaşılması ve kullanımı kolaydır.</description>
		<description lang="uk_UA">Confluence Extended Shortcuts — це модернізована обкладинка Kodi. Концепції багатьох популярних обкладинок поєднано у спробі використати та інтегрувати їхні вдалі ідеї в обкладинці, що стала б зрозумілою та простою в застосуванні для нових користувачів Kodi.</description>
		<description lang="vi_VN">Confluence Extended Shortcuts là giao diện mặc định cho Kodi 14.0 and các phiên bản trở về trước. Đây là sự kết hợp các khái niệm đến từ các giao diện khác nhau nhằm hướng người dùng đến sự đơn giản và dễ sử dụng.</description>
		<description lang="zh_CN">Confluence Extended Shortcuts 集合了许多流行皮肤的创意，力求把这些优点融合到一个皮肤中，使得首次使用 Kodi 的用户能更容易上手。</description>
		<description lang="zh_TW">Confluence Extended Shortcuts 是從 Kodi 9.11 開始預設的佈景主題。它結合了許多受歡迎的佈景主題的概念，且試圖包含並整合它們的優點，使第一次使用 Kodi 的使用者可以簡單地上手。</description>
		<platform>all</platform>
		<license>GNU General Public License version 2</license>
		<forum>http://forum.kodi.tv/forumdisplay.php?fid=125</forum>
		<website></website>
		<email>nkvoronov@gmail.com</email>
		<source>https://github.com/nkvoronov/skin.confluence-extended.git</source>
		<assets>
			<icon>resources/icon.png</icon>
			<fanart>resources/fanart.jpg</fanart>
			<screenshot>resources/screenshot-01.jpg</screenshot>
			<screenshot>resources/screenshot-02.jpg</screenshot>
			<screenshot>resources/screenshot-03.jpg</screenshot>
			<screenshot>resources/screenshot-04.jpg</screenshot>
			<screenshot>resources/screenshot-05.jpg</screenshot>
			<screenshot>resources/screenshot-06.jpg</screenshot>
			<screenshot>resources/screenshot-07.jpg</screenshot>
			<screenshot>resources/screenshot-08.jpg</screenshot>
			<screenshot>resources/screenshot-09.jpg</screenshot>
		</assets>
		<news>Added support for new episode spoilers feature.</news>
	</extension>
</addon>
