﻿<?xml version="1.0" encoding="UTF-8" standalone="yes"?>
	<addon id="script.skin.helper.colorpicker" name="Skin Helper Service ColorPicker" version="1.0.9.005" provider-name="marcelveldt, YLLOW_DRAGON">
	<requires>
		<import addon="xbmc.python" version="2.24.0"/>
		<import addon="xbmc.addon" version="12.0.0"/>
		<import addon="script.module.pil" version="1.1.7"/>
	</requires>
    <extension point="xbmc.python.library" library="default.py" />
	<extension point="xbmc.addon.metadata">
        <summary lang="en_GB">Colorpicker for Kodi Skins. Part of Skin Helper Suite</summary>
        <summary lang="ru_RU">Выбор цвета для обложки KODI. Часть Skin Helper</summary>
        <description lang="en_GB">Colorpicker for Kodi Skins. Part of Skin Helper Suite</description>
        <description lang="ru_RU">Выбор цвета для обложки KODI. Часть Skin Helper</description>
		<language></language>
		<platform>all</platform>
		<license>GPL v2.0</license>
		<forum>http://forum.kodi.tv/showthread.php?tid=235676</forum>
		<website></website>
        <email>nkvoronov@gmail.com</email>
		<source>https://github.com/nkvoronov/script.skin.helper.colorpicker.git</source>
	</extension>
</addon>