<?xml version="1.0" encoding="UTF-8" standalone="yes"?>
<addon id="script.xbmc.lcdproc" name="XBMC LCDproc" version="2.6.0.003" provider-name="Team XBMC: Memphiz, Daniel 'herrnst' Scheller, YLLOW_DRAGON">
    <requires>
        <import addon="xbmc.python" version="2.19.0"/>
        <import addon="xbmc.addon" version="12.0.0"/>
    </requires>
    <extension point="xbmc.service" library="lcdmain.py" start="login"></extension>
    <extension point="xbmc.addon.metadata">
        <language></language>
        <summary>XBMC LCDproc</summary>
        <description lang="en">Displays configurable information e.g. about playing media or XBMC status on any LC/VF-display driven by LCDproc, and acts as direct drop-in replacement to the LCD/VFD-feature previously available in XBMC's core. Supports additional display elements (icons, bars) on SoundGraph iMON LCD and Targa/Futaba mdm166a VFD hardware. Requires a properly configured and running LCDd either locally or somewhere on the network.</description>
        <description lang="ru">Отображает настраиваемую информацию, например, о воспроизводимом медиа или статус XBMC на любой LC/VF-дисплей который управляется LCDProc и действует как прямая замена к LCD/VFD--функции, ранее доступные в ядре XBMC. Поддерживает дополнительные элементы отображения (иконки, бары) на SoundGraph iMON LCD и Targa/Futaba mdm166a VFD аппаратного обеспечения. Требуется правильно сконфигурированый и запущенный LCDd либо локально, либо где-то в сети.</description>
        <disclaimer lang="en">Works with LCDproc only. Other LCD services like LCD4Linux or iMON Manager on Win32 are not supported. No liability taken for damaged hardware and/or software caused by this addon.</disclaimer>
        <disclaimer lang="ru">Работает только с LCDProc. Другие LCD сервисы, такие как LCD4Linux или IMON менеджер для Win32 не поддерживаются. Никакая ответственность не принимается за поврежденного оборудования и/или программного обеспечения, вызванного этим аддоном.</disclaimer>
        <license>GNU GENERAL PUBLIC LICENSE. Version 2, June 1991</license>
        <platform>all</platform>
    </extension>
</addon>
