<?xml version="1.0" encoding="utf-8"?>
<window>
	<defaultcontrol always="true">9000</defaultcontrol>
	<onload condition="!ListItem.Property(addon.installed) + Window.IsActive(addonbrowser)">SetFocus(6)</onload>
	<onload>SetProperty(infobackground,$INFO[ListItem.Art(fanart)],home)</onload>
	<onunload>ClearProperty(infobackground,home)</onunload>
	<controls>
		<control type="group">
			<include>OpenClose_Right</include>
			<control type="button" id="5000">
				<left>605</left>
				<top>158</top>
				<width>1235</width>
				<height>620</height>
				<label></label>
				<onup>50</onup>
				<ondown>9000</ondown>
				<onclick>SetProperty(TextViewer_Header,$LOCALIZE[31141] $INFO[ListItem.Property(Addon.Version)],home)</onclick>
				<onclick>SetProperty(TextViewer_Text,$ESCINFO[ListItem.AddonNews],home)</onclick>
				<onclick>ActivateWindow(1102)</onclick>
                <texturenofocus></texturenofocus>
				<enable>!IsEmpty(ListItem.AddonNews)</enable>
			</control>
            <control type="image">
				<left>605</left>
				<top>158</top>
				<width>1235</width>
				<height>620</height>
                <texture border="22">dialogs/dialog-bg.png</texture>
            </control>
			<control type="textbox">
				<left>670</left>
				<top>193</top>
				<width>1050</width>
				<height>580</height>
				<font>font_textbox</font>
				<label>$INFO[ListItem.Property(Addon.Summary),[B],[/B][CR]][COLOR white]$INFO[ListItem.Property(Addon.Description)][/COLOR][COLOR white][CR][/COLOR]$VAR[AddonNewsVar,[CR][CR]]</label>
				<textcolor>button_focus</textcolor>
				<autoscroll delay="5000" repeat="7500" time="5000">true</autoscroll>
			</control>
			<control type="group">
				<left>625</left>
				<top>176</top>
				<visible>IntegerGreaterThan(Container(50).NumItems,0)</visible>
                <control type="image">
                    <width>385</width>
					<height>220</height>
                    <texture border="22">dialogs/dialog-bg.png</texture>
                </control>
				<control type="image">
					<width>385</width>
					<height>220</height>
					<texture border="2" background="true">DefaultNoPreview.png</texture>
					<aspectratio>scale</aspectratio>
					<bordersize>4</bordersize>
				</control>
                <control type="image">
					<left>405</left>
					<width>385</width>
					<height>220</height>
                    <texture border="22">dialogs/dialog-bg.png</texture>
                </control>
				<control type="image">
					<left>405</left>
					<width>385</width>
					<height>220</height>
					<texture border="2" background="true">DefaultNoPreview.png</texture>
					<aspectratio>scale</aspectratio>
					<bordersize>4</bordersize>
				</control>
                <control type="image">
					<left>810</left>
					<width>385</width>
					<height>220</height>
                    <texture border="22">dialogs/dialog-bg.png</texture>
                </control>
				<control type="image">
					<left>810</left>
					<width>385</width>
					<height>220</height>
					<texture border="2" background="true">DefaultNoPreview.png</texture>
					<aspectratio>scale</aspectratio>
					<bordersize>4</bordersize>
				</control>
			</control>
			<control type="panel" id="50">
				<left>625</left>
				<top>176</top>
				<width>1215</width>
				<height>233</height>
				<ondown>5000</ondown>
				<onup>9000</onup>
				<orientation>horizontal</orientation>
				<itemlayout height="225" width="405">
                    <control type="image">
                        <width>385</width>
                        <height>220</height>
                        <texture border="22">dialogs/dialog-bg.png</texture>
                    </control>
					<control type="image">
						<width>385</width>
						<height>220</height>
						<texture border="2" background="true">DefaultNoPreview.png</texture>
						<aspectratio>scale</aspectratio>
						<bordersize>4</bordersize>
					</control>
					<control type="image">
						<width>385</width>
						<height>220</height>
						<texture border="2" background="true">$INFO[ListItem.Icon]</texture>
						<aspectratio>scale</aspectratio>
						<bordersize>4</bordersize>
					</control>
				</itemlayout>
				<focusedlayout height="225" width="405">
                    <control type="image">
                        <width>385</width>
                        <height>220</height>
                        <texture border="22">dialogs/dialog-bg.png</texture>
                    </control>
					<control type="image">
						<width>385</width>
						<height>220</height>
						<texture border="2" background="true">DefaultNoPreview.png</texture>
						<aspectratio>scale</aspectratio>
						<bordersize>4</bordersize>
					</control>
					<control type="image">
						<width>385</width>
						<height>220</height>
						<texture border="2" background="true">$INFO[ListItem.Icon]</texture>
						<aspectratio>scale</aspectratio>
						<bordersize>4</bordersize>
					</control>
					<control type="image">
						<width>385</width>
						<height>220</height>
						<texture border="8" colordiffuse="button_focus">buttons/thumbnail_focused.png</texture>
					</control>
				</focusedlayout>
			</control>
			<include name="LeftRightArrows">
				<param name="list_id" value="50" />
				<param name="left_posx" value="580" />
				<param name="right_posx" value="1840" />
				<param name="posy" value="280" />
				<param name="visible" value="true" />
			</include>
			<control type="grouplist" id="9000">
				<left>90</left>
				<top>820</top>
				<width>1740</width>
				<height>300</height>
				<onleft>9000</onleft>
				<onright>9000</onright>
				<onup>5000</onup>
				<ondown>9000</ondown>
				<align>center</align>
				<itemgap>-18</itemgap>
				<orientation>horizontal</orientation>
				<include name="InfoDialogButton">
					<param name="id" value="12" />
					<param name="icon" value="icons/infodialogs/launch.png" />
					<param name="label" value="$LOCALIZE[518]" />
				</include>
				<include name="InfoDialogButton">
					<param name="id" value="9" />
					<param name="icon" value="icons/infodialogs/configure.png" />
					<param name="label" value="$LOCALIZE[24020]" />
				</include>
				<include name="InfoDialogButton">
					<param name="id" value="8" />
					<param name="icon" value="icons/infodialogs/update.png" />
					<param name="label" value="$LOCALIZE[24069]" />
				</include>
				<control type="radiobutton" id="13">
					<width>262</width>
					<height>140</height>
					<align>center</align>
					<aligny>top</aligny>
					<textoffsetx>35</textoffsetx>
					<textoffsety>76</textoffsety>
					<radioposx>81</radioposx>
					<radioposy>14</radioposy>
					<radiowidth>100</radiowidth>
					<font>font12</font>
					<visible>Control.IsEnabled(13)</visible>
				</control>
				<include name="InfoDialogToggleButton">
					<param name="id" value="7" />
					<param name="icon_on" value="icons/infodialogs/disable.png" />
					<param name="icon_off" value="icons/infodialogs/enabled.png" />
					<param name="selected" value="!SubString(Control.GetLabel(7),$LOCALIZE[24022]) | !Window.IsActive(addonbrowser)" />
					<param name="label" value="" />
				</include>
				<include name="InfoDialogToggleButton">
					<param name="id" value="6" />
					<param name="icon_on" value="icons/infodialogs/uninstall.png" />
					<param name="icon_off" value="icons/infodialogs/install.png" />
					<param name="selected" value="ListItem.Property(addon.installed) | !Window.IsActive(addonbrowser)" />
					<param name="label" value="" />
				</include>
			</control>
		</control>
		<control type="group">
			<include>OpenClose_Left</include>
			<top>158</top>
			<left>80</left>
            <control type="image">
                <width>505</width>
				<height>505</height>
                <texture border="22">dialogs/dialog-bg.png</texture>
            </control>
			<control type="image">
				<left>24</left>
				<top>24</top>
				<width>457</width>
				<height>457</height>
				<aspectratio>keep</aspectratio>
				<fadetime>300</fadetime>
				<texture background="true" fallback="DefaultFolderSquare.png">$INFO[ListItem.Icon]</texture>
			</control>
            <control type="image">
				<top>490</top>
				<width>505</width>
				<height>128</height>
                <texture border="22">dialogs/dialog-bg.png</texture>
            </control>
			<control type="textbox">
				<left>30</left>
				<top>515</top>
				<width>446</width>
				<height>80</height>
				<font>font_textbox</font>
				<label>$INFO[ListItem.Property(Addon.Disclaimer),$LOCALIZE[24052]: [COLOR white],[/COLOR]]</label>
				<textcolor>button_focus</textcolor>
				<autoscroll time="2000" delay="3000" repeat="5000">true</autoscroll>
                <visible>!IsEmpty(ListItem.Property(Addon.Disclaimer))</visible>
			</control>
			<control type="textbox">
				<left>30</left>
				<top>515</top>
				<width>446</width>
				<height>80</height>
				<font>font_textbox</font>
				<label>31008</label>
				<autoscroll time="2000" delay="3000" repeat="5000">true</autoscroll>
                <visible>IsEmpty(ListItem.Property(Addon.Disclaimer))</visible>
			</control>
			<control type="group">
				<visible>!IsEmpty(ListItem.Property(Addon.Broken))</visible>
				<include>OpenClose_Fade</include>
				<control type="image">
					<left>24</left>
					<top>24</top>
					<width>457</width>
					<height>457</height>
					<texture colordiffuse="AAFFFFFF">colors/black.png</texture>
				</control>
				<control type="textbox">
					<left>24</left>
					<top>24</top>
					<width>457</width>
					<height>457</height>
					<align>center</align>
					<aligny>center</aligny>
					<label>$LOCALIZE[24096]</label>
					<font>font24_title</font>
				</control>
			</control>
		</control>
		<include name="InfoDialogTopBarInfo">
			<param name="main_label" value="[COLOR white]$INFO[ListItem.Property(Addon.Name)][/COLOR]" />
			<param name="sub_label" value="$INFO[ListItem.Property(Addon.Version)][COLOR white]$INFO[ListItem.Property(Addon.Creator), $LOCALIZE[31071] ][/COLOR]" />
		</include>
	</controls>
</window>
