﻿<?xml version="1.0" encoding="UTF-8" standalone="yes"?>
	<addon id="script.skin.helper.backgrounds" name="Skin Helper Service Backgrounds" version="1.0.25.006" provider-name="marcelveldt, YLLOW_DRAGON">
	<requires>
		<import addon="xbmc.python" version="2.13.0"/>
		<import addon="xbmc.addon" version="12.0.0"/>
		<import addon="script.module.pil" version="1.1.7"/>
        <import addon="script.module.simplecache" version="1.0.0"/>
        <import addon="script.module.metadatautils" version="1.0.0"/>
	</requires>

    <extension point="xbmc.python.library" library="default.py" />
    <extension point="xbmc.service" library="service.py" start="login" />

	<extension point="xbmc.addon.metadata">
		<summary lang="en_GB">Helper service for Kodi skins (Backgrounds)</summary>
        <summary lang="ru_RU">Сервис помощник для KODI обложек (Фоны)</summary>
        <description lang="en_GB">>Helper service for Kodi skins (Backgrounds)</description>
        <description lang="ru_RU">Сервис помощник для KODI обложек (Фоны)</description>        
		<language></language>
		<platform>all</platform>
		<license>GPL v2.0</license>
		<forum>http://forum.kodi.tv/showthread.php?tid=235676</forum>
		<website></website>
        <email>nkvoronov@gmail.com</email>
		<source>https://github.com/nkvoronov/script.skin.helper.backgrounds.git</source>
	</extension>
</addon>