<?xml version="1.0" encoding="UTF-8" standalone="yes"?>
<addon id="script.module.thetvdb"
	name="The TVDB API v2"
	version="1.0.29.018"
	provider-name="marcelveldt, YLLOW_DRAGON">
	<requires>
		<import addon="xbmc.python" version="3.0.0"/>
		<import addon="script.module.requests" version="2.22.0"/>
		<import addon="script.module.simplejson" version="3.17.0"/>
		<import addon="script.module.simplecache" version="2.0.0"/>
		<import addon="script.module.arrow" version="0.15.5"/>
	</requires>
	<extension point="xbmc.python.module" library="lib" />
	<extension point="xbmc.addon.metadata">
		<summary lang="en_GB">TheTVDB API v2 python module for Kodi</summary>
		<summary lang="ru_RU">TheTVDB API v2 модуль python для Kodi</summary>
		<summary lang="uk_UA">TheTVDB API v2 модуль python для Kodi</summary>
		<description lang="en_GB">TheTVDB API v2 python module for Kodi</description>
		<description lang="ru_RU">TheTVDB API v2 модуль python для Kodi</description>
		<description lang="uk_UA">TheTVDB API v2 модуль python для Kodi</description>
		<license>Apache 2.0</license>
		<platform>all</platform>
		<email>nkvoronov@gmail.com</email>
		<source>https://github.com/nkvoronov/script.module.thetvdb.git</source>
	</extension>
</addon>
