<?xml version="1.0" encoding="utf-8"?>
<window type="dialog" id="2128">
	<defaultcontrol always="true">450</defaultcontrol>
	<coordinates>
		<system>1</system>
		<left>0</left>
		<top>0</top>
	</coordinates>
	<onunload>ClearProperty(SwapItemLabel,home)</onunload>
	<onunload>ClearProperty(SwapItemPath,home)</onunload>
	<onunload>ClearProperty(SwapItemSub,home)</onunload>
	<onunload>ClearProperty(SwapItemAddOn,home)</onunload>
	<onunload>ClearProperty(SwapItemWidget,home)</onunload>
	<onunload>ClearProperty(SwapItemType,home)</onunload>
	<onunload>ClearProperty(SwapItemDBackground,home)</onunload>
	<onunload>ClearProperty(SwapItemCBackground,home)</onunload>
	<onunload>ClearProperty(SwapItemPlaylist,home)</onunload>
	<onunload>ClearProperty(UsrSelectBtn,home)</onunload>
	<controls>
        <include name="CustomSlideDialog">
            <param name="dlg_title" value="$LOCALIZE[89700] $LOCALIZE[89400]" />
            <param name="id_win" value="2128" />
            <param name="include_name" value="MoveMenuItemChoices" />
        </include>
	</controls>
</window>