<?xml version="1.0" encoding="UTF-8"?>
<shortcuts>
	<shortcut>
		<label>7</label>
		<label2>10004</label2>
		<icon>special://skin/extras/icons/files.png</icon>
		<action>ActivateWindow(filemanager)</action>
	</shortcut>
	<shortcut>
		<label>13200</label>
		<label2>10004</label2>
		<icon>special://skin/extras/icons/profiles.png</icon>
		<action>ActivateWindow(profiles)</action>
	</shortcut>
	<shortcut>
		<label>130</label>
		<label2>10004</label2>
		<icon>special://skin/extras/icons/systeminfo.png</icon>
		<action>ActivateWindow(systeminfo)</action>
	</shortcut>
	<shortcut>
		<label>14111</label>
		<label2>10004</label2>
		<icon>special://skin/extras/icons/eventlog.png</icon>
		<action>ActivateWindow(eventlog,events://,return)</action>
	</shortcut>
</shortcuts>
