<?xml version="1.0" encoding="UTF-8"?>
<includes>
    <variable name="NameAndVersionSkinVar">
        <value>Estuary Extended $INFO[System.AddonVersion(skin.estuary-extended)]</value>
    </variable>
    <!-- Stats bar -->
	<variable name="InfoBarStats">
        <!-- Videos -->
		<value condition="StringCompare(Container(9000).ListItem.Property(id),video)">[B][COLOR=button_focus]$LOCALIZE[20342]: [/COLOR][/B]$INFO[Window.Property(Movies.Count)]  [B][COLOR=button_focus]$LOCALIZE[20343]: [/COLOR][/B]$INFO[Window.Property(TVShows.Count)]  [B][COLOR=button_focus]$LOCALIZE[20389]: [/COLOR][/B]$INFO[Window.Property(MusicVideos.Count)]</value>
        <!-- Movies -->
		<value condition="StringCompare(Container(9000).ListItem.Property(id),movies)">[B][COLOR=button_focus]$LOCALIZE[20342]: [/COLOR][/B]$INFO[Window.Property(Movies.Count)]  [B][COLOR=button_focus]$LOCALIZE[16102]: [/COLOR][/B]$INFO[Window.Property(Movies.Watched)]  [B][COLOR=button_focus]$LOCALIZE[16101]: [/COLOR][/B]$INFO[Window.Property(Movies.UnWatched)]</value>
        <!-- TVShows -->
		<value condition="StringCompare(Container(9000).ListItem.Property(id),tvshows)">[B][COLOR=button_focus]$LOCALIZE[20343]: [/COLOR][/B]$INFO[Window.Property(TVShows.Count)]  [B][COLOR=button_focus]$LOCALIZE[20360]: [/COLOR][/B]$INFO[Window.Property(Episodes.Count)]  [B][COLOR=button_focus]$LOCALIZE[16101]: [/COLOR][/B]$INFO[Window.Property(Episodes.UnWatched)]</value>
        <!-- MusicVideos -->
		<value condition="StringCompare(Container(9000).ListItem.Property(id),musicvideos)">[B][COLOR=button_focus]$LOCALIZE[20389]: [/COLOR][/B]$INFO[Window.Property(MusicVideos.Count)]  [B][COLOR=button_focus]$LOCALIZE[16102]: [/COLOR][/B]$INFO[Window.Property(MusicVideos.Watched)]  [B][COLOR=button_focus]$LOCALIZE[16101]: [/COLOR][/B]$INFO[Window.Property(MusicVideos.UnWatched)]</value>
        <!-- Music -->
		<value condition="StringCompare(Container(9000).ListItem.Property(id),music)">[B][COLOR=button_focus]$LOCALIZE[132]: [/COLOR][/B]$INFO[Window.Property(Music.AlbumsCount)]  [B][COLOR=button_focus]$LOCALIZE[133]: [/COLOR][/B]$INFO[Window.Property(Music.ArtistsCount)]  [B][COLOR=button_focus]$LOCALIZE[134]: [/COLOR][/B]$INFO[Window.Property(Music.SongsCount)]</value>
        <!-- PVR -->
        <value condition="StringCompare(Container(9000).ListItem.Property(id),livetv) | StringCompare(Container(9000).ListItem.Property(id),radio)">[B][COLOR=button_focus]$LOCALIZE[19019]: [/COLOR][/B] $INFO[Pvr.BackendChannels]</value>
	</variable>
	<variable name="PVRStatusImageVar">
		<value condition="ListItem.IsRecording">windows/pvr/record.png</value>
		<value condition="ListItem.HasTimer + !ListItem.IsRecording + !ListItem.HasTimerSchedule">windows/pvr/timer.png</value>
		<value condition="ListItem.HasTimerSchedule + !ListItem.IsRecording">windows/pvr/timer.png</value>
		<value condition="ListItem.HasRecording + !ListItem.IsRecording + !ListItem.HasTimer">windows/pvr/timer.png</value>
	</variable>
	<variable name="SongTitleVar">
		<value condition="StringCompare(ListItem.Label,..)">..</value>
		<value>$INFO[ListItem.Title]</value>
	</variable>
	<variable name="NowPlayingMainlabelVar">
        <value condition="VideoPlayer.Content(LiveTV) + Player.HasAudio + !SubString(MusicPlayer.Title,.pvr,Right)">$INFO[MusicPlayer.Title]</value>
		<value condition="VideoPlayer.Content(LiveTV)">$INFO[Player.Title]</value>
		<value>$INFO[Player.Time]$INFO[Player.Title, - ]</value>
	</variable>
	<variable name="AutoCompletionContentVar">
		<value condition="System.HasAddon(plugin.program.autocompletion) + !System.HasHiddenInput">plugin://plugin.program.autocompletion?info=autocomplete&amp;&amp;id=$INFO[Control.GetLabel(312).index(1)]&amp;&amp;limit=9</value>
	</variable>
	<variable name="PlaylistLabel2Var">
		<value condition="Window.IsActive(musicplaylist)">$INFO[ListItem.Duration]</value>
		<value>$INFO[ListItem.Duration,, $LOCALIZE[12391]]</value>
	</variable>
	<variable name="AndroidAppPathVar">
		<value condition="System.Platform.Android">androidapp://sources/apps/</value>
	</variable>
	<variable name="AddonCountLabel">
		<value condition="IntegerGreaterThan(Container(8000).NumItems,10)">&gt;9</value>
		<value condition="StringCompare(Container(8000).NumItems,9)">9</value>
		<value condition="StringCompare(Container(8000).NumItems,8)">8</value>
		<value condition="StringCompare(Container(8000).NumItems,7)">7</value>
		<value condition="StringCompare(Container(8000).NumItems,6)">6</value>
		<value condition="StringCompare(Container(8000).NumItems,5)">5</value>
		<value condition="StringCompare(Container(8000).NumItems,4)">4</value>
		<value condition="StringCompare(Container(8000).NumItems,3)">3</value>
		<value condition="StringCompare(Container(8000).NumItems,2)">2</value>
		<value condition="StringCompare(Container(8000).NumItems,1)">1</value>
		<value>[COLOR grey]0[/COLOR]</value>
	</variable>
	<variable name="MusicInfoTextboxVar">
		<value condition="Container.Content(albums)">$INFO[ListItem.Property(Album_Description),[B]$LOCALIZE[183][/B][CR][COLOR=white],[/COLOR]]</value>
		<value condition="Container.Content(artists)">$INFO[ListItem.Property(Artist_Description),[B]$LOCALIZE[21887][/B][CR][COLOR=white],[/COLOR]]</value>
        <value>$INFO[ListItem.Property(Artist_Description),[B]$LOCALIZE[21887][/B][CR][COLOR=white],[/COLOR]]</value>
	</variable>
	<variable name="NowPlayingSublabelVar">
		<value condition="VideoPlayer.Content(episodes)">$INFO[VideoPlayer.TvShowTitle]</value>
		<value condition="VideoPlayer.Content(movies)">$INFO[VideoPlayer.Year]$INFO[VideoPlayer.Genre, - ]</value>
		<value condition="VideoPlayer.Content(livetv)">$INFO[VideoPlayer.ChannelName]</value>
		<value condition="Player.HasAudio">$INFO[MusicPlayer.Artist]</value>
	</variable>
	<variable name="GlobalFanartVar">
		<value condition="Skin.HasSetting(use_custom_bg) + !IsEmpty(Skin.String(custom_background))">$INFO[Skin.String(custom_background)]</value>
		<value>$INFO[Skin.CurrentColourTheme,special://skin/extras/backgrounds/,.jpg]</value>
	</variable>
	<variable name="FullScreenInfoTextBoxVar">
		<value condition="Control.HasFocus(5552)">$INFO[VideoPlayer.Duration,$LOCALIZE[180]: [B],[/B][CR]]</value>
		<value condition="Control.HasFocus(5553)">$INFO[VideoPlayer.Tagline,[B],[/B][CR]]$INFO[VideoPlayer.Plot]</value>
		<value condition="Control.HasFocus(5555)">$INFO[VideoPlayer.NextTitle,[B],[/B][CR]]$INFO[VideoPlayer.NextPlot]</value>
		<value>$INFO[VideoPlayer.CastAndRole]</value>
	</variable>
	<variable name="NowPlayingIconVar">
		<value condition="Player.Paused">icons/now-playing/pause.png</value>
		<value>icons/now-playing/play.png</value>
	</variable>
	<variable name="NowPlayingPosterVar">
		<value condition="!IsEmpty(Player.Art(poster))">$INFO[Player.Art(poster)]</value>
		<value condition="!IsEmpty(Player.Art(tvshow.poster))">$INFO[Player.Art(tvshow.poster)]</value>
		<value condition="IsEmpty(Player.Art(thumb)) + VideoPlayer.Content(livetv)">DefaultTVShowsSquare.png</value>
		<value>$INFO[Player.Art(thumb)]</value>
	</variable>
	<variable name="ShiftThumbVar">
		<value condition="StringCompare(ListItem.Label,..)">DefaultFolderBack.png</value>
        <value condition="IsEmpty(Listitem.Thumb) + Container.Content(artists)">DefaultMusicArtists.png</value>
		<value condition="IsEmpty(Listitem.Thumb) + Container.Content(albums)">DefaultMusicAlbums.png</value>
		<value condition="ListItem.IsFolder + IsEmpty(ListItem.Thumb)">DefaultFolderSquare.png</value>
		<value>$INFO[ListItem.Thumb]</value>
	</variable>
	<variable name="ShiftImagesThumbVar">
        <value condition="StringCompare(ListItem.Label,..)">DefaultFolderBack.png</value>
        <value condition="StringCompare(ListItem.Label,$LOCALIZE[997])">DefaultAddSource.png</value>
        <value condition="StringCompare(ListItem.Label,$LOCALIZE[1039])">DefaultAddonPicture.png</value>        
		<value condition="ListItem.IsFolder + IsEmpty(ListItem.Thumb)">DefaultFolder.png</value>
		<value>$INFO[ListItem.Thumb]</value>
	</variable>
	<variable name="InfoWallThumbVar">
        <value condition="StringCompare(ListItem.Label,..)">DefaultFolderBack.png</value>
        <value condition="!IsEmpty(Listitem.Art(poster))">$INFO[Listitem.Art(poster)]</value>        
		<value>$INFO[ListItem.Icon]</value>
	</variable>
	<variable name="IconWallThumbVar">
        <value condition="StringCompare(ListItem.Label,..)">DefaultFolderBack.png</value>
        <value condition="Container.Content(artists) + IsEmpty(ListItem.Thumb)">DefaultArtist.png</value>
        <value condition="Container.Content(albums) + IsEmpty(ListItem.Thumb)">DefaultAlbumCover.png</value>
        <value condition="Container.Content(songs) + IsEmpty(ListItem.Thumb)">DefaultMusicSongs.png</value>
        <value condition="Container.Content(directors) + IsEmpty(ListItem.Thumb)">DefaultDirector.png</value>
        <value condition="Container.Content(playlists) + IsEmpty(ListItem.Thumb)">DefaultPlaylist.png</value>
        <value condition="Container.Content(studios) + StringCompare(Skin.String(StudiosImages.path),resource://resource.images.studios.white/)">$INFO[ListItem.Label,resource://resource.images.studios.white/,.png]</value>
		<value condition="Container.Content(studios) + StringCompare(Skin.String(StudiosImages.path),resource://resource.images.studios.coloured/)">$INFO[ListItem.Label,resource://resource.images.studios.coloured/,.png]</value>        
        <value condition="Container.Content(countries) + StringCompare(Skin.String(LanguageFlags.path),resource://resource.images.languageflags.colour/)">$INFO[ListItem.Label,resource://resource.images.languageflags.colour/,.png]</value>       
        <value condition="!IsEmpty(ListItem.Thumb)">$INFO[ListItem.Thumb]</value>
		<value>$INFO[ListItem.Icon]</value>
	</variable>
	<variable name="ListLabel2Var">
		<value condition="StringCompare(Container.SortMethod,$LOCALIZE[556])">$INFO[ListItem.Year]</value>
		<value>$INFO[ListItem.Label2]</value>
	</variable>
	<variable name="ShiftLeftTextBoxVar">
		<value condition="Window.IsActive(pictures)">$INFO[ListItem.Property(description),,[CR]]$INFO[ListItem.PictureDatetime,[COLOR button_focus]$LOCALIZE[552]:  [/COLOR],[CR]]$INFO[ListItem.PictureResolution,[COLOR button_focus]$LOCALIZE[169]:  [/COLOR],[CR]]$INFO[ListItem.PictureCamMake,[COLOR button_focus]$LOCALIZE[31041]:  [/COLOR],[CR]]$INFO[ListItem.PictureCamModel,[COLOR button_focus]$LOCALIZE[21823]:  [/COLOR],[CR]]</value>
		<value condition="Container.Content(artists)">$INFO[ListItem.Genre,[COLOR button_focus]$LOCALIZE[515]:  [/COLOR],[CR]]$INFO[ListItem.Property(Artist_YearsActive),[COLOR button_focus]$LOCALIZE[21898]:  [/COLOR],[CR]]$INFO[ListItem.Property(Artist_Style),[COLOR button_focus]$LOCALIZE[736]:  [/COLOR],[CR]]</value>
		<value condition="Container.Content(albums)">$INFO[ListItem.Year,[COLOR button_focus]$LOCALIZE[345]:  [/COLOR],[CR]]$INFO[ListItem.Genre,[COLOR button_focus]$LOCALIZE[515]:  [/COLOR],[CR]]$INFO[ListItem.Property(album_label),[COLOR button_focus]$LOCALIZE[21899]:  [/COLOR],[CR]]$INFO[ListItem.Property(album_style),[COLOR button_focus]$LOCALIZE[736]:  [/COLOR],[CR]]</value>
		<value condition="StringCompare(Listitem.DBType,season) | StringCompare(Listitem.DBType,tvshow)">$INFO[ListItem.Genre,[COLOR button_focus]$LOCALIZE[515]:  [/COLOR],[CR]]$INFO[ListItem.Property(NumEpisodes),[COLOR button_focus]$LOCALIZE[20360]:  [/COLOR]]$INFO[ListItem.Property(UnWatchedEpisodes), ($LOCALIZE[31064]: ,)]$INFO[ListItem.Premiered,[CR][COLOR button_focus]$LOCALIZE[20416]:  [/COLOR]]</value>
		<value>$INFO[ListItem.Genre,[COLOR button_focus]$LOCALIZE[515]:  [/COLOR],[CR]]$INFO[ListItem.Director,[COLOR button_focus]$LOCALIZE[20339]:  [/COLOR],[CR]]$INFO[ListItem.Writer,[COLOR button_focus]$LOCALIZE[20417]:  [/COLOR],[CR]]$INFO[ListItem.Duration,[COLOR button_focus]$LOCALIZE[180]:  [/COLOR], $LOCALIZE[31060][CR]]$INFO[ListItem.Premiered,[COLOR button_focus]$LOCALIZE[20416]:  [/COLOR]]</value>
	</variable>
	<variable name="ShiftRightTextBoxVar">
		<value condition="Window.IsActive(pictures)">$INFO[ListItem.Size,[COLOR button_focus]$LOCALIZE[289]:  [/COLOR],[CR]]$INFO[ListItem.PictureAperture,[COLOR button_focus]$LOCALIZE[21826]:  [/COLOR],[CR]]$INFO[ListItem.PictureFocalLen,[COLOR button_focus]$LOCALIZE[21827]:  [/COLOR],[CR]]$INFO[ListItem.PictureExpTime,[COLOR button_focus]$LOCALIZE[21830]:  [/COLOR],[CR]]$INFO[ListItem.Date,[COLOR button_focus]$LOCALIZE[552]:  [/COLOR],[CR]]</value>
		<value condition="Container.Content(artists)">$INFO[ListItem.Property(artist_description)]</value>
		<value condition="Container.Content(albums)">$INFO[ListItem.Property(album_description)]</value>
		<value>$INFO[ListItem.Plot]</value>
	</variable>
	<variable name="SelectLabel">
		<value condition="Control.IsVisible(3)">[COLOR=button_focus]$INFO[Container(3).NumItems][/COLOR] $LOCALIZE[31036] - $LOCALIZE[31035] [COLOR=button_focus]$INFO[Container(3).CurrentPage]/$INFO[Container(3).NumPages][/COLOR]</value>
		<value>[COLOR=button_focus]$INFO[Container(6).NumItems][/COLOR] $LOCALIZE[31036] - $LOCALIZE[31035] [COLOR=button_focus]$INFO[Container(6).CurrentPage]/$INFO[Container(6).NumPages][/COLOR]</value>
	</variable>
	<variable name="FileBrowserSelectLabel">
		<value condition="Control.IsVisible(450)">[COLOR=button_focus]$INFO[Container(450).NumItems][/COLOR] $LOCALIZE[31036] - $LOCALIZE[31035] [COLOR=button_focus]$INFO[Container(450).CurrentPage]/$INFO[Container(450).NumPages][/COLOR]</value>
		<value>[COLOR=button_focus]$INFO[Container(451).NumItems][/COLOR] $LOCALIZE[31036] - $LOCALIZE[31035] [COLOR=button_focus]$INFO[Container(451).CurrentPage]/$INFO[Container(451).NumPages][/COLOR]</value>
	</variable>
	<variable name="BannerArtVar">
		<value condition="StringCompare(ListItem.Label,..)">DefaultBackBanner.png</value>
		<value condition="!IsEmpty(ListItem.Art(banner))">$INFO[ListItem.Art(banner)]</value>
		<value>$INFO[ListItem.Art(fanart)]</value>
	</variable>
	<variable name="FanartImageVar">
		<value condition="StringCompare(ListItem.Label,..)">special://skin/extras/home-images/movie.jpg</value>
		<value>$INFO[ListItem.Art(fanart)]</value>
	</variable>
	<variable name="ListBoxInfoVar">
		<value condition="StringCompare(Container.FolderPath,addons://outdated/) + !IsEmpty(ListItem.Addonnews)">$INFO[ListItem.Addonnews]</value>
		<value condition="Container.Content(addons)">$INFO[ListItem.AddonDescription]</value>
		<value condition="Container.Content(albums)">$INFO[ListItem.Property(album_description)]</value>
		<value condition="Container.Content(mixed) | Container.Content(videos)">$INFO[ListItem.Genre,[COLOR button_focus]$LOCALIZE[515]: [/COLOR],[CR]]$INFO[ListItem.Plot]</value>
		<value condition="Container.Content(artists)">$INFO[ListItem.Property(artist_description)]</value>
		<value condition="Container.Content(songs)">$INFO[ListItem.Genre,[COLOR button_focus]$LOCALIZE[515]: [/COLOR],[CR]]$INFO[ListItem.Duration,[COLOR button_focus]$LOCALIZE[180]: [/COLOR],[CR]]$INFO[ListItem.Playcount,[COLOR button_focus]$LOCALIZE[567]: [/COLOR],[CR]]</value>
		<value>$INFO[ListItem.Genre,[COLOR button_focus]$LOCALIZE[515]: [/COLOR],[CR]]</value>
	</variable>
	<variable name="TVShowWidgetImageVar">
		<value condition="StringCompare(ListItem.Label,..)">DefaultBackFanart.png</value>
		<value condition="!IsEmpty(ListItem.Art(landscape))">$INFO[ListItem.Art(landscape)]</value>
		<value>$INFO[ListItem.Art(fanart)]</value>
	</variable>
	<variable name="ListInfoBoxImageVar">
		<value condition="StringCompare(ListItem.Label,..)">DefaultBackFanart.png</value>
		<value condition="Container.Content(episodes)">$INFO[ListItem.Art(thumb)]</value>
		<value>$INFO[ListItem.Art(fanart)]</value>
	</variable>
	<variable name="AddonsLabel2Var">
		<value condition="ListItem.Property(Addon.Downloading)">$INFO[ListItem.Property(addon.status)]</value>
		<value condition="!Stringcompare(Container.SortMethod,$LOCALIZE[551])">$INFO[ListItem.Label2]</value>
		<value>$INFO[ListItem.Property(Addon.Creator),, - ]$INFO[ListItem.Property(Addon.Version)]</value>
	</variable>
	<variable name="AddonsListIconVar">
        <value condition="ListItem.Property(Addon.UpdateAvail)">icons/addonstatus/update.png</value>
		<value condition="!IsEmpty(ListItem.Property(Addon.Broken))">icons/infodialogs/update.png</value>		
		<value condition="ListItem.Property(Addon.Downloading)">icons/addonstatus/install.png</value>
		<value condition="ListItem.Property(Addon.Installed) + !ListItem.Property(Addon.Enabled) + Window.IsActive(addonbrowser)">icons/addonstatus/disable.png</value>
        <value condition="ListItem.Property(Addon.Installed) + ListItem.Property(Addon.Enabled)">OverlayWatched.png</value>
		<value condition="StringCompare(ListItem.Property(Addon.Status),$LOCALIZE[1223])">icons/addonstatus/disable.png</value>
        <value condition="StringCompare(ListItem.Property(Addon.Status),$LOCALIZE[305])">OverlayWatched.png</value>
        <value condition="StringCompare(ListItem.Label,..)">DefaultFolderBack.png</value>
        <value condition="[Window.IsActive(videos) | Window.IsActive(musiclibrary) | Window.IsActive(pictures) | Window.IsActive(programs)] + !StringCompare(ListItem.Label,$LOCALIZE[21452]) + !StringCompare(ListItem.Label,..)">OverlayWatched.png</value>
		<value condition="!StringCompare(ListItem.Label,..)">OverlayUnwatched.png</value>
	</variable>
	<variable name="AudioDSPIconVar">
		<value condition="!IsEmpty(ADSP.MasterOverrideIcon)">$INFO[ADSP.MasterOverrideIcon]</value>
		<value condition="Player.HasVideo">$INFO[VideoPlayer.AudioCodec,flags/audiocodec/,.png]</value>
		<value condition="Player.HasAudio">$INFO[MusicPlayer.Codec,flags/audiocodec/,.png]</value>
	</variable>
	<variable name="ResolutionFlagVar">
		<value condition="ListItem.IsStereoscopic">flags/videoresolution/3D.png</value>
		<value condition="IntegerGreaterThan(ListItem.VideoResolution,1080)">flags/videoresolution/4K.png</value>
		<value>$INFO[ListItem.VideoResolution,flags/videoresolution/,.png]</value>
	</variable>
	<variable name="BannerVar">
		<value condition="!IsEmpty(ListItem.Art(banner))">$INFO[ListItem.Art(banner)]</value>
		<value>$INFO[ListItem.Art(tvshow.banner)]</value>
	</variable>
	<variable name="PosterVar">
		<value condition="StringCompare(ListItem.Label,..)">DefaultFolderBack.png</value>
		<value condition="!IsEmpty(Container.Art(season.poster)) + Container.Content(episodes)">$INFO[Container.Art(season.poster)]</value>
		<value condition="!IsEmpty(Container.Art(tvshow.poster)) + Container.Content(episodes)">$INFO[Container.Art(tvshow.poster)]</value>
		<value condition="!IsEmpty(Container.Art(tvshow.poster)) + Container.Content(seasons) + Window.IsActive(movieinformation)">$INFO[Container.Art(tvshow.poster)]</value>
        <value condition="IsEmpty(Container.ListItem.Art(thumb)) + [Container.Content(actors) | Container.Content(directors)]">DefaultActorSolid.png</value>
		<value condition="Container.Content(actors) | Container.Content(directors)">$INFO[Container.ListItem.Art(thumb)]</value>
		<value condition="!IsEmpty(ListItem.Art(tvshow.poster)) + !Container.Content(seasons)">$INFO[ListItem.Art(tvshow.poster)]</value>
		<value condition="!IsEmpty(Listitem.Art(poster))">$INFO[Listitem.Art(poster)]</value>
		<value>$INFO[ListItem.Icon]</value>
	</variable>
	<variable name="InfoDialogPosterVar">
		<value condition="!IsEmpty(ListItem.Art(poster))">$INFO[ListItem.Art(poster)]</value>
		<value condition="!IsEmpty(ListItem.Art(season.poster))">$INFO[ListItem.Art(season.poster)]</value>
		<value condition="!IsEmpty(ListItem.Art(tvshow.poster))">$INFO[ListItem.Art(tvshow.poster)]</value>
	</variable>
	<variable name="ListPosterVar">
		<value condition="StringCompare(ListItem.Label,..)">DefaultFolderBack.png</value>
		<value condition="!IsEmpty(Listitem.Art(poster))">$INFO[Listitem.Art(poster)]</value>
		<value>$INFO[ListItem.Icon]</value>
	</variable>
	<variable name="BannerLabel2Var">
		<value condition="StringCompare(Listitem.DBType,tvshow)">$INFO[ListItem.Property(WatchedEpisodes)]$INFO[ListItem.Property(TotalEpisodes), / ,]</value>
	</variable>
	<variable name="VideoPlayerForwardRewindVar">
		<value condition="Player.Forwarding2x | Player.Rewinding2x">2x</value>
		<value condition="Player.Forwarding4x | Player.Rewinding4x">4x</value>
		<value condition="Player.Forwarding8x | Player.Rewinding8x">8x</value>
		<value condition="Player.Forwarding16x | Player.Rewinding16x">16x</value>
		<value condition="Player.Forwarding32x | Player.Rewinding32x">32x</value>
	</variable>
	<variable name="SeekLabel">
		<value condition="!IsEmpty(Player.SeekStepSize)">$LOCALIZE[773][COLOR=grey] $INFO[Player.SeekStepSize][/COLOR]</value>
		<value condition="Player.Caching">$LOCALIZE[15107]</value>
		<value condition="Player.Paused">$LOCALIZE[112]</value>
		<value condition="Player.Forwarding">$LOCALIZE[31039] $VAR[VideoPlayerForwardRewindVar]</value>
		<value condition="Player.Rewinding">$LOCALIZE[31038] $VAR[VideoPlayerForwardRewindVar]</value>
		<value condition="Player.IsTempo">$LOCALIZE[31142]: $INFO[Player.PlaySpeed]</value>
	</variable>
	<variable name="SeekTimeLabelVar">
		<value condition="Player.Seeking">$INFO[Player.SeekTime]$INFO[Player.Duration, / ]</value>
		<value>$INFO[Player.Time]$INFO[Player.Duration, / ]</value>
	</variable>
	<variable name="VideoOSDHelpTextVar">
		<value condition="Control.HasFocus(87) + [Player.Rewinding | Player.Forwarding]">$LOCALIZE[31050]</value>
		<value condition="Control.HasFocus(70011)">$LOCALIZE[20060]</value>
		<value condition="Control.HasFocus(700)">$LOCALIZE[298]</value>
		<value condition="Control.HasFocus(703)">$LOCALIZE[31106]</value>
		<value condition="Control.HasFocus(704)">$LOCALIZE[24012]</value>
		<value condition="Control.HasFocus(804)">$LOCALIZE[31092]</value>
		<value condition="Control.HasFocus(70040)">$LOCALIZE[19019]</value>
		<value condition="Control.HasFocus(70041)">$LOCALIZE[19069]</value>
		<value condition="Control.HasFocus(70043)">$LOCALIZE[5]</value>
		<value condition="Control.HasFocus(255)">$LOCALIZE[36501]</value>
		<value condition="Control.HasFocus(606)+ Player.Recording">$LOCALIZE[19059]</value>
		<value condition="Control.HasFocus(606)">$LOCALIZE[264]</value>
		<value condition="ControlGroup(6000).HasFocus + Player.SeekEnabled">$LOCALIZE[31054]</value>
	</variable>
	<variable name="MusicOSDHelpTextVar">
		<value condition="Control.HasFocus(620)">$LOCALIZE[31033]$INFO[MusicPlayer.UserRating, : ]</value>
		<value condition="Control.HasFocus(704)">$LOCALIZE[486]$INFO[Playlist.Repeat, : ]</value>
		<value condition="Control.HasFocus(607) + Playlist.IsRandom">$LOCALIZE[590]: $LOCALIZE[16041]</value>
		<value condition="Control.HasFocus(607)">$LOCALIZE[590]: $LOCALIZE[16039]</value>
		<value condition="Control.HasFocus(703)">$LOCALIZE[24013]</value>
		<value condition="Control.HasFocus(5000)">$LOCALIZE[10004]</value>
	</variable>
	<variable name="SkinSettingsHelpTextVar">
		<value condition="Container(9000).HasFocus(1)">$LOCALIZE[31129]</value>
        <value condition="Container(9000).HasFocus(2)">$LOCALIZE[84218]</value>
		<value condition="Container(9000).HasFocus(3)">$LOCALIZE[31130]</value>
        <value condition="Container(9000).HasFocus(4)">$LOCALIZE[84201]</value>
		<value condition="Container(9000).HasFocus(5)">$LOCALIZE[84219]</value>
        <value condition="Container(9000).HasFocus(6)">$LOCALIZE[84220]</value>
	</variable>
	<variable name="DSPManagerHelpTextVar">
		<value condition="Control.HasFocus(20)">$INFO[Container(20).ListItem.Property(Description)]</value>
		<value condition="Control.HasFocus(21)">$INFO[Container(21).ListItem.Property(Description)]</value>
		<value>$INFO[Container(9000).ListItem.Label2]</value>
	</variable>
	<variable name="VolumeIconVar">
		<value condition="Player.Muted">dialogs/volume/mute.png</value>
		<value condition="IntegerGreaterThan(Control.GetLabel(20),66)">dialogs/volume/volume.png</value>
		<value condition="IntegerGreaterThan(Control.GetLabel(20),33)">dialogs/volume/volume2.png</value>
		<value condition="player.passthrough">dialogs/volume/volume.png</value>
		<value>dialogs/volume/volume1.png</value>
	</variable>
	<variable name="ListSubLabelVar">
		<value condition="ListItem.IsCollection">$INFO[Container(5000).NumItems]</value>
		<value>$INFO[ListItem.Year]</value>
	</variable>
	<variable name="VideoInfoMainLabelVar">
		<value condition="!IsEmpty(ListItem.Title)">$INFO[ListItem.Title]$INFO[ListItem.Year, ([COLOR grey],[/COLOR])]</value>
		<value>$INFO[ListItem.Label]$INFO[ListItem.Year, ([COLOR grey],[/COLOR])]</value>
	</variable>
	<variable name="VideoInfoSubLabelVar">
		<value condition="StringCompare(ListItem.DBType,episode)">$INFO[ListItem.Season]$INFO[ListItem.Episode,[COLOR grey]x[/COLOR],: ]$INFO[ListItem.TVShowTitle]</value>
		<value condition="StringCompare(ListItem.DBType,movie)">$INFO[ListItem.Tagline]</value>
		<value>$INFO[ListItem.Genre]</value>
	</variable>
	<variable name="OSDSubLabelVar">
		<value condition="VideoPlayer.Content(episodes)">$INFO[VideoPlayer.Season,[COLOR button_focus],[/COLOR]]$INFO[VideoPlayer.Episode,[COLOR button_focus]x,: [/COLOR]]$INFO[VideoPlayer.TVShowTitle]</value>
		<value condition="VideoPlayer.Content(LiveTV) | PVR.IsPlayingRecording">$INFO[VideoPlayer.ChannelNumberLabel,([COLOR button_focus],[/COLOR]) ]$INFO[VideoPlayer.ChannelName]$INFO[VideoPlayer.EpisodeName, (,)]</value>
		<value>$INFO[VideoPlayer.Genre]</value>
	</variable>
	<variable name="AddonsFanartVar">
		<value condition="Skin.HasSetting(no_fanart)">$VAR[GlobalFanartVar]</value>
		<value condition="Window.IsActive(musicinformation) | Window.IsActive(movieinformation) | Window.IsActive(addoninformation) | Window.IsActive(pvrguideinfo) | Window.IsActive(pvrrecordinginfo) | Window.IsActive(pictureinfo) | Window.IsVisible(script-script.extendedinfo-DialogVideoInfo.xml) | Window.IsVisible(script-script.extendedinfo-DialogInfo.xml) | Window.IsVisible(script-script.extendedinfo-VideoList.xml)">$INFO[Window(home).Property(infobackground)]</value>
		<!-- Addons -->
		<value condition="!IsEmpty(Container(500).ListItem.Art(fanart)) + Control.HasFocus(500)">$INFO[Container(500).ListItem.Art(fanart)]</value>
		<value condition="!IsEmpty(Container(501).ListItem.Art(fanart)) + Control.HasFocus(501)">$INFO[Container(501).ListItem.Art(fanart)]</value>
		<value condition="!IsEmpty(Container(502).ListItem.Art(fanart)) + Control.HasFocus(502)">$INFO[Container(502).ListItem.Art(fanart)]</value>
		<value condition="!IsEmpty(Container(503).ListItem.Art(fanart)) + Control.HasFocus(503)">$INFO[Container(503).ListItem.Art(fanart)]</value>
		<value condition="!IsEmpty(Container(504).ListItem.Art(fanart)) + Control.HasFocus(504)">$INFO[Container(504).ListItem.Art(fanart)]</value>
		<value condition="!IsEmpty(Container(505).ListItem.Art(fanart)) + Control.HasFocus(505)">$INFO[Container(505).ListItem.Art(fanart)]</value>
		<!-- Global -->
		<value condition="!IsEmpty(Skin.String(HomeFanart.path))">$INFO[Skin.String(HomeFanart.path)]$INFO[Window(home).Property(FanartHomeType)]$INFO[Skin.String(HomeFanart.ext)]</value>
		<value>-</value>
	</variable>
	<variable name="HomeFanartVar">
		<value condition="Skin.HasSetting(no_fanart)">$VAR[GlobalFanartVar]</value>
		<value condition="Window.IsActive(musicinformation) | Window.IsActive(movieinformation) | Window.IsActive(addoninformation) | Window.IsActive(pvrguideinfo) | Window.IsActive(pvrrecordinginfo) | Window.IsActive(pictureinfo) | Window.IsVisible(script-ExtendedInfo Script-DialogVideoInfo.xml) | Window.IsVisible(script-ExtendedInfo Script-DialogInfo.xml) | Window.IsVisible(script-ExtendedInfo Script-VideoList.xml)">$INFO[Window(home).Property(infobackground)]</value>
		<!-- Weather -->
		<value condition="!IsEmpty(Container(11100).ListItem.Property(FanartCode)) + Control.HasFocus(11100) + !IsEmpty(Skin.String(WeatherFanart.path)) + !Skin.HasSetting(WeatherFanart.multi)">$INFO[Skin.String(WeatherFanart.path)]$INFO[Container(11100).ListItem.Property(FanartCode)]$INFO[Skin.String(WeatherFanart.ext)]</value>
		<value condition="!IsEmpty(Container(11200).ListItem.Property(FanartCode)) + Control.HasFocus(11200) + !IsEmpty(Skin.String(WeatherFanart.path)) + !Skin.HasSetting(WeatherFanart.multi)">$INFO[Skin.String(WeatherFanart.path)]$INFO[Container(11200).ListItem.Property(FanartCode)]$INFO[Skin.String(WeatherFanart.ext)]</value>
        <value condition="!IsEmpty(Container(11100).ListItem.Property(FanartCode)) + Control.HasFocus(11100) + !IsEmpty(Skin.String(WeatherFanart.path)) + Skin.HasSetting(WeatherFanart.multi)">$INFO[Skin.String(WeatherFanart.path)]$INFO[Container(11100).ListItem.Property(FanartCode)]</value>
		<value condition="!IsEmpty(Container(11200).ListItem.Property(FanartCode)) + Control.HasFocus(11200) + !IsEmpty(Skin.String(WeatherFanart.path)) + Skin.HasSetting(WeatherFanart.multi)">$INFO[Skin.String(WeatherFanart.path)]$INFO[Container(11200).ListItem.Property(FanartCode)]</value>
		<!-- Movies -->
		<value condition="!IsEmpty(Container(16100).ListItem.Art(fanart)) + Control.HasFocus(16100)">$INFO[Container(16100).ListItem.Art(fanart)]</value>
		<value condition="!IsEmpty(Container(16200).ListItem.Art(fanart)) + Control.HasFocus(16200)">$INFO[Container(16200).ListItem.Art(fanart)]</value>
		<value condition="!IsEmpty(Container(16300).ListItem.Art(fanart)) + Control.HasFocus(16300)">$INFO[Container(16300).ListItem.Art(fanart)]</value>
		<value condition="!IsEmpty(Container(16400).ListItem.Art(fanart)) + Control.HasFocus(16400)">$INFO[Container(16400).ListItem.Art(fanart)]</value>
		<!-- TVShows -->
		<value condition="!IsEmpty(Container(17100).ListItem.Art(fanart)) + Control.HasFocus(17100)">$INFO[Container(17100).ListItem.Art(fanart)]</value>
		<value condition="!IsEmpty(Container(17200).ListItem.Art(fanart)) + Control.HasFocus(17200)">$INFO[Container(17200).ListItem.Art(fanart)]</value>
		<value condition="!IsEmpty(Container(17300).ListItem.Art(fanart)) + Control.HasFocus(17300)">$INFO[Container(17300).ListItem.Art(fanart)]</value>
		<!-- Music Videos -->
		<value condition="!IsEmpty(Container(18100).ListItem.Art(fanart)) + Control.HasFocus(18100)">$INFO[Container(18100).ListItem.Art(fanart)]</value>
		<value condition="!IsEmpty(Container(18200).ListItem.Art(fanart)) + Control.HasFocus(18200)">$INFO[Container(18200).ListItem.Art(fanart)]</value>
		<value condition="!IsEmpty(Container(18300).ListItem.Art(fanart)) + Control.HasFocus(18300)">$INFO[Container(18300).ListItem.Art(fanart)]</value>
		<value condition="!IsEmpty(Container(18400).ListItem.Art(fanart)) + Control.HasFocus(18400)">$INFO[Container(18400).ListItem.Art(fanart)]</value>
		<!-- Music -->
		<value condition="!IsEmpty(Container(19100).ListItem.Art(fanart)) + Control.HasFocus(19100)">$INFO[Container(19100).ListItem.Art(fanart)]</value>        
		<value condition="!IsEmpty(Container(19200).ListItem.Art(fanart)) + Control.HasFocus(19200)">$INFO[Container(19200).ListItem.Art(fanart)]</value>
		<value condition="!IsEmpty(Container(19300).ListItem.Art(fanart)) + Control.HasFocus(19300)">$INFO[Container(19300).ListItem.Art(fanart)]</value>
		<value condition="!IsEmpty(Container(19400).ListItem.Art(fanart)) + Control.HasFocus(19400)">$INFO[Container(19400).ListItem.Art(fanart)]</value>
		<value condition="!IsEmpty(Container(19500).ListItem.Art(fanart)) + Control.HasFocus(19500)">$INFO[Container(19500).ListItem.Art(fanart)]</value>
		<value condition="!IsEmpty(Container(19600).ListItem.Art(fanart)) + Control.HasFocus(19600)">$INFO[Container(19600).ListItem.Art(fanart)]</value>
		<!-- Addons -->
		<value condition="!IsEmpty(Container(20100).ListItem.Art(fanart)) + Control.HasFocus(20100) + ![Skin.HasSetting(enable_custom_list_addons) + Skin.HasSetting(enable_custom_list_addons_video)]">$INFO[Container(20100).ListItem.Art(fanart)]</value>
		<value condition="!IsEmpty(Container(20100).ListItem.Property(AddonFanart)) + Control.HasFocus(20100) + Skin.HasSetting(enable_custom_list_addons) + Skin.HasSetting(enable_custom_list_addons_video)">$INFO[Container(20100).ListItem.Property(AddonFanart)]</value>
		<value condition="!IsEmpty(Container(20200).ListItem.Art(fanart)) + Control.HasFocus(20200) + ![Skin.HasSetting(enable_custom_list_addons) + Skin.HasSetting(enable_custom_list_addons_audio)]">$INFO[Container(20200).ListItem.Art(fanart)]</value>
		<value condition="!IsEmpty(Container(20200).ListItem.Property(AddonFanart)) + Control.HasFocus(20200) + Skin.HasSetting(enable_custom_list_addons) + Skin.HasSetting(enable_custom_list_addons_audio)">$INFO[Container(20200).ListItem.Property(AddonFanart)]</value>
		<value condition="!IsEmpty(Container(20300).ListItem.Art(fanart)) + Control.HasFocus(20300) + ![Skin.HasSetting(enable_custom_list_addons) + Skin.HasSetting(enable_custom_list_addons_programs)]">$INFO[Container(20300).ListItem.Art(fanart)]</value>
		<value condition="!IsEmpty(Container(20300).ListItem.Property(AddonFanart)) + Control.HasFocus(20300) + Skin.HasSetting(enable_custom_list_addons) + Skin.HasSetting(enable_custom_list_addons_programs)">$INFO[Container(20300).ListItem.Property(AddonFanart)]</value>		
		<value condition="!IsEmpty(Container(20400).ListItem.Art(fanart)) + Control.HasFocus(20400) + System.Platform.Android + ![Skin.HasSetting(enable_custom_list_addons) + Skin.HasSetting(enable_custom_list_addons_apps)]">$INFO[Container(20400).ListItem.Art(fanart)]</value>		
		<value condition="!IsEmpty(Container(20500).ListItem.Art(fanart)) + Control.HasFocus(20500) + ![Skin.HasSetting(enable_custom_list_addons) + Skin.HasSetting(enable_custom_list_addons_image)]">$INFO[Container(20400).ListItem.Art(fanart)]</value>
		<value condition="!IsEmpty(Container(20500).ListItem.Property(AddonFanart)) + Control.HasFocus(20500) + Skin.HasSetting(enable_custom_list_addons) + Skin.HasSetting(enable_custom_list_addons_image)">$INFO[Container(20500).ListItem.Property(AddonFanart)]</value>
		<!-- Global -->
		<value condition="!IsEmpty(Skin.String(HomeFanart.path)) + Window.IsActive(shutdownmenu)">$INFO[Skin.String(HomeFanart.path)]power$INFO[Skin.String(HomeFanart.ext)]</value>
		<value condition="!IsEmpty(Skin.String(HomeFanart.path)) + Window.IsActive(favourites)">$INFO[Skin.String(HomeFanart.path)]favorites$INFO[Skin.String(HomeFanart.ext)]</value>
		<value condition="!IsEmpty(Skin.String(HomeFanart.path)) + Window.IsActive(1107)">$INFO[Skin.String(HomeFanart.path)]search$INFO[Skin.String(HomeFanart.ext)]</value>		
		<value condition="!IsEmpty(Skin.String(HomeFanart.path))">$INFO[Skin.String(HomeFanart.path)]$INFO[Container(9000).ListItem.Property(id)]$INFO[Skin.String(HomeFanart.ext)]</value>
		<value>-</value>
	</variable>
	<variable name="MediaFanartVar">
		<value condition="Skin.HasSetting(no_fanart)">$VAR[GlobalFanartVar]</value>
		<value condition="Window.IsActive(musicinformation) | Window.IsActive(movieinformation) | Window.IsActive(addoninformation) | Window.IsActive(pvrguideinfo) | Window.IsActive(pvrrecordinginfo) | Window.IsActive(pictureinfo) | Window.IsVisible(script-ExtendedInfo Script-DialogVideoInfo.xml) | Window.IsVisible(script-ExtendedInfo Script-DialogInfo.xml) | Window.IsVisible(script-ExtendedInfo Script-VideoList.xml)">$INFO[Window(home).Property(infobackground)]</value>
		<value condition="Window.IsActive(pictures) + IsEmpty(ListItem.Art(fanart))">$INFO[ListItem.FolderPath]</value>
		<value condition="!IsEmpty(ListItem.Art(fanart))">$INFO[ListItem.Art(fanart)]</value>
		<value condition="!IsEmpty(Container.Art(tvshow.fanart))">$INFO[Container.Art(tvshow.fanart)]</value>
		<value condition="!IsEmpty(Container.Art(artist.fanart))">$INFO[Container.Art(artist.fanart)]</value>
		<value condition="!String.IsEmpty(Container.Art(fanart))">$INFO[Container.Art(fanart)]</value>
		<value>$INFO[Container.Art(fanart)]</value>
	</variable>
    <variable name="FanartHomeTypeVar">
        <value condition="Skin.HasSetting(no_fanart) | IsEmpty(Window(home).Property(FanartHomeType))">$VAR[GlobalFanartVar]</value>
        <value condition="!IsEmpty(Skin.String(HomeFanart.path))">$INFO[Skin.String(HomeFanart.path)]$INFO[Window(home).Property(FanartHomeType)]$INFO[Skin.String(HomeFanart.ext)]</value>
		<value>-</value>
    </variable>
	<variable name="WeatherFanartVar">
        <value condition="Skin.HasSetting(no_fanart)">$VAR[GlobalFanartVar]</value>
        <value condition="!IsEmpty(Skin.String(HomeFanart.path)) + IsEmpty(Skin.String(WeatherFanart.path))">$INFO[Skin.String(HomeFanart.path)]weather$INFO[Skin.String(HomeFanart.ext)]</value>
		<value condition="!IsEmpty(Window(weather).Property(Current.FanartCode)) + Skin.HasSetting(WeatherFanart.multi)">$INFO[Skin.String(WeatherFanart.path)]$INFO[Window(weather).Property(Current.FanartCode)]</value>
		<value>$INFO[Skin.String(WeatherFanart.path)]$INFO[Window(weather).Property(Current.FanartCode)]$INFO[Skin.String(WeatherFanart.ext)]</value>
		<value>-</value>
	</variable>
	<variable name="SearchFanartVar">
        <value condition="Skin.HasSetting(no_fanart)">$VAR[GlobalFanartVar]</value>
        <!-- Fanart -->
		<value condition="!IsEmpty(Container(111).ListItem.Property(Fanart)) + Control.HasFocus(111)">$INFO[Container(111).ListItem.Property(Fanart)]</value>
		<value condition="!IsEmpty(Container(121).ListItem.Property(Fanart)) + Control.HasFocus(121)">$INFO[Container(121).ListItem.Property(Fanart)]</value>
		<value condition="!IsEmpty(Container(131).ListItem.Property(Fanart)) + Control.HasFocus(131)">$INFO[Container(131).ListItem.Property(Fanart)]</value>
		<value condition="!IsEmpty(Container(141).ListItem.Property(Fanart)) + Control.HasFocus(141)">$INFO[Container(141).ListItem.Property(Fanart)]</value>
		<value condition="!IsEmpty(Container(151).ListItem.Property(Fanart)) + Control.HasFocus(151)">$INFO[Container(151).ListItem.Property(Fanart)]</value>
		<value condition="!IsEmpty(Container(161).ListItem.Property(Fanart)) + Control.HasFocus(161)">$INFO[Container(161).ListItem.Property(Fanart)]</value>
		<value condition="!IsEmpty(Container(171).ListItem.Property(Fanart)) + Control.HasFocus(171)">$INFO[Container(171).ListItem.Property(Fanart)]</value>
		<value condition="!IsEmpty(Container(181).ListItem.Property(Fanart)) + Control.HasFocus(181)">$INFO[Container(181).ListItem.Property(Fanart)]</value>
		<value condition="!IsEmpty(Container(211).ListItem.Property(Fanart)) + Control.HasFocus(211)">$INFO[Container(211).ListItem.Property(Fanart)]</value>
		<value condition="!IsEmpty(Container(221).ListItem.Property(Fanart)) + Control.HasFocus(221)">$INFO[Container(221).ListItem.Property(Fanart)]</value>
		<value condition="!IsEmpty(Container(231).ListItem.Property(Fanart)) + Control.HasFocus(231)">$INFO[Container(231).ListItem.Property(Fanart)]</value>
		<!-- Global -->		
		<value condition="!IsEmpty(Skin.String(HomeFanart.path))">$INFO[Skin.String(HomeFanart.path)]$INFO[Window(Home).Property(FanartHomeType)]$INFO[Skin.String(HomeFanart.ext)]</value>
		<value>-</value>
	</variable>
	<variable name="ListWatchedIconVar">
		<value condition="ListItem.IsRecording">windows/pvr/record.png</value>
		<value condition="ListItem.IsPlaying">overlays/watched/OverlayPlaying-List.png</value>
		<value condition="ListItem.IsResumable">overlays/watched/resume.png</value>
		<value condition="!IsEmpty(ListItem.Overlay)">$INFO[ListItem.Overlay]</value>
		<value condition="StringCompare(ListItem.Label,..)">DefaultFolderBack.png</value>
		<value condition="ListItem.IsFolder">overlays/folder.png</value>
		<value>OverlayUnwatched.png</value>
	</variable>
	<variable name="SettingsSectionIcon">
		<value condition="Window.IsActive(picturessettings)">icons/settings/pictures.png</value>
		<value condition="Window.IsActive(programssettings)">icons/settings/programs.png</value>
		<value condition="Window.IsActive(weathersettings)">icons/settings/weather.png</value>
		<value condition="Window.IsActive(musicsettings)">icons/settings/music.png</value>
		<value condition="Window.IsActive(systemsettings)">icons/settings/system.png</value>
		<value condition="Window.IsActive(videossettings)">icons/settings/video.png</value>
		<value condition="Window.IsActive(servicesettings)">icons/settings/network.png</value>
		<value condition="Window.IsActive(appearancesettings)">icons/settings/appearance.png</value>
		<value condition="Window.IsActive(pvrsettings)">icons/settings/livetv.png</value>
	</variable>
	<!-- Breadcrumbs -->
	<variable name="BreadcrumbsVideoVar">
		<value condition="Container.Content(movies) | SubString(container.folderpath,library://video/movies/) | SubString(container.folderpath,videodb://movies)">$LOCALIZE[20342]</value>
		<value condition="Container.Content(musicvideos) | SubString(container.folderpath,library://video/musicvideos/) | SubString(container.folderpath,videodb://musicvideos)">$LOCALIZE[20389]</value>
		<value condition="Container.Content(tvshows) | SubString(container.folderpath,library://video/tvshows/) | SubString(container.folderpath,videodb://tvshows)">$LOCALIZE[20343]</value>
		<value condition="Container.Content(seasons)">$LOCALIZE[20343]</value>
		<value condition="Container.Content(episodes)">$LOCALIZE[20343]</value>
		<value>$LOCALIZE[3]</value>
	</variable>
	<variable name="BreadcrumbsPVRChannelsVar">
		<value condition="Window.IsActive(TVChannels)">$LOCALIZE[19020] / $LOCALIZE[19019] / $INFO[Control.GetLabel(29)]</value>
		<value>$LOCALIZE[19021] / $LOCALIZE[19019] / $INFO[Control.GetLabel(29)]</value>
	</variable>
	<variable name="BreadcrumbsPVRGuideVar">
		<value condition="Window.IsActive(TVGuide)">$LOCALIZE[19020] / $INFO[Control.GetLabel(29)] - $INFO[Control.GetLabel(30)]</value>
		<value>$LOCALIZE[19021] / $INFO[Control.GetLabel(29)] - $INFO[Control.GetLabel(30)]</value>
	</variable>
	<variable name="BreadcrumbsPVRRecordingsVar">
		<value condition="Window.IsActive(TVRecordings)">$LOCALIZE[19020] / $LOCALIZE[19017]$INFO[Control.GetLabel(30), / ]</value>
		<value>$LOCALIZE[19021] / $LOCALIZE[19017]$INFO[Control.GetLabel(30), / ]</value>
	</variable>
	<variable name="BreadcrumbsPVRTimersVar">
		<value condition="Window.IsActive(TVTimers)">$LOCALIZE[19020] / $LOCALIZE[19040]</value>
		<value condition="Window.IsActive(RadioTimers)">$LOCALIZE[19021] / $LOCALIZE[19040]</value>
		<value condition="Window.IsActive(TVTimerRules)">$LOCALIZE[19020] / $LOCALIZE[19138]$INFO[Control.GetLabel(29), / ]</value>
		<value>$LOCALIZE[19021] / $LOCALIZE[19138]$INFO[Control.GetLabel(29), / ]</value>
	</variable>
	<variable name="BreadcrumbsPVRSearchVar">
		<value condition="Window.IsActive(TVSearch)">$LOCALIZE[19020] / $LOCALIZE[137]</value>
		<value>$LOCALIZE[19021] / $LOCALIZE[137]</value>
	</variable>
	<variable name="RepeatButtonColordiffuseVar">
		<value condition="Control.HasFocus(704)">button_focus</value>
		<value>FFFFFFFF</value>
	</variable>
	<variable name="BottomBarPageLabel">
		<value condition="Control.HasFocus(600) | Control.HasFocus(50600) | Control.HasFocus(502600) | Control.HasFocus(5199) | Control.HasFocus(531) | Control.HasFocus(533)">[COLOR button_focus]$INFO[Container.CurrentPage,, / ]$INFO[Container.NumPages][/COLOR]</value>
		<value>$INFO[Container.CurrentItem,, / ]$INFO[Container.NumItems]</value>
	</variable>
	<variable name="PVRChannelMgrHeader">
		<value condition="!IsEmpty(Window.Property(IsRadio))">$LOCALIZE[19199] - $LOCALIZE[19024]</value>
		<value>$LOCALIZE[19199] - $LOCALIZE[19023]</value>
	</variable>
	<variable name="PVRAreaVar">
		<value condition="Control.HasFocus(100)">$LOCALIZE[19019]</value>
		<value condition="Control.HasFocus(101)">$LOCALIZE[19069]</value>
		<value condition="Control.HasFocus(102)">$LOCALIZE[19017]</value>
		<value condition="Control.HasFocus(103)">$LOCALIZE[19040]</value>
		<value condition="Control.HasFocus(104)">$LOCALIZE[84102]</value>
		<value condition="Control.HasFocus(105)">$LOCALIZE[137]</value>
	</variable>
	<variable name="PlayerControlsRepeatImageVar">
		<value condition="Playlist.IsRepeatOne">osd/fullscreen/buttons/repeat-one.png</value>
		<value condition="Playlist.IsRepeat">osd/fullscreen/buttons/repeat-all.png</value>
		<value>osd/fullscreen/buttons/repeat-off.png</value>
	</variable>
	<variable name="PlayerLabel1">
		<value condition="Player.HasVideo">$INFO[VideoPlayer.Title]</value>
		<value condition="Player.HasAudio">$INFO[MusicPlayer.Artist]</value>
	</variable>
	<variable name="PlayerLabel2">
		<value condition="VideoPlayer.Content(episodes)">$LOCALIZE[20373]$INFO[VideoPlayer.Season,: , / ]$LOCALIZE[20359]$INFO[VideoPlayer.Episode,: ]</value>
		<value condition="VideoPlayer.Content(movies)">$INFO[VideoPlayer.Year]</value>
		<value condition="VideoPlayer.Content(livetv)">$INFO[VideoPlayer.ChannelName]</value>
		<value condition="Player.HasAudio">[COLOR grey]$INFO[MusicPlayer.Album][/COLOR]$INFO[MusicPlayer.Year, [,] ]</value>
	</variable>
	<variable name="PlayerLabel3">
		<value condition="VideoPlayer.Content(episodes)">$INFO[VideoPlayer.TvShowTitle]</value>
		<value condition="VideoPlayer.Content(movies) | VideoPlayer.Content(livetv)">$INFO[VideoPlayer.Genre]</value>
		<value condition="Player.HasAudio">$INFO[MusicPlayer.TrackNumber,,: ][COLOR=grey]$INFO[Player.Title][/COLOR]</value>
	</variable>
	<variable name="PVRTimerIcon">
		<value condition="ListItem.IsRecording">icons/pvr/PVR-IsRecording.png</value>
		<value condition="ListItem.HasTimerSchedule + ListItem.TimerHasError">icons/pvr/PVR-HasTimerScheduleError.png</value>
		<value condition="ListItem.HasTimer + ListItem.TimerHasError">icons/pvr/PVR-HasTimerError.png</value>
		<value condition="ListItem.HasTimerSchedule + ListItem.TimerHasConflict">icons/pvr/PVR-HasTimerScheduleConflict.png</value>
		<value condition="ListItem.HasTimer + ListItem.TimerHasConflict">icons/pvr/PVR-HasTimerConflict.png</value>
		<value condition="ListItem.HasRecording">icons/pvr/PVR-HasRecording.png</value>
		<value condition="ListItem.HasTimerSchedule + !ListItem.TimerIsActive">icons/pvr/PVR-HasTimerScheduleDisabled.png</value>
		<value condition="ListItem.HasTimer + !ListItem.TimerIsActive">icons/pvr/PVR-HasTimerDisabled.png</value>
		<value condition="ListItem.HasTimerSchedule">icons/pvr/PVR-HasTimerSchedule.png</value>
		<value condition="ListItem.HasTimer">icons/pvr/PVR-HasTimer.png</value>
	</variable>
	<variable name="VideoHWDecoder">
		<value condition="Player.Process(videohwdecoder)">HW</value>
		<value>SW</value>
	</variable>
	<variable name="AddonNewsVar">
		<value condition="!IsEmpty(ListItem.AddonNews)">$LOCALIZE[31136]</value>
	</variable>
	<variable name="VideoLibraryScanLabel">
		<value condition="Library.IsScanningVideo">$LOCALIZE[13353]</value>
		<value>$LOCALIZE[653]</value>
	</variable>
	<variable name="MusicLibraryScanLabel">
		<value condition="Library.IsScanningMusic">$LOCALIZE[13353]</value>
		<value>$LOCALIZE[653]</value>
	</variable>
    <variable name="HomeFanartName">
        <value condition="!IsEmpty(Skin.String(HomeFanart.name))">$INFO[Skin.String(HomeFanart.name)]</value>
        <value>$LOCALIZE[231]</value>
    </variable>
    <variable name="WeatherFanartName">
        <value condition="!IsEmpty(Skin.String(WeatherFanart.name))">$INFO[Skin.String(WeatherFanart.name)]</value>
        <value>$LOCALIZE[231]</value>
    </variable>
    <variable name="WeatherIconsName">
        <value condition="!IsEmpty(Skin.String(WeatherIcons.name))">$INFO[Skin.String(WeatherIcons.name)]</value>
        <value>$LOCALIZE[231]</value>
    </variable>
    <variable name="LanguageFlagsName">
        <value condition="!IsEmpty(Skin.String(LanguageFlags.name))">$INFO[Skin.String(LanguageFlags.name)]</value>
        <value>$LOCALIZE[231]</value>
    </variable>
    <variable name="StudiosImagesName">
        <value condition="!IsEmpty(Skin.String(StudiosImages.name))">$INFO[Skin.String(StudiosImages.name)]</value>
        <value>$LOCALIZE[231]</value>
    </variable>
    <!-- Current Weather Icon -->
    <variable name="CurrentWeatherIcon">
        <value condition="!IsEmpty(Skin.String(WeatherIcons.name)) + StringCompare(Weather.Conditions,resource://resource.images.weathericons.default/na.png)">$INFO[Skin.String(WeatherIcons.path)]na.png</value>
        <value condition="!IsEmpty(Skin.String(WeatherIcons.name)) + StringCompare(Weather.Conditions,resource://resource.images.weathericons.default/0.png)">$INFO[Skin.String(WeatherIcons.path)]0.png</value>
        <value condition="!IsEmpty(Skin.String(WeatherIcons.name)) + StringCompare(Weather.Conditions,resource://resource.images.weathericons.default/1.png)">$INFO[Skin.String(WeatherIcons.path)]1.png</value>
        <value condition="!IsEmpty(Skin.String(WeatherIcons.name)) + StringCompare(Weather.Conditions,resource://resource.images.weathericons.default/2.png)">$INFO[Skin.String(WeatherIcons.path)]2.png</value>
        <value condition="!IsEmpty(Skin.String(WeatherIcons.name)) + StringCompare(Weather.Conditions,resource://resource.images.weathericons.default/3.png)">$INFO[Skin.String(WeatherIcons.path)]3.png</value>
        <value condition="!IsEmpty(Skin.String(WeatherIcons.name)) + StringCompare(Weather.Conditions,resource://resource.images.weathericons.default/4.png)">$INFO[Skin.String(WeatherIcons.path)]4.png</value>
        <value condition="!IsEmpty(Skin.String(WeatherIcons.name)) + StringCompare(Weather.Conditions,resource://resource.images.weathericons.default/5.png)">$INFO[Skin.String(WeatherIcons.path)]5.png</value>
        <value condition="!IsEmpty(Skin.String(WeatherIcons.name)) + StringCompare(Weather.Conditions,resource://resource.images.weathericons.default/6.png)">$INFO[Skin.String(WeatherIcons.path)]6.png</value>
        <value condition="!IsEmpty(Skin.String(WeatherIcons.name)) + StringCompare(Weather.Conditions,resource://resource.images.weathericons.default/7.png)">$INFO[Skin.String(WeatherIcons.path)]7.png</value>
        <value condition="!IsEmpty(Skin.String(WeatherIcons.name)) + StringCompare(Weather.Conditions,resource://resource.images.weathericons.default/8.png)">$INFO[Skin.String(WeatherIcons.path)]8.png</value>
        <value condition="!IsEmpty(Skin.String(WeatherIcons.name)) + StringCompare(Weather.Conditions,resource://resource.images.weathericons.default/9.png)">$INFO[Skin.String(WeatherIcons.path)]9.png</value>
        <value condition="!IsEmpty(Skin.String(WeatherIcons.name)) + StringCompare(Weather.Conditions,resource://resource.images.weathericons.default/10.png)">$INFO[Skin.String(WeatherIcons.path)]10.png</value>
        <value condition="!IsEmpty(Skin.String(WeatherIcons.name)) + StringCompare(Weather.Conditions,resource://resource.images.weathericons.default/11.png)">$INFO[Skin.String(WeatherIcons.path)]11.png</value>
        <value condition="!IsEmpty(Skin.String(WeatherIcons.name)) + StringCompare(Weather.Conditions,resource://resource.images.weathericons.default/12.png)">$INFO[Skin.String(WeatherIcons.path)]12.png</value>
        <value condition="!IsEmpty(Skin.String(WeatherIcons.name)) + StringCompare(Weather.Conditions,resource://resource.images.weathericons.default/13.png)">$INFO[Skin.String(WeatherIcons.path)]13.png</value>
        <value condition="!IsEmpty(Skin.String(WeatherIcons.name)) + StringCompare(Weather.Conditions,resource://resource.images.weathericons.default/14.png)">$INFO[Skin.String(WeatherIcons.path)]14.png</value>
        <value condition="!IsEmpty(Skin.String(WeatherIcons.name)) + StringCompare(Weather.Conditions,resource://resource.images.weathericons.default/15.png)">$INFO[Skin.String(WeatherIcons.path)]15.png</value>
        <value condition="!IsEmpty(Skin.String(WeatherIcons.name)) + StringCompare(Weather.Conditions,resource://resource.images.weathericons.default/16.png)">$INFO[Skin.String(WeatherIcons.path)]16.png</value>
        <value condition="!IsEmpty(Skin.String(WeatherIcons.name)) + StringCompare(Weather.Conditions,resource://resource.images.weathericons.default/17.png)">$INFO[Skin.String(WeatherIcons.path)]17.png</value>
        <value condition="!IsEmpty(Skin.String(WeatherIcons.name)) + StringCompare(Weather.Conditions,resource://resource.images.weathericons.default/18.png)">$INFO[Skin.String(WeatherIcons.path)]18.png</value>
        <value condition="!IsEmpty(Skin.String(WeatherIcons.name)) + StringCompare(Weather.Conditions,resource://resource.images.weathericons.default/19.png)">$INFO[Skin.String(WeatherIcons.path)]19.png</value>
        <value condition="!IsEmpty(Skin.String(WeatherIcons.name)) + StringCompare(Weather.Conditions,resource://resource.images.weathericons.default/20.png)">$INFO[Skin.String(WeatherIcons.path)]20.png</value>
        <value condition="!IsEmpty(Skin.String(WeatherIcons.name)) + StringCompare(Weather.Conditions,resource://resource.images.weathericons.default/21.png)">$INFO[Skin.String(WeatherIcons.path)]21.png</value>
        <value condition="!IsEmpty(Skin.String(WeatherIcons.name)) + StringCompare(Weather.Conditions,resource://resource.images.weathericons.default/22.png)">$INFO[Skin.String(WeatherIcons.path)]22.png</value>
        <value condition="!IsEmpty(Skin.String(WeatherIcons.name)) + StringCompare(Weather.Conditions,resource://resource.images.weathericons.default/23.png)">$INFO[Skin.String(WeatherIcons.path)]23.png</value>
        <value condition="!IsEmpty(Skin.String(WeatherIcons.name)) + StringCompare(Weather.Conditions,resource://resource.images.weathericons.default/24.png)">$INFO[Skin.String(WeatherIcons.path)]24.png</value>
        <value condition="!IsEmpty(Skin.String(WeatherIcons.name)) + StringCompare(Weather.Conditions,resource://resource.images.weathericons.default/25.png)">$INFO[Skin.String(WeatherIcons.path)]25.png</value>
        <value condition="!IsEmpty(Skin.String(WeatherIcons.name)) + StringCompare(Weather.Conditions,resource://resource.images.weathericons.default/26.png)">$INFO[Skin.String(WeatherIcons.path)]26.png</value>
        <value condition="!IsEmpty(Skin.String(WeatherIcons.name)) + StringCompare(Weather.Conditions,resource://resource.images.weathericons.default/27.png)">$INFO[Skin.String(WeatherIcons.path)]27.png</value>
        <value condition="!IsEmpty(Skin.String(WeatherIcons.name)) + StringCompare(Weather.Conditions,resource://resource.images.weathericons.default/28.png)">$INFO[Skin.String(WeatherIcons.path)]28.png</value>
        <value condition="!IsEmpty(Skin.String(WeatherIcons.name)) + StringCompare(Weather.Conditions,resource://resource.images.weathericons.default/29.png)">$INFO[Skin.String(WeatherIcons.path)]29.png</value>
        <value condition="!IsEmpty(Skin.String(WeatherIcons.name)) + StringCompare(Weather.Conditions,resource://resource.images.weathericons.default/30.png)">$INFO[Skin.String(WeatherIcons.path)]30.png</value>
        <value condition="!IsEmpty(Skin.String(WeatherIcons.name)) + StringCompare(Weather.Conditions,resource://resource.images.weathericons.default/31.png)">$INFO[Skin.String(WeatherIcons.path)]31.png</value>
        <value condition="!IsEmpty(Skin.String(WeatherIcons.name)) + StringCompare(Weather.Conditions,resource://resource.images.weathericons.default/32.png)">$INFO[Skin.String(WeatherIcons.path)]32.png</value>
        <value condition="!IsEmpty(Skin.String(WeatherIcons.name)) + StringCompare(Weather.Conditions,resource://resource.images.weathericons.default/33.png)">$INFO[Skin.String(WeatherIcons.path)]33.png</value>
        <value condition="!IsEmpty(Skin.String(WeatherIcons.name)) + StringCompare(Weather.Conditions,resource://resource.images.weathericons.default/34.png)">$INFO[Skin.String(WeatherIcons.path)]34.png</value>
        <value condition="!IsEmpty(Skin.String(WeatherIcons.name)) + StringCompare(Weather.Conditions,resource://resource.images.weathericons.default/35.png)">$INFO[Skin.String(WeatherIcons.path)]35.png</value>
        <value condition="!IsEmpty(Skin.String(WeatherIcons.name)) + StringCompare(Weather.Conditions,resource://resource.images.weathericons.default/36.png)">$INFO[Skin.String(WeatherIcons.path)]36.png</value>
        <value condition="!IsEmpty(Skin.String(WeatherIcons.name)) + StringCompare(Weather.Conditions,resource://resource.images.weathericons.default/37.png)">$INFO[Skin.String(WeatherIcons.path)]37.png</value>
        <value condition="!IsEmpty(Skin.String(WeatherIcons.name)) + StringCompare(Weather.Conditions,resource://resource.images.weathericons.default/38.png)">$INFO[Skin.String(WeatherIcons.path)]38.png</value>
        <value condition="!IsEmpty(Skin.String(WeatherIcons.name)) + StringCompare(Weather.Conditions,resource://resource.images.weathericons.default/39.png)">$INFO[Skin.String(WeatherIcons.path)]39.png</value>
        <value condition="!IsEmpty(Skin.String(WeatherIcons.name)) + StringCompare(Weather.Conditions,resource://resource.images.weathericons.default/40.png)">$INFO[Skin.String(WeatherIcons.path)]40.png</value>
        <value condition="!IsEmpty(Skin.String(WeatherIcons.name)) + StringCompare(Weather.Conditions,resource://resource.images.weathericons.default/41.png)">$INFO[Skin.String(WeatherIcons.path)]41.png</value>
        <value condition="!IsEmpty(Skin.String(WeatherIcons.name)) + StringCompare(Weather.Conditions,resource://resource.images.weathericons.default/42.png)">$INFO[Skin.String(WeatherIcons.path)]42.png</value>
        <value condition="!IsEmpty(Skin.String(WeatherIcons.name)) + StringCompare(Weather.Conditions,resource://resource.images.weathericons.default/43.png)">$INFO[Skin.String(WeatherIcons.path)]43.png</value>
        <value condition="!IsEmpty(Skin.String(WeatherIcons.name)) + StringCompare(Weather.Conditions,resource://resource.images.weathericons.default/44.png)">$INFO[Skin.String(WeatherIcons.path)]44.png</value>
        <value condition="!IsEmpty(Skin.String(WeatherIcons.name)) + StringCompare(Weather.Conditions,resource://resource.images.weathericons.default/45.png)">$INFO[Skin.String(WeatherIcons.path)]45.png</value>
        <value condition="!IsEmpty(Skin.String(WeatherIcons.name)) + StringCompare(Weather.Conditions,resource://resource.images.weathericons.default/46.png)">$INFO[Skin.String(WeatherIcons.path)]46.png</value>
        <value condition="!IsEmpty(Skin.String(WeatherIcons.name)) + StringCompare(Weather.Conditions,resource://resource.images.weathericons.default/47.png)">$INFO[Skin.String(WeatherIcons.path)]47.png</value>
        <value>$INFO[Weather.Conditions]</value>
    </variable>
</includes>
