﻿<?xml version="1.0" encoding="UTF-8" standalone="yes"?>
	<addon id="script.skin.helper.service" name="Skin Helper Service" version="1.1.25.033" provider-name="marcelveldt, YLLOW_DRAGON">
	<requires>
		<import addon="xbmc.python" version="2.13.0"/>
		<import addon="xbmc.addon" version="12.0.0"/>
		<import addon="script.module.simplejson" version="3.3.0"/>
		<import addon="script.module.simplecache" version="1.0.0"/>
		<import addon="script.module.metadatautils" version="1.0.0"/>
		<import addon="script.module.cherrypy" version="11.0.0"/>
	</requires>

	<extension point="kodi.context.item">
		<menu id="kodi.core.main">
			<item library="resources\lib\context_animatedart.py">
			  <label>32024</label>
			  <visible>!IsEmpty(Window(Home).Property(SkinHelper.EnableAnimatedPosters)) + Container.Content(movies)</visible>
			</item>
			<item library="resources\lib\context_pvr.py">
				<label>32023</label>
				<description>PVR artwork Configuration</description>
				<visible>
					!IsEmpty(Window(Home).Property(SkinHelper.EnablePvrThumbs)) +
					[Window.IsActive(MyPVRChannels.xml) |
					Window.IsActive(MyPVRGuide.xml) | Window.IsActive(MyPVRRecordings.xml) |
					Window.IsActive(MyPVRTimers.xml) | Window.IsActive(MyPVRSearch.xml)]
				</visible>
			</item>
			<item library="resources\lib\context_music.py">
				<label>32023</label>
				<description>Music artwork Configuration</description>
				<visible>
					!IsEmpty(Window(Home).Property(SkinHelper.EnableMusicArt)) +
					[Container.Content(albums) | Container.Content(artists) | Container.Content(songs)]
				</visible>
			</item>
		</menu>
	</extension>

	<extension point="xbmc.python.library" library="default.py" />
	<extension point="xbmc.python.pluginsource" library="plugin.py">
	</extension>
	<extension library="service.py" point="xbmc.service" start="login" />

	<extension point="xbmc.addon.metadata">
		<summary lang="en_GB">Helper service for Kodi skins</summary>
		<summary lang="ru_RU">Сервис помощник для KODI обложек</summary>
		<description lang="en_GB">Helper service for Kodi skins</description>
		<description lang="ru_RU">Сервис помощник для KODI обложек</description>
		<language></language>
		<platform>all</platform>
		<license>GPL v2.0</license>
		<forum>http://forum.kodi.tv/showthread.php?tid=235676</forum>
		<website></website>
		<email>nkvoronov@gmail.com</email>
		<source>https://github.com/nkvoronov/script.skin.helper.service.git</source>
	</extension>
</addon>