<?xml version="1.0" encoding="utf-8"?>
<window type="dialog" id="2128">
	<defaultcontrol always="true">450</defaultcontrol>
	<coordinates>
		<system>1</system>
		<left>0</left>
		<top>0</top>
	</coordinates>
	<onunload>ClearProperty(SwapItemLabel,Home)</onunload>
	<onunload>ClearProperty(SwapItemPath,Home)</onunload>
	<onunload>ClearProperty(SwapItemSub,Home)</onunload>
	<onunload>ClearProperty(SwapItemAddOn,Home)</onunload>
	<onunload>ClearProperty(SwapItemWidget,Home)</onunload>
	<onunload>ClearProperty(SwapItemType,Home)</onunload>
	<onunload>ClearProperty(SwapItemDBackground,Home)</onunload>
	<onunload>ClearProperty(SwapItemCBackground,Home)</onunload>
	<onunload>ClearProperty(SwapItemPlaylist,Home)</onunload>
	<onunload>ClearProperty(UsrSelectBtn,Home)</onunload>
	<controls>
        <include name="CustomSlideDialog">
            <param name="dlg_title" value="$LOCALIZE[89700] $LOCALIZE[89400]" />
            <param name="id_win" value="2128" />
            <param name="include_name" value="MoveMenuItemChoices" />
        </include>
	</controls>
</window>