<?xml version="1.0" encoding="UTF-8"?>
<window>
	<defaultcontrol always="true">3010</defaultcontrol>
	<controls>
	
	
		<!-- background panel -->
		<control type="image">
			<left>30</left>
			<top>60</top>
			<width>1860</width>
			<height>920</height>
			<aspectratio>stretch</aspectratio>
			<texture border="5">panel.png</texture>
			<animation effect="fade" reversible="false" end="95" time="0" condition="true">Conditional</animation>
			<colordiffuse>FF1b1b1b</colordiffuse>
		</control>
        
        <!--Header-->
        <control type="label">
            <posx>61</posx>
            <posy>60</posy>
            <width min="80" max="1400">auto</width>
            <height>100</height>
            <font>font35_title</font>
			<label>19140</label>
            <align>left</align>
            <textcolor>white</textcolor>
			<shadowcolor>black</shadowcolor>
        </control>

		<!-- search panel with keyboard -->
		<control type="group">
			<top>90</top>
			<left>15</left>
			<!-- left panel -->
			<control type="image">
				<left>40</left>
				<top>65</top>
				<width>520</width>
				<height>800</height>
				<aspectratio>stretch</aspectratio>
				<texture border="15">bgpanel.png</texture>
				<animation effect="fade" reversible="false" end="80" time="0" condition="true">Conditional</animation>
				<colordiffuse>FF3e3e3e</colordiffuse>
			</control>
			<control type="label">
				<left>64</left>
				<top>80</top>
				<width>auto</width>
				<height>50</height>
				<textcolor>white</textcolor>
				<label>$LOCALIZE[16017]: </label>
			</control>
			<!-- edit label -->
			<control type="button" id="3010">
				<left>64</left>
				<top>140</top>
				<width>470</width>
				<height>60</height>
				<ondown>3020</ondown>
				<onback>down</onback>
				<onright>2900</onright>
				<textcolor>white</textcolor>
			</control>
			<control type="grouplist">
				<orientation>vertical</orientation>
				<left>55</left>
				<top>245</top>
				<!-- First Row -->
				<control type="grouplist">
					<left>50</left>
					<top>300</top>
					<width>900</width>
					<height>80</height>
					<onright>2900</onright>
					<itemgap>-10</itemgap>
					<orientation>horizontal</orientation>
						
					
					<control type="button" id="3020">
						<width>90</width>
						<height>90</height>
						<label>A</label>
						<onleft>noop</onleft>
						<onright>3021</onright>
						<onup>3010</onup>
						<ondown>3026</ondown>
					</control>
					
					<control type="button" id="3021">
						<width>90</width>
						<height>90</height>
						<label>B</label>
						<onleft>3020</onleft>
						<onright>3022</onright>
						<onup>3010</onup>
						<ondown>3027</ondown>
					</control>   

					<control type="button" id="3022">
						<width>90</width>
						<height>90</height>
						<label>C</label>
						<onleft>3021</onleft>
						<onright>3023</onright>
						<onup>3010</onup>
						<ondown>3028</ondown>
					</control>  
					
					<control type="button" id="3023">
						<width>90</width>
						<height>90</height>
						<label>D</label>
						<onleft>3022</onleft>
						<onright>3024</onright>
						<onup>3010</onup>
						<ondown>3029</ondown>
					</control>     

					<control type="button" id="3024">
						<width>90</width>
						<height>90</height>
						<label>E</label>
						<onleft>3023</onleft>
						<onright>3025</onright>
						<onup>3010</onup>
						<ondown>3030</ondown>
					</control>   
					
					<control type="button" id="3025">
						<width>90</width>
						<height>90</height>
						<label>F</label>
						<onleft>3024</onleft>
						<onright>2900</onright>
						<onup>3010</onup>
						<ondown>3031</ondown>
					</control>
				</control>
				<!-- Second Row -->
				<control type="grouplist">
					<left>50</left>
					<top>220</top>
					<height>80</height>
					<width>900</width>
					<onright>2900</onright>
					<itemgap>-10</itemgap>
					<orientation>horizontal</orientation>			

					<control type="button" id="3026">
						<width>90</width>
						<height>90</height>
						<label>G</label>
						<onleft>noop</onleft>
						<onright>3027</onright>
						<onup>3020</onup>
						<ondown>3032</ondown>
					</control>
					
					<control type="button" id="3027">
						<width>90</width>
						<height>90</height>
						<label>H</label>
						<onleft>3026</onleft>
						<onright>3028</onright>
						<onup>3021</onup>
						<ondown>3033</ondown>
					</control>   

					<control type="button" id="3028">
						<width>90</width>
						<height>90</height>
						<label>I</label>
						<onleft>3027</onleft>
						<onright>3029</onright>
						<onup>3022</onup>
						<ondown>3034</ondown>
					</control>  
					
					<control type="button" id="3029">
						<width>90</width>
						<height>90</height>
						<label>J</label>
						<onleft>3028</onleft>
						<onright>3030</onright>
						<onup>3023</onup>
						<ondown>3035</ondown>
					</control>     

					<control type="button" id="3030">
						<width>90</width>
						<height>90</height>
						<label>K</label>
						<onleft>3029</onleft>
						<onright>3031</onright>
						<onup>3024</onup>
						<ondown>3036</ondown>
					</control>   
					
					<control type="button" id="3031">
						<width>90</width>
						<height>90</height>
						<label>L</label>
						<onleft>3030</onleft>
						<onright>2900</onright>
						<onup>3025</onup>
						<ondown>3037</ondown>
					</control>
				</control>
			
				<!-- Third Row -->
				<control type="grouplist">
					<left>50</left>
					<top>320</top>
					<width>900</width>
					<onright>2900</onright>
					<itemgap>-10</itemgap>
					<height>80</height>
					<orientation>horizontal</orientation>
					<control type="button" id="3032">
						<width>90</width>
						<height>90</height>
						<label>M</label>
						<onleft>noop</onleft>
						<onright>3033</onright>
						<onup>3026</onup>
						<ondown>3038</ondown>
					</control>
					
					<control type="button" id="3033">
						<width>90</width>
						<height>90</height>
						<label>N</label>
						<onleft>3032</onleft>
						<onright>3034</onright>
						<onup>3027</onup>
						<ondown>3039</ondown>
					</control>   

					<control type="button" id="3034">
					   <width>90</width>
						<height>90</height>
						<label>O</label>
						<onleft>3033</onleft>
						<onright>3035</onright>
						<onup>3028</onup>
						<ondown>3040</ondown>
					</control>  
					
					<control type="button" id="3035">
						<width>90</width>
						<height>90</height>
						<label>P</label>
						<onleft>3034</onleft>
						<onright>3036</onright>
						<onup>3029</onup>
						<ondown>3041</ondown>
					</control>     

					<control type="button" id="3036">
						<width>90</width>
						<height>90</height>
						<label>Q</label>
						<onleft>3035</onleft>
						<onright>3037</onright>
						<onup>3030</onup>
						<ondown>3042</ondown>
					</control>   
					
					<control type="button" id="3037">
					   <width>90</width>
						<height>90</height>
						<label>R</label>
						<onleft>3036</onleft>
						<onright>2900</onright>
						<onup>3031</onup>
						<ondown>3043</ondown>
					</control>
				</control>

				<!-- Forth Row -->
				<control type="grouplist">
					<left>50</left>
					<top>420</top>
					<width>900</width>
					<height>80</height>
					<onright>2900</onright>
					<itemgap>-10</itemgap>
					<orientation>horizontal</orientation>			
			
					<control type="button" id="3038">
						<width>90</width>
						<height>90</height>
						<label>S</label>
						<onleft>noop</onleft>
						<onright>3039</onright>
						<onup>3032</onup>
						<ondown>3044</ondown>
					</control>
					
					<control type="button" id="3039">
						<width>90</width>
						<height>90</height>
						<label>T</label>
						<onleft>3038</onleft>
						<onright>3040</onright>
						<onup>3033</onup>
						<ondown>3045</ondown>
					</control>   

					<control type="button" id="3040">
						<width>90</width>
						<height>90</height>
						<label>U</label>
						<onleft>3039</onleft>
						<onright>3041</onright>
						<onup>3034</onup>
						<ondown>3046</ondown>
					</control>  
					
					<control type="button" id="3041">
						<width>90</width>
						<height>90</height>
						<label>V</label>
						<onleft>3040</onleft>
						<onright>3042</onright>
						<onup>3035</onup>
						<ondown>3047</ondown>
					</control>     

					<control type="button" id="3042">
						<width>90</width>
						<height>90</height>
						<label>W</label>
						<onleft>3041</onleft>
						<onright>3043</onright>
						<onup>3036</onup>
						<ondown>3048</ondown>
					</control>   
					
					<control type="button" id="3043">
						<width>90</width>
						<height>90</height>
						<label>X</label>
						<onleft>3042</onleft>
						<onright>2900</onright>
						<onup>3037</onup>
						<ondown>3049</ondown>
					</control>       
				</control>

				<!-- Fifth Row -->
				<control type="grouplist">
					<left>50</left>
					<top>520</top>
					<width>900</width>
					<height>80</height>
					<onright>2900</onright>
					<itemgap>-10</itemgap>
					<orientation>horizontal</orientation>			
			
					<control type="button" id="3044">
						<width>90</width>
						<height>90</height>
						<label>Y</label>
						<onleft>noop</onleft>
						<onright>3045</onright>
						<onup>3038</onup>
						<ondown>3050</ondown>
					</control>
					
					<control type="button" id="3045">
						<width>90</width>
						<height>90</height>
						<label>Z</label>
						<onleft>3044</onleft>
						<onright>3046</onright>
						<onup>3039</onup>
						<ondown>3051</ondown>
					</control>   

					<control type="button" id="3046">
						<width>90</width>
						<height>90</height>
						<label>$NUMBER[0]</label>
						<onleft>3045</onleft>
						<onright>3047</onright>
						<onup>3040</onup>
						<ondown>3052</ondown>
					</control>  
					
					<control type="button" id="3047">
					   <width>90</width>
						<height>90</height>
						<label>$NUMBER[1]</label>
						<onleft>3046</onleft>
						<onright>3048</onright>
						<onup>3041</onup>
						<ondown>3053</ondown>
					</control>     

					<control type="button" id="3048">
						<width>90</width>
						<height>90</height>
						<label>$NUMBER[2]</label>
						<onleft>3047</onleft>
						<onright>3049</onright>
						<onup>3042</onup>
						<ondown>3054</ondown>
					</control>   
					
					<control type="button" id="3049">
					   <width>90</width>
						<height>90</height>
						<label>$NUMBER[3]</label>
						<onleft>3048</onleft>
						<onright>2900</onright>
						<onup>3043</onup>
						<ondown>3055</ondown>
					</control>        
				</control>
				
				<!-- sixth Row -->
				<control type="grouplist">
				<left>50</left>
				<top>620</top>	
				<width>900</width>
				<height>80</height>
				<onright>2900</onright>
				<itemgap>-10</itemgap>
				<orientation>horizontal</orientation>		
					<control type="button" id="3050">
					   <width>90</width>
						<height>90</height>
						<label>$NUMBER[4]</label>
						<onleft>noop</onleft>
						<onright>3051</onright>
						<onup>3044</onup>
						<ondown>3056</ondown>
					</control>
					
					<control type="button" id="3051">
					   <width>90</width>
						<height>90</height>
						<label>$NUMBER[5]</label>
						<onleft>3050</onleft>
						<onright>3052</onright>
						<onup>3045</onup>
						<ondown>3056</ondown>
					</control>   

					<control type="button" id="3052">
						<width>90</width>
						<height>90</height>
						<label>$NUMBER[6]</label>
						<onleft>3051</onleft>
						<onright>3053</onright>
						<onup>3046</onup>
						<ondown>3057</ondown>
					</control>  
					
					<control type="button" id="3053">
					   <width>90</width>
						<height>90</height>
						<label>$NUMBER[7]</label>
						<onleft>3052</onleft>
						<onright>3054</onright>
						<onup>3047</onup>
						<ondown>3057</ondown>
					</control>     

					<control type="button" id="3054">
						<width>90</width>
						<height>90</height>
						<label>$NUMBER[8]</label>
						<onleft>3053</onleft>
						<onright>3055</onright>
						<onup>3048</onup>
						<ondown>3058</ondown>
					</control>   
					
					<control type="button" id="3055">
					   <width>90</width>
						<height>90</height>
						<label>$NUMBER[9]</label>
						<onleft>3054</onleft>
						<onright>2900</onright>
						<onup>3049</onup>
						<ondown>3058</ondown>
					</control>   
				</control>
				
				<!-- Seventh Row -->
				<control type="grouplist">
				<left>50</left>
				<top>720</top>
				<width>900</width>
				<height>80</height>
				<itemgap>-10</itemgap>
				<onright>2900</onright>
				<orientation>horizontal</orientation>		
					<control type="button" id="3056">
						<width>170</width>
						<font>font13</font>
						<width>90</width>
						<height>90</height>
						<label>20181</label>
						<onleft>noop</onleft>
						<onright>3057</onright>
						<onup>3050</onup>
						<ondown>noop</ondown>
					</control>
					
					<control type="button" id="3057">
						<width>170</width>
						<font>font13</font>
						<width>90</width>
						<height>90</height>
						<label>20182</label>
						<onleft>3056</onleft>
						<onright>3058</onright>
						<onup>3052</onup>
						<ondown>noop</ondown>
					</control>   

					<control type="button" id="3058">
						<width>170</width>
						<font>font13</font>
						<width>90</width>
						<height>90</height>
						<label>192</label>
						<onleft>3057</onleft>
						<onright>2900</onright>
						<onup>3054</onup>
						<ondown>noop</ondown>
					</control>              
			
				</control>
			</control>
		</control>
    
		
		<!-- Movie Results -->
		<control type="group" id="2900">
			<top>90</top>
			<left>690</left>
			<!-- right panel -->
			<control type="image">
				<left>-40</left>
				<top>65</top>
				<width>1210</width>
				<height>800</height>
				<aspectratio>stretch</aspectratio>
				<texture border="15">bgpanel.png</texture>
				<animation effect="fade" reversible="false" end="80" time="0" condition="true">Conditional</animation>
				<colordiffuse>FF3e3e3e</colordiffuse>
			</control>
        
			
			<control type="label">
				<left>0</left>
				<top>80</top>
				<height>20</height>
				<width>190</width>
				<label>342</label>
				<font>font35_title</font>
				<textcolor>white</textcolor>
				<angle>-90</angle>
			</control>   
			
			<control type="panel" id="3110">
				<left>70</left>
				<top>80</top>
				<width>1080</width>
				<height>245</height>
				<onleft>3025</onleft>
				<onright>noop</onright>
				<onup>noop</onup>
				<ondown>3111</ondown>
				<pagecontrol>noop</pagecontrol>
				<scrolltime>200</scrolltime>
				<orientation>horizontal</orientation>
                <!-- itemlayout movies -->
                <itemlayout height="245" width="182">
                    <control type="group">
						<posx>7</posx>
						<posy>7</posy>
						<control type="image">
							<width>150</width>
							<height>221</height>
							<bordersize>-6</bordersize>
							<texture border="0">poster.png</texture>
							<colordiffuse>black</colordiffuse>
							<animation effect="fade" reversible="false" end="40" time="0" condition="true">Conditional</animation>
						  </control>
						  <control type="image">
							<width>150</width>
							<height>221</height>
							<texture border="1" background="true" diffuse="poster.png" fallback="DefaultVideo.png">$INFO[ListItem.Icon]</texture>
							<aspectratio scalediffuse="true" aligny="bottom" align="center">stretch</aspectratio>
							<bordersize>0</bordersize>
						  </control>
						  
					  </control>
                </itemlayout>
                <!-- focussed layout movies -->
                <focusedlayout height="245" width="182">
                    <control type="group">
						<posx>7</posx>
						<posy>7</posy>
						<!--Poster-->				
						<control type="image">
							<width>150</width>
							<height>221</height>
							<bordersize>-6</bordersize>
							<texture border="0">poster.png</texture>
							<colordiffuse>FF00b8ff</colordiffuse>
						</control>
						<control type="image">
							<width>150</width>
							<height>221</height>
							<texture border="1" background="true" diffuse="poster.png" fallback="DefaultVideo.png">$INFO[ListItem.Icon]</texture>
							<aspectratio scalediffuse="true" aligny="bottom" align="center">stretch</aspectratio>
							<bordersize>0</bordersize>
					  </control>
					  
				  </control>
                </focusedlayout>
			</control>

			<!-- Series -->
			
			<control type="label">
				<left>0</left>
				<top>330</top>
				<height>20</height>
				<width>190</width>
				<label>20343</label>
				<font>font35_title</font>
				<textcolor>white</textcolor>
				<angle>-90</angle>
			</control>   		
			<control type="panel" id="3111">
				<left>70</left>
				<top>330</top>
				<width>1080</width>
				<height>245</height>
				<onleft>3025</onleft>
				<onright>noop</onright>
				<onup>3110</onup>
				<ondown>3112</ondown>
				<pagecontrol>noop</pagecontrol>
				<scrolltime>200</scrolltime>
				<orientation>horizontal</orientation>
				<!-- itemlayout series -->
                <itemlayout height="245" width="182">
                    <control type="group">
						<posx>7</posx>
						<posy>7</posy>
						<control type="image">
							<width>150</width>
							<height>221</height>
							<bordersize>-6</bordersize>
							<texture border="0">poster.png</texture>
							<colordiffuse>black</colordiffuse>
							<animation effect="fade" reversible="false" end="40" time="0" condition="true">Conditional</animation>
						  </control>
						  <control type="image">
							<width>150</width>
							<height>221</height>
							<texture border="1" background="true" diffuse="poster.png" fallback="DefaultVideo.png">$INFO[ListItem.Icon]</texture>
							<aspectratio scalediffuse="true" aligny="bottom" align="center">stretch</aspectratio>
							<bordersize>0</bordersize>
						  </control>
						  
					  </control>
                </itemlayout>
                <!-- focussed layout series -->
                <focusedlayout height="245" width="182">
                    <control type="group">
						<posx>7</posx>
						<posy>7</posy>
						<!--Poster-->				
						<control type="image">
							<width>150</width>
							<height>221</height>
							<bordersize>-6</bordersize>
							<texture border="0">poster.png</texture>
							<colordiffuse>FF00b8ff</colordiffuse>
					  </control>
					  <control type="image">
							<width>150</width>
							<height>221</height>
							<texture border="1" background="true" diffuse="poster.png" fallback="DefaultVideo.png">$INFO[ListItem.Icon]</texture>
							<aspectratio scalediffuse="true" aligny="bottom" align="center">stretch</aspectratio>
							<bordersize>0</bordersize>
					  </control>
					  
				  </control>
                </focusedlayout>
			</control>
			
			
			<!-- episodes -->
			<control type="label">
				<left>0</left>
				<top>580</top>
				<height>20</height>
				<width>190</width>
				<label>20360</label>
				<font>font35_title</font>
				<textcolor>white</textcolor>
				<angle>-90</angle>
			</control> 
			
			<control type="panel" id="3112">
				<left>70</left>
				<top>580</top>
				<width>1080</width>
				<height>300</height>
				<onleft>3025</onleft>
				<onright>noop</onright>
				<onup>3111</onup>
				<ondown>noop</ondown>
				<pagecontrol>noop</pagecontrol>
				<scrolltime>200</scrolltime>
				<orientation>horizontal</orientation>
				<itemlayout height="270" width="182">
                    <control type="group">
						<posx>7</posx>
						<posy>7</posy>
						<control type="image">
							<width>150</width>
							<height>270</height>
							<bordersize>-6</bordersize>
							<texture border="0">poster.png</texture>
							<colordiffuse>black</colordiffuse>
							<animation effect="fade" reversible="false" end="40" time="0" condition="true">Conditional</animation>
						  </control>
						  <control type="image">
							<width>150</width>
							<height>221</height>
							<texture border="1" background="true" diffuse="poster.png" fallback="DefaultVideo.png">$INFO[ListItem.Art(tvshow.poster)]</texture>
							<aspectratio scalediffuse="true" aligny="bottom" align="center">stretch</aspectratio>
							<bordersize>0</bordersize>
						  </control>
						  
					  </control>
					  <control type="label">
						<top>230</top>
						<left>10</left>
						<width>150</width>
						<height>30</height>
						<align>left</align>
						<font>font13</font>
						<textcolor>white</textcolor>
						<shadowcolor>black</shadowcolor>
						<label>$INFO[Listitem.tvshowtitle]</label>
					</control>
					<control type="label">
						<top>252</top>
						<left>10</left>
						<width>150</width>
						<height>30</height>
						<align>left</align>
						<font>font13</font>
						<textcolor>white</textcolor>
						<label>$INFO[Listitem.Label]</label>
					</control>        					
                </itemlayout>
                <focusedlayout height="270" width="182">
                    <control type="group">
						<posx>7</posx>
						<posy>7</posy>			
						<control type="image">
						<width>150</width>
						<height>270</height>
						<bordersize>-6</bordersize>
						<texture border="5">panel.png</texture>
						<colordiffuse>FF00b8ff</colordiffuse>
					  </control>
					  <control type="image">
						<width>150</width>
							<height>221</height>
						<texture border="1" background="true" diffuse="poster.png" fallback="DefaultVideo.png">$INFO[ListItem.Art(tvshow.poster)]</texture>
							<aspectratio scalediffuse="true" aligny="bottom" align="center">stretch</aspectratio>
							<bordersize>0</bordersize>
					  </control>
					  
				  </control>
				  <control type="label">
						<top>230</top>
						<left>10</left>
						<width>150</width>
						<height>30</height>
						<align>left</align>
						<font>font13</font>
						<textcolor>black</textcolor>
						<label>$INFO[Listitem.tvshowtitle]</label>
					</control>
					<control type="label">
						<top>252</top>
						<left>10</left>
						<width>150</width>
						<height>30</height>
						<align>left</align>
						<font>font13</font>
						<textcolor>black</textcolor>
						<label>$INFO[Listitem.Label]</label>
					</control>        					
                </focusedlayout>
			</control>
 
		
		</control>
    
	</controls>
</window>
