﻿<?xml version="1.0" encoding="utf-8"?>
<settings>
    <category label="32001">
        <setting label="32002" type="lsep"/>
        <setting default="xmltv.xml" id="xmltv_patch" label="32003" type="file"/>
        <setting default="2" id="count_day" label="32004" type="enum" values="1|2|3|4|5|6|7"/>
        <setting default="ru" id="lang" label="32005" type="select" values="ru|ua"/>
        <setting default="2" id="correct" label="32006" type="number"/>
    </category>
	<category label="32010">
        <setting default="true" id="sort_by_index" label="32011" type="bool"/>
        <setting action="RunScript($CWD/actions.py, refresh_channels)" label="32012" type="action"/>
        <setting type="sep"/>
	</category>
    <category label="32020">
		<setting default="" id="last_update" label="32041" type="text" visible="false"/>
        <setting default="false" id="enable_service" label="32021" type="bool"/>
		<setting label="32040" type="lsep"/>
		<setting default="true" id="enable_monday" label="32022" type="bool" enable="eq(-2,true)"/>
		<setting default="false" id="enable_tuesday" label="32023" type="bool" enable="eq(-3,true)"/>
		<setting default="false" id="enable_wednesday" label="32024" type="bool" enable="eq(-4,true)"/>
		<setting default="false" id="enable_thursday" label="32025" type="bool" enable="eq(-5,true)"/>
		<setting default="false" id="enable_friday" label="32026" type="bool" enable="eq(-6,true)"/>
		<setting default="false" id="enable_saturday" label="32027" type="bool" enable="eq(-7,true)"/>
		<setting default="false" id="enable_sunday" label="32028" type="bool" enable="eq(-8,true)"/>
		<setting default="00:00" id="run_time" label="32029" type="time" enable="eq(-9,true)"/>
    </category>
    <category label="32030">
        <setting default="true" id="full_desc" label="32031" type="bool"/>
        <setting default="true" id="replace_spec_sym" label="32032" type="bool"/>
        <setting type="sep"/>
        <setting default="false" id="execute_script" label="32033" type="bool"/>
        <setting default="" id="script_patch" label="32034" type="file" visible="eq(-1,true)"/>
        <setting type="sep"/>
        <setting default="false" id="debug" label="32035" type="bool"/>
    </category>
</settings>
