<?xml version='1.0' encoding='UTF-8'?>
<shortcuts>
	<shortcut>
		<label>41000</label>
		<label2>20343</label2>
		<icon>defaultrecentlyaddedepisodes.png</icon>
		<action>ActivateWindow(videos,videodb://recentlyaddedepisodes/,return)</action>
	</shortcut>
	<shortcut>
		<label>575</label>
		<label2>20343</label2>
		<icon>defaultinprogressshows.png</icon>
		<action>ActivateWindow(videos,videodb://inprogresstvshows/,return)</action>
	</shortcut>
	<shortcut>
		<label>135</label>
		<label2>20343</label2>
		<icon>defaultgenre.png</icon>
		<action>ActivateWindow(videos,videodb://tvshows/genres/,return)</action>
	</shortcut>
	<shortcut>
		<label>369</label>
		<label2>20343</label2>
		<icon>defaulttvshowtitle.png</icon>
		<action>ActivateWindow(videos,videodb://tvshows/titles/,return)</action>
	</shortcut>
	<shortcut>
		<label>562</label>
		<label2>20343</label2>
		<icon>defaultyear.png</icon>
		<action>ActivateWindow(videos,videodb://tvshows/years/,return)</action>
	</shortcut>
	<shortcut>
		<label>344</label>
		<label2>20343</label2>
		<icon>defaultactor.png</icon>
		<action>ActivateWindow(videos,videodb://tvshows/actors/,return)</action>
	</shortcut>
	<shortcut>
		<label>20388</label>
		<label2>20343</label2>
		<icon>defaultstudios.png</icon>
		<action>ActivateWindow(videos,videodb://tvshows/studios/,return)</action>
	</shortcut>
	<shortcut>
		<label>20459</label>
		<label2>20343</label2>
		<icon>defaulttags.png</icon>
		<action>ActivateWindow(videos,videodb://tvshows/tags/,return)</action>
	</shortcut>
	<shortcut>
		<label>653</label>
		<label2>3</label2>
		<icon>defaultaddonsupdates.png</icon>
		<action>UpdateLibrary(video)</action>
	</shortcut>
</shortcuts>
