﻿<?xml version="1.0" encoding="UTF-8" standalone="yes"?>
	<addon id="script.skin.helper.colorpicker" name="Skin Helper Service ColorPicker" version="1.0.13.011" provider-name="marcelveldt,sualfred, YLLOW_DRAGON">
	<requires>
		<import addon="xbmc.python" version="2.26.0"/>
		<import addon="script.module.pil" version="1.1.7"/>
		<import addon="script.module.kodi-six" />
	</requires>
	<extension point="xbmc.python.library" library="default.py" />
	<extension point="xbmc.addon.metadata">
		<summary lang="en_GB">Colorpicker for Kodi Skins. Part of Skin Helper Suite</summary>
		<summary lang="ru_RU">Выбор цвета для обложки KODI. Часть Skin Helper</summary>
		<description lang="en_GB">Colorpicker for Kodi Skins. Part of Skin Helper Suite</description>
		<description lang="ru_RU">Выбор цвета для обложки KODI. Часть Skin Helper</description>
		<platform>all</platform>
		<license>GPL v2.0</license>
		<forum>http://forum.kodi.tv/showthread.php?tid=235676</forum>
		<email>nkvoronov@gmail.com</email>
		<source>https://github.com/nkvoronov/script.skin.helper.colorpicker.git</source>
		<assets>
			<icon>resources/icon.png</icon>
			<fanart>resources/fanart.jpg</fanart>
		</assets>
	</extension>
</addon>