<?xml version="1.0" encoding="utf-8"?>
<includes>
    <variable name="FavoritesButtonLabel">
		<value condition="IsEmpty(Skin.String(UsrFavBtnCmd.Label))">$LOCALIZE[1036]</value>
		<value condition="!IsEmpty(Skin.String(UsrFavBtnCmd.Label))">$INFO[Skin.String(UsrFavBtnCmd.Label)]</value>
		<value>$LOCALIZE[1036]</value>
	</variable>
    <variable name="FavoritesButtonCommand">
		<value condition="Skin.String(UsrFavBtnCmd.Path,AutoSuggest) + [StringCompare(Container(9000).ListItem.Property(defaultID),movies) | StringCompare(Container(9000).ListItem.label2,$LOCALIZE[342])]">ActivateWindow(2125)</value>
		<value condition="Skin.String(UsrFavBtnCmd.Path,AutoSuggest) + [StringCompare(Container(9000).ListItem.Property(defaultID),tvshows) | StringCompare(Container(9000).ListItem.label2,$LOCALIZE[20343])]">ActivateWindow(2124)</value>
		<value condition="Skin.String(UsrFavBtnCmd.Path,AutoSuggest) + [StringCompare(Container(9000).ListItem.Property(defaultID),music) | StringCompare(Container(9000).ListItem.label2,$LOCALIZE[2])]">ActivateWindow(2123)</value>
		<value condition="Skin.String(UsrFavBtnCmd.Path,AutoSuggest) + [StringCompare(Container(9000).ListItem.Property(defaultID),musicvideos) | StringCompare(Container(9000).ListItem.label2,$LOCALIZE[20389])]">ActivateWindow(2126)</value>
		<value condition="Skin.String(UsrFavBtnCmd.Path,AutoSuggest)">ActivateWindow(Favourites)</value>
        <value condition="!IsEmpty(Skin.String(UsrFavBtnCmd.Path))">$INFO[Skin.String(UsrFavBtnCmd.Path)]</value>
		<value>ActivateWindow(Favourites)</value>
	</variable>
    <variable name="PowerButtonLabel">
    	<value condition="IsEmpty(Skin.String(UsrPwrBtnCmd.Label))">$LOCALIZE[89707]</value>
		<value condition="!IsEmpty(Skin.String(UsrPwrBtnCmd.Label))">$INFO[Skin.String(UsrPwrBtnCmd.Label)]</value>
		<value>$LOCALIZE[89707]</value>
	</variable>
    <variable name="PowerButtonCommand">
        <value condition="!IsEmpty(Skin.String(UsrPwrBtnCmd.Path))">$INFO[Skin.String(UsrPwrBtnCmd.Path)]</value>
		<value>ActivateWindow(ShutdownMenu)</value>
    </variable>
    <!-- Stats bar -->
	<variable name="InfoBarStats">
        <!-- Videos -->
		<value condition="StringCompare(Container(9000).ListItem.Property(defaultID),video) | StringCompare(Container(9000).ListItem.label2,$LOCALIZE[3])">[B][COLOR=$INFO[Skin.String(menuColor)]]$LOCALIZE[20342]: [/COLOR][/B]$INFO[Window.Property(Movies.Count)]  [B][COLOR=$INFO[Skin.String(menuColor)]]$LOCALIZE[20343]: [/COLOR][/B]$INFO[Window.Property(TVShows.Count)]  [B][COLOR=$INFO[Skin.String(menuColor)]]$LOCALIZE[20389]: [/COLOR][/B]$INFO[Window.Property(MusicVideos.Count)]</value>
        <!-- Movies -->
		<value condition="StringCompare(Container(9000).ListItem.Property(defaultID),movies) | StringCompare(Container(9000).ListItem.label2,$LOCALIZE[342])">[B][COLOR=$INFO[Skin.String(menuColor)]]$LOCALIZE[20342]: [/COLOR][/B]$INFO[Window.Property(Movies.Count)]  [B][COLOR=$INFO[Skin.String(menuColor)]]$LOCALIZE[16102]: [/COLOR][/B]$INFO[Window.Property(Movies.Watched)]  [B][COLOR=$INFO[Skin.String(menuColor)]]$LOCALIZE[16101]: [/COLOR][/B]$INFO[Window.Property(Movies.UnWatched)]</value>
        <!-- TVShows -->
		<value condition="StringCompare(Container(9000).ListItem.Property(defaultID),tvshows) | StringCompare(Container(9000).ListItem.label2,$LOCALIZE[20343])">[B][COLOR=$INFO[Skin.String(menuColor)]]$LOCALIZE[20343]: [/COLOR][/B]$INFO[Window.Property(TVShows.Count)]  [B][COLOR=$INFO[Skin.String(menuColor)]]$LOCALIZE[20360]: [/COLOR][/B]$INFO[Window.Property(Episodes.Count)]  [B][COLOR=$INFO[Skin.String(menuColor)]]$LOCALIZE[16101]: [/COLOR][/B]$INFO[Window.Property(Episodes.UnWatched)]</value>
        <!-- MusicVideos -->
		<value condition="StringCompare(Container(9000).ListItem.Property(defaultID),musicvideos) | StringCompare(Container(9000).ListItem.label2,$LOCALIZE[20389])">[B][COLOR=$INFO[Skin.String(menuColor)]]$LOCALIZE[20389]: [/COLOR][/B]$INFO[Window.Property(MusicVideos.Count)]  [B][COLOR=$INFO[Skin.String(menuColor)]]$LOCALIZE[16102]: [/COLOR][/B]$INFO[Window.Property(MusicVideos.Watched)]  [B][COLOR=$INFO[Skin.String(menuColor)]]$LOCALIZE[16101]: [/COLOR][/B]$INFO[Window.Property(MusicVideos.UnWatched)]</value>
        <!-- Music -->
		<value condition="StringCompare(Container(9000).ListItem.Property(defaultID),music) | StringCompare(Container(9000).ListItem.label2,$LOCALIZE[2])">[B][COLOR=$INFO[Skin.String(menuColor)]]$LOCALIZE[132]: [/COLOR][/B]$INFO[Window.Property(Music.AlbumsCount)]  [B][COLOR=$INFO[Skin.String(menuColor)]]$LOCALIZE[133]: [/COLOR][/B]$INFO[Window.Property(Music.ArtistsCount)]  [B][COLOR=$INFO[Skin.String(menuColor)]]$LOCALIZE[134]: [/COLOR][/B]$INFO[Window.Property(Music.SongsCount)]</value>
        <!-- PlayDisc -->
		<value condition="[StringCompare(Container(9000).ListItem.Property(defaultID),dvd) | StringCompare(Container(9000).ListItem.label2,$LOCALIZE[446])] + System.HasMediaDVD">[B][COLOR=$INFO[Skin.String(menuColor)]]$LOCALIZE[427]: [/COLOR][/B]$INFO[System.DVDLabel]</value>
		<value condition="[StringCompare(Container(9000).ListItem.Property(defaultID),dvd) | StringCompare(Container(9000).ListItem.label2,$LOCALIZE[446])] + !System.HasMediaDVD">[B][COLOR=$INFO[Skin.String(menuColor)]]$LOCALIZE[427]: [/COLOR][/B]$LOCALIZE[164]</value>
        <!-- Weather -->
		<value condition="StringCompare(Container(9000).ListItem.Property(defaultID),weather) | StringCompare(Container(9000).ListItem.label2,$LOCALIZE[8])">[B][COLOR=$INFO[Skin.String(menuColor)]]$LOCALIZE[143][/COLOR][/B] $INFO[Window(weather).Property(Current.Temperature)]$INFO[System.TemperatureUnits]  [B][COLOR=$INFO[Skin.String(menuColor)]]$LOCALIZE[33030]: [/COLOR][/B]$INFO[Window(weather).Property(Current.Condition)]</value>
        <!-- TV -->
        <value condition="StringCompare(Container(9000).ListItem.Property(defaultID),livetv) | StringCompare(Container(9000).ListItem.label2,$LOCALIZE[19020])">[B][COLOR=$INFO[Skin.String(menuColor)]]$LOCALIZE[19019]: [/COLOR][/B] $INFO[Window(Home).Property(SkinHelper.TotalTVChannels)]</value>
        <!-- Radio -->
        <value condition="StringCompare(Container(9000).ListItem.Property(defaultID),radio) | StringCompare(Container(9000).ListItem.label2,$LOCALIZE[19021])">[B][COLOR=$INFO[Skin.String(menuColor)]]$LOCALIZE[19019]: [/COLOR][/B] $INFO[Window(Home).Property(SkinHelper.TotalRadioChannels)]</value>
        <!-- Other -->
		<value condition="!SubString(System.CPUTemperature,?) + !SubString(System.GPUTemperature,?)">[B][COLOR=$INFO[Skin.String(menuColor)]]IP: [/COLOR][/B]$INFO[Network.IPAddress]  [B][COLOR=$INFO[Skin.String(menuColor)]]CPU: [/COLOR][/B]$INFO[System.CPUTemperature]  [B][COLOR=$INFO[Skin.String(menuColor)]]GPU: [/COLOR][/B]$INFO[System.GPUTemperature]</value>
		<value condition="!SubString(System.CPUTemperature,?)">[B][COLOR=$INFO[Skin.String(menuColor)]]IP: [/COLOR][/B]$INFO[Network.IPAddress]  [B][COLOR=$INFO[Skin.String(menuColor)]]CPU: [/COLOR][/B]$INFO[System.CPUTemperature]  [B][COLOR=$INFO[Skin.String(menuColor)]]$LOCALIZE[155]: [/COLOR][/B]$INFO[System.UsedSpacePercent]</value>
		<value>[COLOR=$INFO[Skin.String(menuColor)]][B]IP: [/B][/COLOR]$INFO[Network.IPAddress]  [COLOR=$INFO[Skin.String(menuColor)]][B]RAM: [/B][/COLOR]$INFO[system.memory(used.percent)]  [COLOR=$INFO[Skin.String(menuColor)]][B]$LOCALIZE[155]: [/B][/COLOR]$INFO[System.UsedSpacePercent]</value>
	</variable>
    <!-- HomeBackground -->
    <variable name="HomeBackground">        
        <value condition="!IsEmpty(Container(9000).ListItem.Property(background))">$INFO[Container(9000).ListItem.Property(background)]</value>
        <value condition="IsEmpty(Container(9000).ListItem.Property(background)) + StringCompare(Container(9000).ListItem.label2,$LOCALIZE[8])">special://skin/extras/backgrounds/weather.jpg</value>
        <value condition="IsEmpty(Container(9000).ListItem.Property(background)) + [StringCompare(Container(9000).ListItem.label2,$LOCALIZE[1]) | StringCompare(Container(9000).ListItem.label2,$LOCALIZE[90014])]">special://skin/extras/backgrounds/pictures.jpg</value>
        <value condition="IsEmpty(Container(9000).ListItem.Property(background)) + [StringCompare(Container(9000).ListItem.label2,$LOCALIZE[19020]) | StringCompare(Container(9000).ListItem.label2,$LOCALIZE[90015])]">special://skin/extras/backgrounds/livetv.jpg</value>
        <value condition="IsEmpty(Container(9000).ListItem.Property(background)) + [StringCompare(Container(9000).ListItem.label2,$LOCALIZE[19021]) | StringCompare(Container(9000).ListItem.label2,$LOCALIZE[90016])]">special://skin/extras/backgrounds/radio.jpg</value>
        <value condition="IsEmpty(Container(9000).ListItem.Property(background)) + [StringCompare(Container(9000).ListItem.label2,$LOCALIZE[3]) | StringCompare(Container(9000).ListItem.label2,$LOCALIZE[90018]) | StringCompare(Container(9000).ListItem.label2,$LOCALIZE[90018])]">special://skin/extras/backgrounds/video.jpg</value>   
        <value condition="IsEmpty(Container(9000).ListItem.Property(background)) + StringCompare(Container(9000).ListItem.label2,$LOCALIZE[342])">special://skin/extras/backgrounds/movies.jpg</value>
        <value condition="IsEmpty(Container(9000).ListItem.Property(background)) + StringCompare(Container(9000).ListItem.label2,$LOCALIZE[20343])">special://skin/extras/backgrounds/tvshows.jpg</value>     
        <value condition="IsEmpty(Container(9000).ListItem.Property(background)) + StringCompare(Container(9000).ListItem.label2,$LOCALIZE[20389])">special://skin/extras/backgrounds/musicvideos.jpg</value>
        <value condition="IsEmpty(Container(9000).ListItem.Property(background)) + [StringCompare(Container(9000).ListItem.label2,$LOCALIZE[2]) | StringCompare(Container(9000).ListItem.label2,$LOCALIZE[90030]) | StringCompare(Container(9000).ListItem.label2,$LOCALIZE[90031])]">special://skin/extras/backgrounds/music.jpg</value>                
        <value condition="IsEmpty(Container(9000).ListItem.Property(background)) + StringCompare(Container(9000).ListItem.label2,$LOCALIZE[446])">special://skin/extras/backgrounds/dvd.jpg</value>
        <value condition="IsEmpty(Container(9000).ListItem.Property(background)) + [StringCompare(Container(9000).ListItem.label2,$LOCALIZE[24001]) | StringCompare(Container(9000).ListItem.label2,$LOCALIZE[90017])]">special://skin/extras/backgrounds/addons.jpg</value>        
        <value condition="IsEmpty(Container(9000).ListItem.Property(background)) + StringCompare(Container(9000).ListItem.label2,$LOCALIZE[10004])">special://skin/extras/backgrounds/settings.jpg</value>
        <value condition="IsEmpty(Container(9000).ListItem.Property(background)) + StringCompare(Container(9000).ListItem.label2,$LOCALIZE[13200])">special://skin/extras/backgrounds/profile.jpg</value>      
        <value condition="IsEmpty(Container(9000).ListItem.Property(background)) + StringCompare(Container(9000).ListItem.label2,$LOCALIZE[13005])">special://skin/extras/backgrounds/power.jpg</value>        
        <value condition="IsEmpty(Container(9000).ListItem.Property(background)) + StringCompare(Container(9000).ListItem.label2,$LOCALIZE[1036])">special://skin/extras/backgrounds/favourites.jpg</value>
        <value condition="IsEmpty(Container(9000).ListItem.Property(background)) + [StringCompare(Container(9000).ListItem.label2,$LOCALIZE[90001]) | StringCompare(Container(9000).ListItem.label2,$LOCALIZE[90002])]">special://skin/extras/backgrounds/playlists.jpg</value>
        <value>$INFO[Skin.CurrentTheme,special://skin/extras/themes/,.jpg]</value>
    </variable>
    <!-- HomeMenuType -->
    <variable name="HomeMenuType">
        <value condition="StringCompare(Container(9000).ListItem.label2,$LOCALIZE[8])">weather</value>
        <value condition="StringCompare(Container(9000).ListItem.label2,$LOCALIZE[1]) | StringCompare(Container(9000).ListItem.label2,$LOCALIZE[90014])">pictures</value>
        <value condition="StringCompare(Container(9000).ListItem.label2,$LOCALIZE[19020]) | StringCompare(Container(9000).ListItem.label2,$LOCALIZE[90015])">livetv</value>
        <value condition="StringCompare(Container(9000).ListItem.label2,$LOCALIZE[19021]) | StringCompare(Container(9000).ListItem.label2,$LOCALIZE[90016])">radio</value>
        <value condition="StringCompare(Container(9000).ListItem.label2,$LOCALIZE[3]) | StringCompare(Container(9000).ListItem.label2,$LOCALIZE[90018]) | StringCompare(Container(9000).ListItem.label2,$LOCALIZE[90019])">video</value>   
        <value condition="StringCompare(Container(9000).ListItem.label2,$LOCALIZE[342])">movies</value>
        <value condition="StringCompare(Container(9000).ListItem.label2,$LOCALIZE[20343])">tvshows</value>     
        <value condition="StringCompare(Container(9000).ListItem.label2,$LOCALIZE[20389])">musicvideos</value>
        <value condition="StringCompare(Container(9000).ListItem.label2,$LOCALIZE[2]) | StringCompare(Container(9000).ListItem.label2,$LOCALIZE[90030]) | StringCompare(Container(9000).ListItem.label2,$LOCALIZE[90031])">music</value>                
        <value condition="StringCompare(Container(9000).ListItem.label2,$LOCALIZE[446])">dvd</value>
        <value condition="StringCompare(Container(9000).ListItem.label2,$LOCALIZE[24001]) | StringCompare(Container(9000).ListItem.label2,$LOCALIZE[90017])">addons</value>        
        <value condition="StringCompare(Container(9000).ListItem.label2,$LOCALIZE[10004])">settings</value>
        <value condition="StringCompare(Container(9000).ListItem.label2,$LOCALIZE[13200])">profile</value>      
        <value condition="StringCompare(Container(9000).ListItem.label2,$LOCALIZE[13005])">power</value>        
        <value condition="StringCompare(Container(9000).ListItem.label2,$LOCALIZE[1036])">favourites</value>
        <value condition="StringCompare(Container(9000).ListItem.label2,$LOCALIZE[90001]) | StringCompare(Container(9000).ListItem.label2,$LOCALIZE[90002])">playlists</value>        
        <value>$INFO[Container(9000).ListItem.Property(defaultID)]</value>
    </variable>
    <!-- -->
    <variable name="HomeFanartName">
        <value condition="!IsEmpty(Skin.String(HomeFanart.name))">$INFO[Skin.String(HomeFanart.name)]</value>
        <value>$LOCALIZE[231]</value>
    </variable>    
    <variable name="WeatherFanartName">
        <value condition="!IsEmpty(Skin.String(WeatherFanart.name))">$INFO[Skin.String(WeatherFanart.name)]</value>
        <value>$LOCALIZE[231]</value>
    </variable>
    <variable name="WeatherIconsName">
        <value condition="!IsEmpty(Skin.String(WeatherIcons.name))">$INFO[Skin.String(WeatherIcons.name)]</value>
        <value>$LOCALIZE[231]</value>
    </variable>
    <variable name="MenuColorName">
        <value condition="!IsEmpty(Skin.String(MenuColorName))">[COLOR=$INFO[Skin.String(menuColor)]]$INFO[Skin.String(MenuColorName)][/COLOR]</value>
        <value>[COLOR=selected]$LOCALIZE[571][/COLOR]</value>
    </variable>
    <variable name="MenuColorVar">
        <value condition="!IsEmpty(Skin.String(MenuColor))">$INFO[Skin.String(menuColor)]</value>
        <value>blue</value>
    </variable>
    <variable name="MenuFocusName">
        <value condition="!IsEmpty(Skin.String(CustomFocusName)) + StringCompare(Skin.String(CustomFocusName),$LOCALIZE[88085])">[COLOR=selected]$INFO[Skin.String(CustomFocus)][/COLOR]</value>
        <value condition="!IsEmpty(Skin.String(CustomFocusName))">[COLOR=selected]$INFO[Skin.String(CustomFocusName)][/COLOR]</value>
        <value>[COLOR=selected]$LOCALIZE[571][/COLOR]</value>
    </variable>
    <variable name="WidgetLimitItemsName">
        <value condition="!IsEmpty(Skin.String(WidgetLimitItems))">$INFO[Skin.String(WidgetLimitItems)]</value>
        <value>10</value>
    </variable>
    <variable name="DurationSplashScreenName">
        <value condition="!IsEmpty(Skin.String(DurationSplashScreen))">$INFO[Skin.String(DurationSplashScreen)]</value>
        <value>5</value>
    </variable>
    <!-- Current Weather Icon -->
    <variable name="CurrentWeatherIcon">
		<value condition="!IsEmpty(Skin.String(WeatherIcons.path)) + !Skin.HasSetting(WeatherIcons.multi)">$INFO[Skin.String(WeatherIcons.path)]$INFO[Window(weather).Property(Current.FanartCode),,.png]</value>
		<value condition="!IsEmpty(Skin.String(WeatherIcons.path)) + Skin.HasSetting(WeatherIcons.multi)">$INFO[Skin.String(WeatherIcons.path)]$INFO[Window(weather).Property(Current.FanartCode),,/]</value>
		<value>$INFO[Weather.Conditions]</value>
    </variable>
    <!-- -->
    <variable name="SkinShortcutsTitle">
        <value condition="!IsEmpty(Window.Property(groupname)) + StringCompare(Window.Property(groupname),mainmenu)">[COLOR=blue] - [/COLOR]$ADDON[script.skinshortcuts 32071]</value>
        <value condition="!IsEmpty(Window.Property(groupname)) + StringCompare(Window.Property(groupname),powermenu)">[COLOR=blue] - [/COLOR]$LOCALIZE[90000]</value>
		<value condition="!IsEmpty(Window.Property(groupname)) + !StringCompare(Window.Property(groupname),mainmenu) + !StringCompare(Window.Property(groupname),powermenu) + !SubString(Window.Property(groupname),.)">[COLOR=blue] - [/COLOR]$ADDON[script.skinshortcuts 32072]</value>
        <value condition="!IsEmpty(Window.Property(groupname)) + !StringCompare(Window.Property(groupname),mainmenu) + !StringCompare(Window.Property(groupname),powermenu) + SubString(Window.Property(groupname),.1,Right)">[COLOR=blue] - [/COLOR]$LOCALIZE[24020] $LOCALIZE[89003]</value>
        <value condition="!IsEmpty(Window.Property(groupname)) + !StringCompare(Window.Property(groupname),mainmenu) + !StringCompare(Window.Property(groupname),powermenu) + SubString(Window.Property(groupname),.2,Right)">[COLOR=blue] - [/COLOR]$LOCALIZE[24020] $LOCALIZE[89004]</value>
    </variable>
    <variable name="SkinShortcutsTitleDlg">
        <value condition="!IsEmpty(Window.Property(groupname)) + StringCompare(Window.Property(groupname),mainmenu)">$LOCALIZE[513]</value>
        <value condition="!IsEmpty(Window.Property(groupname)) + StringCompare(Window.Property(groupname),powermenu)">$LOCALIZE[89707]</value>
		<value condition="!IsEmpty(Window.Property(groupname)) + !StringCompare(Window.Property(groupname),mainmenu) + !StringCompare(Window.Property(groupname),powermenu) + !SubString(Window.Property(groupname),.)">$LOCALIZE[1034] ($INFO[Window.Property(groupDisplayName)])</value>
        <value condition="!IsEmpty(Window.Property(groupname)) + !StringCompare(Window.Property(groupname),mainmenu) + !StringCompare(Window.Property(groupname),powermenu) + SubString(Window.Property(groupname),.1,Right)">$LOCALIZE[89003] ($INFO[Window.Property(groupDisplayName)])</value>
        <value condition="!IsEmpty(Window.Property(groupname)) + !StringCompare(Window.Property(groupname),mainmenu) + !StringCompare(Window.Property(groupname),powermenu) + SubString(Window.Property(groupname),.2,Right)">$LOCALIZE[89004] ($INFO[Window.Property(groupDisplayName)])</value>
    </variable>
    <variable name="SkinShortcutsGrouping">
        <value condition="!SubString(Window.Property(groupname),.)">menus</value>
        <value condition="SubString(Window.Property(groupname),.1,Right)">addons</value>
        <value condition="SubString(Window.Property(groupname),.2,Right) + StringCompare(Window(Home).Property(current_widget),TVFavouritesChannels)">tv</value>
        <value condition="SubString(Window.Property(groupname),.2,Right) + StringCompare(Window(Home).Property(current_widget),RadioFavouritesChannels)">radio</value>
    </variable>
</includes>
