<?xml version="1.0" encoding="UTF-8"?>
<window>
	<defaultcontrol always="true">9000</defaultcontrol>
    <onload condition="IsEmpty(Window(Home).Property(MenuItemActive))">SetProperty(MenuItemActive,settings,Home)</onload>
    <onload condition="IsEmpty(Window(Home).Property(MenuBackground))">SetProperty(MenuBackground,special://skin/extras/backgrounds/settings.jpg,Home)</onload>
    <onunload>RunScript(script.skinshortcuts,type=buildxml&amp;mainmenuID=9000&amp;group=mainmenu|powermenu&amp;levels=2)</onunload>
    <include condition="!Skin.HasSetting(InitialSetUpRun)">DefaultInitialSetup</include>
	<controls>
        <include>CommonCustomBackground</include>
		<include>CommonBackground</include>
		<control type="image">
			<left>0</left>
			<top>100r</top>
			<width>1280</width>
			<height>100</height>
			<texture>floor.png</texture>
			<include>VisibleFadeEffect</include>
			<visible>!Skin.HasSetting(NoFloorAll)</visible>
		</control>
		<include name="CommonWindowHeader">
			<param name="Icon" value="icon_system" />
			<param name="Label" value="$LOCALIZE[5][COLOR=blue] - [/COLOR]$LOCALIZE[166]" />
		</include>
		<control type="group">
			<left>90</left>
			<top>30</top>
			<animation type="WindowOpen" reversible="false">
				<effect type="zoom" start="80" end="100" center="640,360" easing="out" tween="back" time="225" />
				<effect type="fade" start="0" end="100" time="225" />
			</animation>
			<animation type="WindowClose" reversible="false">
				<effect type="zoom" start="100" end="80" center="640,360" easing="in" tween="back" time="225" />
				<effect type="fade" start="100" end="0" time="225" />
			</animation>
			<control type="image">
				<left>5</left>
				<top>5</top>
				<width>1090</width>
				<height>630</height>
				<texture border="15">ContentPanel.png</texture>
			</control>
			<control type="image">
				<left>5</left>
				<top>625</top>
				<width>1090</width>
				<height>64</height>
				<texture border="15">ContentPanelMirror.png</texture>
				<visible>!Skin.HasSetting(NoFloorAll)</visible>
			</control>
			<control type="button">
				<description>Close Window button</description>
				<left>980</left>
				<top>11</top>
				<width>64</width>
				<height>32</height>
				<label>-</label>
				<font>-</font>
				<onclick>PreviousMenu</onclick>
				<texturefocus>DialogCloseButton-focus.png</texturefocus>
				<texturenofocus>DialogCloseButton.png</texturenofocus>
				<onleft>1</onleft>
				<onright>1</onright>
				<onup>1</onup>
				<ondown>1</ondown>
				<visible>system.getbool(input.enablemouse)</visible>
			</control>
			<control type="image">
				<description>LOGO</description>
				<left>30</left>
				<top>15</top>
				<width>220</width>
				<height>80</height>
				<aspectratio>keep</aspectratio>
				<texture>Confluence_Logo.png</texture>
			</control>
			<control type="list" id="9000">
				<left>10</left>
				<top>90</top>
				<width>260</width>
				<height>481</height>
				<onleft>9010</onleft>
				<onright>9010</onright>
				<onup>9000</onup>
				<ondown>9000</ondown>
				<pagecontrol>-</pagecontrol>
				<scrolltime>300</scrolltime>
				<itemlayout height="50" width="260">
					<control type="image">
						<left>0</left>
						<top>0</top>
						<width>260</width>
						<height>51</height>
						<texture border="5">MenuItemNF.png</texture>
					</control>
					<control type="label">
						<left>0</left>
						<top>0</top>
						<width>240</width>
						<height>50</height>
						<font>font24_title</font>
						<textcolor>grey3</textcolor>
						<align>right</align>
						<aligny>center</aligny>
						<label>$INFO[ListItem.Label]</label>
					</control>
				</itemlayout>
				<focusedlayout height="50" width="260">
					<control type="image">
						<left>0</left>
						<top>0</top>
						<width>260</width>
						<height>51</height>
						<texture border="5">MenuItemFO.png</texture>
						<animation effect="fade" start="100" end="30" time="75" condition="!Control.HasFocus(9000)">Conditional</animation>
					</control>
					<control type="label">
						<left>0</left>
						<top>0</top>
						<width>240</width>
						<height>50</height>
						<font>font24_title</font>
						<textcolor>white</textcolor>
						<align>right</align>
						<aligny>center</aligny>
						<label>$INFO[ListItem.Label]</label>
					</control>
				</focusedlayout>
				<content>
					<item id="1">
						<label>128</label>
						<onclick>noop</onclick>
					</item>  
					<item id="2">
						<label>31112</label>
						<onclick>noop</onclick>
					</item>                                       
					<item id="3">
						<label>31102</label>
						<onclick>noop</onclick>
					</item>
                    <item id="4">
						<label>10035</label>
						<onclick>noop</onclick>
					</item>
				</content>
			</control>
			<control type="image">
				<left>268</left>
				<top>10</top>
				<width>790</width>
				<height>618</height>
				<texture border="5">black-back2.png</texture>
			</control>
			<control type="image">
				<left>268</left>
				<top>10</top>
				<width>790</width>
				<height>52</height>
				<texture>dialogheader.png</texture>
			</control>
			<control type="label">
				<description>header label</description>
				<left>300</left>
				<top>20</top>
				<width>726</width>
				<height>30</height>
				<font>font16</font>
				<label>$LOCALIZE[166] - $INFO[Container(9000).ListItem.Label]</label>
				<align>center</align>
				<aligny>center</aligny>
				<textcolor>white</textcolor>
				<shadowcolor>black</shadowcolor>
			</control>
			<control type="group" id="9010">
                <!-- Main -->
				<control type="grouplist" id="9001">
					<visible>Container(9000).Hasfocus(1)</visible>
					<left>290</left>
					<top>60</top>
					<width>750</width>
					<height>530</height>
					<itemgap>-1</itemgap>
					<pagecontrol>61</pagecontrol>
					<onleft>9000</onleft>
					<onright>61</onright>
					<onup>9001</onup>
					<ondown>9001</ondown>
					<control type="label" id="100">
						<width>750</width>
						<height>45</height>
						<font>font13_title</font>
						<label>31106</label>
						<textcolor>blue</textcolor>
						<shadowcolor>black</shadowcolor>
						<align>left</align>
						<aligny>center</aligny>
					</control>
					<control type="radiobutton" id="101">
                        <description>Enable Auto Scroll</description>
						<width>750</width>
						<height>40</height>
						<font>font13</font>
						<label>20189</label>
						<textcolor>grey2</textcolor>
						<focusedcolor>white</focusedcolor>
						<texturefocus>MenuItemFO.png</texturefocus>
						<texturenofocus>MenuItemNF.png</texturenofocus>
						<onclick>Skin.ToggleSetting(AutoScroll)</onclick>
						<selected>Skin.HasSetting(AutoScroll)</selected>
					</control>
					<control type="radiobutton" id="102">
                        <description>Show SlideShow Paused</description>
						<width>750</width>
						<height>40</height>
						<font>font13</font>
						<label>31103</label>
						<textcolor>grey2</textcolor>
						<focusedcolor>white</focusedcolor>
						<texturefocus>MenuItemFO.png</texturefocus>
						<texturenofocus>MenuItemNF.png</texturenofocus>
						<onclick>Skin.ToggleSetting(Show_SlideShow_Paused)</onclick>
						<selected>!Skin.HasSetting(Show_SlideShow_Paused)</selected>
					</control>
					<control type="radiobutton" id="103">
                        <description>Trailer in Window</description>
						<width>750</width>
						<height>40</height>
						<font>font13</font>
						<label>31104</label>
						<textcolor>grey2</textcolor>
						<focusedcolor>white</focusedcolor>
						<texturefocus>MenuItemFO.png</texturefocus>
						<texturenofocus>MenuItemNF.png</texturenofocus>
						<onclick>Skin.ToggleSetting(WindowedTrailer)</onclick>
						<selected>Skin.HasSetting(WindowedTrailer)</selected>
					</control>
					<control type="radiobutton" id="104">
                        <description>Hide Filename Flagging</description>
						<width>750</width>
						<height>40</height>
						<font>font13</font>
						<label>31107</label>
						<textcolor>grey2</textcolor>
						<focusedcolor>white</focusedcolor>
						<texturefocus>MenuItemFO.png</texturefocus>
						<texturenofocus>MenuItemNF.png</texturenofocus>
						<onclick>Skin.ToggleSetting(HideFilenameFlagging)</onclick>
						<selected>Skin.HasSetting(HideFilenameFlagging)</selected>
					</control>
					<control type="radiobutton" id="105">
                        <description>Hide EPG With RDS</description>
						<width>750</width>
						<height>40</height>
						<font>font13</font>
						<label>31122</label>
						<textcolor>grey2</textcolor>
						<focusedcolor>white</focusedcolor>
						<texturefocus>MenuItemFO.png</texturefocus>
						<texturenofocus>MenuItemNF.png</texturenofocus>
						<onclick>Skin.ToggleSetting(HideEPGwithRDS)</onclick>
						<selected>Skin.HasSetting(HideEPGwithRDS)</selected>
					</control>
					<control type="label" id="106">
						<width>750</width>
						<height>45</height>
						<font>font13_title</font>
						<label>31140</label>
						<textcolor>blue</textcolor>
						<shadowcolor>black</shadowcolor>
						<align>left</align>
						<aligny>center</aligny>
					</control>                    
					<control type="button" id="107">
                        <description>LyricScript Path</description>
						<width>750</width>
						<height>40</height>
						<font>font13</font>
						<label>31132</label>
						<label2>[COLOR=selected]$INFO[system.addontitle(Skin.String(LyricScript_Path))][/COLOR]</label2>
						<textcolor>grey2</textcolor>
						<focusedcolor>white</focusedcolor>
						<texturefocus>MenuItemFO.png</texturefocus>
						<texturenofocus>MenuItemNF.png</texturenofocus>
						<onclick>Skin.SetAddon(LyricScript_Path,xbmc.python.lyrics)</onclick>
					</control>
					<control type="button" id="108">
                        <description>Open Settings LyricScript</description>
						<width>750</width>
						<height>40</height>
						<font>font13</font>
						<label>- $LOCALIZE[24020]</label>
						<textcolor>grey2</textcolor>
						<focusedcolor>white</focusedcolor>
						<texturefocus>MenuItemFO.png</texturefocus>
						<texturenofocus>MenuItemNF.png</texturenofocus>
						<enable>!IsEmpty(Skin.String(LyricScript_Path))</enable>
						<onclick>Addon.OpenSettings($INFO[Skin.String(LyricScript_Path)])</onclick>
					</control>					
					<control type="label" id="109">
						<width>750</width>
						<height>45</height>
						<font>font13_title</font>
						<label>512</label>
						<textcolor>blue</textcolor>
						<shadowcolor>black</shadowcolor>
						<align>left</align>
						<aligny>center</aligny>
					</control>
                    <control type="radiobutton" id="110">
                        <description>Enable splash screen (photo, video or music)</description>
						<width>750</width>
						<height>40</height>
						<font>font13</font>
                        <label>90040</label>
                        <textcolor>grey2</textcolor>
						<focusedcolor>white</focusedcolor>
						<texturefocus>MenuItemFO.png</texturefocus>
						<texturenofocus>MenuItemNF.png</texturenofocus>
                        <onclick>Skin.ToggleSetting(EnableSplashScreen)</onclick>
						<selected>Skin.HasSetting(EnableSplashScreen)</selected>
                    </control>
					<control type="button" id="116">
						<description>Startup SplashScreen Path</description>
						<width>750</width>
						<height>40</height>
						<font>font13</font>
						<textcolor>grey2</textcolor>
						<focusedcolor>white</focusedcolor>
						<label>90041</label>
						<label2>$INFO[Skin.String(SplashScreenPath)]</label2>
                        <onclick>Skin.SetFile(SplashScreenPath)</onclick>
						<texturefocus>MenuItemFO.png</texturefocus>
						<texturenofocus>MenuItemNF.png</texturenofocus>                        
						<enable>Skin.HasSetting(EnableSplashScreen)</enable>
					</control>
					<control type="button" id="117">
						<description>Duration SplashScreen</description>
						<width>750</width>
						<height>40</height>
						<font>font13</font>
						<textcolor>grey2</textcolor>
						<focusedcolor>white</focusedcolor>
						<label>90042</label>
                        <label2>[COLOR=selected]$VAR[DurationSplashScreenName][/COLOR]</label2>
                        <onclick condition="IsEmpty(Skin.String(DurationSplashScreen))">Skin.SetString(DurationSplashScreen,5,)</onclick>
						<onclick>Skin.SetNumeric(DurationSplashScreen)</onclick>                        
						<texturefocus>MenuItemFO.png</texturefocus>
						<texturenofocus>MenuItemNF.png</texturenofocus>
                        <enable>Skin.HasSetting(EnableSplashScreen)</enable>
					</control>
                    <control type="label" id="118">
						<width>750</width>
						<height>45</height>
						<font>font13_title</font>
						<label>24001</label>
						<textcolor>blue</textcolor>
						<shadowcolor>black</shadowcolor>
						<align>left</align>
						<aligny>center</aligny>
					</control>
					<control type="radiobutton" id="119">
                        <description>Activate Global Search</description>
						<width>750</width>
						<height>40</height>
						<font>font13</font>
						<label>$LOCALIZE[24000] Global Search</label>
						<textcolor>grey2</textcolor>
						<focusedcolor>white</focusedcolor>
						<texturefocus>MenuItemFO.png</texturefocus>
						<texturenofocus>MenuItemNF.png</texturenofocus>
						<onclick>Skin.ToggleSetting(ActivateGlobalSearch)</onclick>
						<selected>Skin.HasSetting(ActivateGlobalSearch)</selected>
						<enable>System.HasAddon(script.globalsearch)</enable>
					</control>
					<control type="button" id="120">
                        <description>Settings Global Search</description>
						<width>750</width>
						<height>40</height>
						<font>font13</font>
						<label>- $LOCALIZE[24020]</label>
						<textcolor>grey2</textcolor>
						<focusedcolor>white</focusedcolor>
						<texturefocus>MenuItemFO.png</texturefocus>
						<texturenofocus>MenuItemNF.png</texturenofocus>
						<onclick>Addon.OpenSettings(script.globalsearch)</onclick>
						<enable>Skin.HasSetting(ActivateGlobalSearch)</enable>
						<visible>System.HasAddon(script.globalsearch)</visible>
					</control>
					<control type="radiobutton" id="121">
                        <description>Activate Simple Playlists</description>
						<width>750</width>
						<height>40</height>
						<font>font13</font>
						<label>$LOCALIZE[24000] Simple Playlists</label>
						<textcolor>grey2</textcolor>
						<focusedcolor>white</focusedcolor>
						<texturefocus>MenuItemFO.png</texturefocus>
						<texturenofocus>MenuItemNF.png</texturenofocus>
						<onclick>Skin.ToggleSetting(ActivateWatchitLater)</onclick>
						<selected>Skin.HasSetting(ActivateWatchitLater)</selected>
						<enable>System.HasAddon(script.simpleplaylists)</enable>
					</control>
					<control type="button" id="122">
                        <description>Settings Simple Playlists</description>
						<width>750</width>
						<height>40</height>
						<font>font13</font>
						<label>- $LOCALIZE[24020]</label>
						<textcolor>grey2</textcolor>
						<focusedcolor>white</focusedcolor>
						<texturefocus>MenuItemFO.png</texturefocus>
						<texturenofocus>MenuItemNF.png</texturenofocus>
						<onclick>Addon.OpenSettings(script.simpleplaylists)</onclick>
						<enable>Skin.HasSetting(ActivateWatchitLater)</enable>
						<visible>System.HasAddon(script.simpleplaylists)</visible>
					</control>
                    <control type="label" id="123">
						<width>750</width>
						<height>45</height>
						<font>font13</font>
						<label>$LOCALIZE[24000] Skin Shortcuts</label>
						<textcolor>grey2</textcolor>
						<shadowcolor>black</shadowcolor>
						<align>left</align>
						<aligny>center</aligny>
					</control>
                    <control type="button" id="124">
                        <description>Settings Skin Shortcuts</description>
						<width>750</width>
						<height>40</height>
						<font>font13</font>
						<label>- $LOCALIZE[24020]</label>
						<textcolor>grey2</textcolor>
						<focusedcolor>white</focusedcolor>
						<texturefocus>MenuItemFO.png</texturefocus>
						<texturenofocus>MenuItemNF.png</texturenofocus>
						<onclick>Addon.OpenSettings(script.skinshortcuts)</onclick>
						<enable>System.HasAddon(script.skinshortcuts)</enable>
					</control>
                    <control type="label" id="125">
						<width>750</width>
						<height>45</height>
						<font>font13</font>
						<label>$LOCALIZE[24000] Skin Helper Service</label>
						<textcolor>grey2</textcolor>
						<shadowcolor>black</shadowcolor>
						<align>left</align>
						<aligny>center</aligny>
					</control>
                    <control type="button" id="126">
                        <description>Settings Skin Helper Service Art Utils</description>
						<width>750</width>
						<height>40</height>
						<font>font13</font>
						<label>- $LOCALIZE[24020] Skin Helper Artwork</label>
						<textcolor>grey2</textcolor>
						<focusedcolor>white</focusedcolor>
						<texturefocus>MenuItemFO.png</texturefocus>
						<texturenofocus>MenuItemNF.png</texturenofocus>
						<onclick>Addon.OpenSettings(script.module.metadatautils)</onclick>
						<visible>System.HasAddon(script.module.metadatautils)</visible>
					</control>
                    <control type="button" id="127">
                        <description>Settings Skin Helper Service Backgrounds</description>
						<width>750</width>
						<height>40</height>
						<font>font13</font>
						<label>- $LOCALIZE[24020] Skin Helper Service Backgrounds</label>
						<textcolor>grey2</textcolor>
						<focusedcolor>white</focusedcolor>
						<texturefocus>MenuItemFO.png</texturefocus>
						<texturenofocus>MenuItemNF.png</texturenofocus>
						<onclick>Addon.OpenSettings(script.skin.helper.backgrounds)</onclick>
						<visible>System.HasAddon(script.skin.helper.backgrounds)</visible>
					</control>
                    <control type="button" id="128">
                        <description>Settings Skin Helper Service Widgets</description>
						<width>750</width>
						<height>40</height>
						<font>font13</font>
						<label>- $LOCALIZE[24020] Skin Helper Service Widgets</label>
						<textcolor>grey2</textcolor>
						<focusedcolor>white</focusedcolor>
						<texturefocus>MenuItemFO.png</texturefocus>
						<texturenofocus>MenuItemNF.png</texturenofocus>
						<onclick>Addon.OpenSettings(script.skin.helper.widgets)</onclick>
						<visible>System.HasAddon(script.skin.helper.widgets)</visible>
					</control>
                    <control type="button" id="129">
                        <description>Settings Skin Helper Service Skin Backup</description>
						<width>750</width>
						<height>40</height>
						<font>font13</font>
						<label>- $LOCALIZE[24020] Skin Helper Service Skin Backup</label>
						<textcolor>grey2</textcolor>
						<focusedcolor>white</focusedcolor>
						<texturefocus>MenuItemFO.png</texturefocus>
						<texturenofocus>MenuItemNF.png</texturenofocus>
						<onclick>Addon.OpenSettings(script.skin.helper.skinbackup)</onclick>
						<visible>System.HasAddon(script.skin.helper.skinbackup)</visible>
					</control>                   
                    <control type="radiobutton" id="130">
                        <description>Enable SmartShortcuts.playlists</description>
						<width>750</width>
						<height>40</height>
						<font>font13</font>
						<label>- $LOCALIZE[90010]</label>
						<textcolor>grey2</textcolor>
						<focusedcolor>white</focusedcolor>
						<texturefocus>MenuItemFO.png</texturefocus>
						<texturenofocus>MenuItemNF.png</texturenofocus>
						<onclick>Skin.ToggleSetting(ActivateSmartShortcutsPlaylists)</onclick>
						<selected>Skin.HasSetting(ActivateSmartShortcutsPlaylists)</selected>
						<enable>System.HasAddon(script.skin.helper.service)</enable>
					</control>
                    <control type="radiobutton" id="131">
                        <description>Enable SmartShortcuts.favorites</description>
						<width>750</width>
						<height>40</height>
						<font>font13</font>
						<label>- $LOCALIZE[90011]</label>
						<textcolor>grey2</textcolor>
						<focusedcolor>white</focusedcolor>
						<texturefocus>MenuItemFO.png</texturefocus>
						<texturenofocus>MenuItemNF.png</texturenofocus>
						<onclick>Skin.ToggleSetting(ActivateSmartShortcutsFavorites)</onclick>
						<selected>Skin.HasSetting(ActivateSmartShortcutsFavorites)</selected>
						<enable>System.HasAddon(script.skin.helper.service)</enable>
					</control>
                    <control type="radiobutton" id="132">
                        <description>Enable Animated Posters</description>
						<width>750</width>
						<height>40</height>
						<font>font13</font>
						<label>- $LOCALIZE[90012]</label>
						<textcolor>grey2</textcolor>
						<focusedcolor>white</focusedcolor>
						<texturefocus>MenuItemFO.png</texturefocus>
						<texturenofocus>MenuItemNF.png</texturenofocus>
						<onclick>Skin.ToggleSetting(ActivateAnimatedPosters)</onclick>
						<selected>Skin.HasSetting(ActivateAnimatedPosters)</selected>
						<enable>System.HasAddon(script.skin.helper.service)</enable>
					</control>
				</control>
				<control type="scrollbar" id="61">
					<left>1060</left>
					<top>60</top>
					<width>25</width>
					<height>530</height>
					<texturesliderbackground border="0,14,0,14">ScrollBarV.png</texturesliderbackground>
					<texturesliderbar border="0,14,0,14">ScrollBarV_bar.png</texturesliderbar>
					<texturesliderbarfocus border="0,14,0,14">ScrollBarV_bar_focus.png</texturesliderbarfocus>
					<textureslidernib>ScrollBarNib.png</textureslidernib>
					<textureslidernibfocus>ScrollBarNib.png</textureslidernibfocus>
					<onleft>9001</onleft>
					<onright>9000</onright>
					<showonepage>false</showonepage>
					<orientation>vertical</orientation>
					<visible>Container(9000).Hasfocus(1)</visible>
				</control>
                <!-- Params -->
				<control type="grouplist" id="9002">
					<visible>Container(9000).Hasfocus(2)</visible>
					<left>290</left>
					<top>60</top>
					<width>750</width>
					<height>530</height>
					<itemgap>-1</itemgap>
					<pagecontrol>62</pagecontrol>
					<onleft>9000</onleft>
					<onright>62</onright>
					<onup>9002</onup>
					<ondown>9002</ondown>
					<control type="label" id="200">
						<width>750</width>
						<height>45</height>
						<font>font13_title</font>
						<label>31101</label>
						<textcolor>blue</textcolor>
						<shadowcolor>black</shadowcolor>
						<align>left</align>
						<aligny>center</aligny>
					</control>
					<control type="radiobutton" id="201">
						<description>Enable Video Info</description>
						<width>750</width>
						<height>40</height>
						<font>font13</font>
						<textcolor>grey2</textcolor>
						<focusedcolor>white</focusedcolor>
						<label>20176</label>
						<onclick>Skin.ToggleSetting(HomePageVideoInfo)</onclick>
						<selected>!Skin.HasSetting(HomePageVideoInfo)</selected>
						<texturefocus>MenuItemFO.png</texturefocus>
						<texturenofocus>MenuItemNF.png</texturenofocus>
					</control>
					<control type="radiobutton" id="202">
						<description>Enable Music Info</description>
						<width>750</width>
						<height>40</height>
						<font>font13</font>
						<textcolor>grey2</textcolor>
						<focusedcolor>white</focusedcolor>
						<label>20083</label>
						<onclick>Skin.ToggleSetting(HomePageMusicInfo)</onclick>
						<selected>!Skin.HasSetting(HomePageMusicInfo)</selected>
						<texturefocus>MenuItemFO.png</texturefocus>
						<texturenofocus>MenuItemNF.png</texturenofocus>
					</control>
					<control type="radiobutton" id="203">
						<description>Enable FullScreen Clock</description>
						<width>750</width>
						<height>40</height>
						<font>font13</font>
						<textcolor>grey2</textcolor>
						<focusedcolor>white</focusedcolor>
						<label>89501</label>
						<onclick>Skin.ToggleSetting(FullScreenClock)</onclick>
						<selected>Skin.HasSetting(FullScreenClock)</selected>
						<texturefocus>MenuItemFO.png</texturefocus>
						<texturenofocus>MenuItemNF.png</texturenofocus>
					</control>
					<control type="radiobutton" id="204">
						<description>Enable SlideShow Info</description>
						<width>750</width>
						<height>40</height>
						<font>font13</font>
						<textcolor>grey2</textcolor>
						<focusedcolor>white</focusedcolor>
						<label>89502</label>
						<onclick>Skin.ToggleSetting(SlideShowInfo)</onclick>
						<selected>Skin.HasSetting(SlideShowInfo)</selected>
						<texturefocus>MenuItemFO.png</texturefocus>
						<texturenofocus>MenuItemNF.png</texturenofocus>
					</control>
					<control type="radiobutton" id="205">
						<description>Enable Weather Info</description>
						<width>750</width>
						<height>40</height>
						<font>font13</font>
						<textcolor>grey2</textcolor>
						<focusedcolor>white</focusedcolor>
						<label>20084</label>
						<onclick>Skin.ToggleSetting(HomePageWeatherInfo)</onclick>
						<selected>Skin.HasSetting(HomePageWeatherInfo)</selected>
						<texturefocus>MenuItemFO.png</texturefocus>
						<texturenofocus>MenuItemNF.png</texturenofocus>
						<visible>!IsEmpty(Weather.Plugin)</visible>
                        <enable>Skin.HasSetting(NoLogo)</enable>
					</control>
					<control type="radiobutton" id="206">
						<description>Hide KODI logo in Home</description>
						<width>750</width>
						<height>40</height>
						<font>font13</font>
						<textcolor>grey2</textcolor>
						<focusedcolor>white</focusedcolor>
						<label>31113</label>
						<onclick>Skin.ToggleSetting(NoLogo)</onclick>
						<selected>!Skin.HasSetting(NoLogo)</selected>
						<texturefocus>MenuItemFO.png</texturefocus>
						<texturenofocus>MenuItemNF.png</texturenofocus>
                        <enable>!Skin.HasSetting(HomePageWeatherInfo)</enable>
					</control>
					<control type="radiobutton" id="207">
						<description>No Player panel</description>
						<width>750</width>
						<height>40</height>
						<font>font13</font>
						<textcolor>grey2</textcolor>
						<focusedcolor>white</focusedcolor>
						<label>$LOCALIZE[88077]</label>
						<onclick>Skin.ToggleSetting(HidePlayerPanel)</onclick>
						<selected>!Skin.HasSetting(HidePlayerPanel)</selected>
						<texturefocus>MenuItemFO.png</texturefocus>
						<texturenofocus>MenuItemNF.png</texturenofocus>
					</control>
					<control type="radiobutton" id="208">
						<description>Enable Stats Bar</description>
						<width>750</width>
						<height>40</height>
						<font>font13</font>
						<textcolor>grey2</textcolor>
						<focusedcolor>white</focusedcolor>
						<label>$LOCALIZE[88071]</label>
						<onclick>Skin.ToggleSetting(EnableHomeStats)</onclick>
						<selected>Skin.HasSetting(EnableHomeStats)</selected>
						<texturefocus>MenuItemFO.png</texturefocus>
						<texturenofocus>MenuItemNF.png</texturenofocus>
					</control>
					<control type="radiobutton" id="209">
						<description>No Floor Button</description>
						<width>750</width>
						<height>40</height>
						<font>font13</font>
						<textcolor>grey2</textcolor>
						<focusedcolor>white</focusedcolor>
						<label>$LOCALIZE[31111] $LOCALIZE[88075]</label>
						<onclick>Skin.ToggleSetting(NoFloor)</onclick>
						<selected>Skin.HasSetting(NoFloor)</selected>
						<texturefocus>MenuItemFO.png</texturefocus>
						<texturenofocus>MenuItemNF.png</texturenofocus>
					</control>
					<control type="radiobutton" id="210">
						<description>No Floor Everywhere Button</description>
						<width>750</width>
						<height>40</height>
						<font>font13</font>
						<textcolor>grey2</textcolor>
						<focusedcolor>white</focusedcolor>
						<label>$LOCALIZE[31111] $LOCALIZE[88076]</label>
						<onclick>Skin.ToggleSetting(NoFloorAll)</onclick>
						<selected>Skin.HasSetting(NoFloorAll)</selected>
						<texturefocus>MenuItemFO.png</texturefocus>
						<texturenofocus>MenuItemNF.png</texturenofocus>
					</control>
                    <control type="button" id="211">
                        <left>0</left>
						<top>45</top>
                        <width>750</width>
						<height>40</height>
						<font>font13</font>
                        <label>$LOCALIZE[31133]</label>
                        <label2>$VAR[WeatherIconsName]</label2>
                        <textcolor>grey2</textcolor>
                        <focusedcolor>white</focusedcolor>
                        <texturefocus>MenuItemFO.png</texturefocus>
                        <texturenofocus>MenuItemNF.png</texturenofocus>
                        <onclick>RunScript(script.image.resource.select,property=WeatherIcons&amp;type=resource.images.weathericons)</onclick>
                        <enable>System.HasAddon(script.image.resource.select)</enable>
                    </control>					
					<control type="label" id="212">
						<width>750</width>
						<height>45</height>
						<font>font13_title</font>
						<label>513</label>
						<textcolor>blue</textcolor>
						<shadowcolor>black</shadowcolor>
						<align>left</align>
						<aligny>center</aligny>
					</control>
                    <control type="button" id="213">
                        <width>750</width>
						<height>40</height>
						<font>font13</font>
                        <label>$ADDON[script.skinshortcuts 32071]</label>
                        <textcolor>grey2</textcolor>
                        <focusedcolor>white</focusedcolor>
                        <texturefocus>MenuItemFO.png</texturefocus>
                        <texturenofocus>MenuItemNF.png</texturenofocus>
                        <onclick>RunScript(script.skinshortcuts,type=manage&amp;group=mainmenu)</onclick>
                    </control>                    
					<control type="radiobutton" id="214">
						<description>Lower Menu Button</description>
						<width>750</width>
						<height>40</height>
						<font>font13</font>
						<textcolor>grey2</textcolor>
						<focusedcolor>white</focusedcolor>
						<label>13333</label>
						<onclick>Skin.ToggleSetting(LowerMenu)</onclick>
						<selected>Skin.HasSetting(LowerMenu)</selected>
						<texturefocus>MenuItemFO.png</texturefocus>
						<texturenofocus>MenuItemNF.png</texturenofocus>
					</control>
					<control type="radiobutton" id="215">
						<description>Enable Wrap Around Menu</description>
						<width>750</width>
						<height>40</height>
						<font>font13</font>
						<textcolor>grey2</textcolor>
						<focusedcolor>white</focusedcolor>
						<label>88086</label>
						<onclick>Skin.ToggleSetting(WrapAroundHomeMenu)</onclick>
						<onclick>Skin.Reset(FixedEndingMenu)</onclick>
						<selected>Skin.HasSetting(WrapAroundHomeMenu)</selected>
						<texturefocus>MenuItemFO.png</texturefocus>
						<texturenofocus>MenuItemNF.png</texturenofocus>
					</control>
					<control type="radiobutton" id="216">
						<description>Enable Fixed Ends Menu</description>
						<width>750</width>
						<height>40</height>
						<font>font13</font>
						<textcolor>grey2</textcolor>
						<focusedcolor>white</focusedcolor>
						<label>88087</label>
						<onclick>Skin.ToggleSetting(FixedEndingMenu)</onclick>
						<selected>!Skin.HasSetting(FixedEndingMenu)</selected>
                        <enable>!Skin.HasSetting(WrapAroundHomeMenu)</enable>
						<texturefocus>MenuItemFO.png</texturefocus>
						<texturenofocus>MenuItemNF.png</texturenofocus>						
					</control>					
					<control type="radiobutton" id="217">
						<description>No Slide SubMenu</description>
						<width>750</width>
						<height>40</height>
						<font>font13</font>
						<textcolor>grey2</textcolor>
						<focusedcolor>white</focusedcolor>
						<label>88072</label>
						<onclick>Skin.ToggleSetting(NoSlide)</onclick>
						<selected>!Skin.HasSetting(NoSlide)</selected>
						<texturefocus>MenuItemFO.png</texturefocus>
						<texturenofocus>MenuItemNF.png</texturenofocus>
					</control>
					<control type="button" id="218">
						<description>MenuColor</description>
						<width>750</width>
						<height>40</height>
						<font>font13</font>
						<textcolor>grey2</textcolor>
						<focusedcolor>white</focusedcolor>
						<label>88081</label>
                        <label2>$VAR[MenuColorName]</label2>
						<onclick>ActivateWindow(2210)</onclick>
						<texturefocus>MenuItemFO.png</texturefocus>
						<texturenofocus>MenuItemNF.png</texturenofocus>
					</control>
					<control type="button" id="219">
						<description>Startup Focus Control</description>
						<width>750</width>
						<height>40</height>
						<font>font13</font>
						<textcolor>grey2</textcolor>
						<focusedcolor>white</focusedcolor>
						<label>88082</label>
						<label2>$VAR[MenuFocusName]</label2>
						<onclick>ActivateWindow(2211)</onclick>
						<texturefocus>MenuItemFO.png</texturefocus>
						<texturenofocus>MenuItemNF.png</texturenofocus>
					</control>
					<control type="label" id="220">
						<width>750</width>
						<height>45</height>
						<font>font13_title</font>
						<label>31200</label>
						<textcolor>blue</textcolor>
						<shadowcolor>black</shadowcolor>
						<align>left</align>
						<aligny>center</aligny>
					</control>
					<control type="radiobutton" id="221">
						<description>No Slide Addon</description>
						<width>750</width>
						<height>40</height>
						<font>font13</font>
						<textcolor>grey2</textcolor>
						<focusedcolor>white</focusedcolor>
						<label>88073</label>
						<onclick>Skin.ToggleSetting(NoSlideAddon)</onclick>
						<selected>!Skin.HasSetting(NoSlideAddon)</selected>
						<texturefocus>MenuItemFO.png</texturefocus>
						<texturenofocus>MenuItemNF.png</texturenofocus>
					</control>
					<control type="radiobutton" id="222">
						<description>No Label Addon</description>
						<width>750</width>
						<height>40</height>
						<font>font13</font>
						<textcolor>grey2</textcolor>
						<focusedcolor>white</focusedcolor>
						<label>$LOCALIZE[31111] $LOCALIZE[88074]</label>
						<onclick>Skin.ToggleSetting(NoLabelAddon)</onclick>
						<selected>Skin.HasSetting(NoLabelAddon)</selected>
						<texturefocus>MenuItemFO.png</texturefocus>
						<texturenofocus>MenuItemNF.png</texturenofocus>
					</control>
					<control type="label" id="230">
						<width>750</width>
						<height>45</height>
						<font>font13_title</font>
						<label>$LOCALIZE[88130]</label>
						<textcolor>blue</textcolor>
						<shadowcolor>black</shadowcolor>
						<align>left</align>
						<aligny>center</aligny>
					</control>
					<control type="button" id="231">
						<description>Widget Limit Items</description>
						<width>750</width>
						<height>40</height>
						<font>font13</font>
						<textcolor>grey2</textcolor>
						<focusedcolor>white</focusedcolor>
						<label>$LOCALIZE[90009]</label>
                        <label2>[COLOR=selected]$VAR[WidgetLimitItemsName][/COLOR]</label2>
                        <onclick condition="IsEmpty(Skin.String(WidgetLimitItems))">Skin.SetString(WidgetLimitItems,10,)</onclick>
						<onclick>Skin.SetNumeric(WidgetLimitItems)</onclick>                        
						<texturefocus>MenuItemFO.png</texturefocus>
						<texturenofocus>MenuItemNF.png</texturenofocus>
					</control>
					<control type="radiobutton" id="232">
						<description>No Widget Title</description>
						<width>750</width>
						<height>40</height>
						<font>font13</font>
						<textcolor>grey2</textcolor>
						<focusedcolor>white</focusedcolor>
						<label>$LOCALIZE[31111] $LOCALIZE[88090]</label>
						<onclick>Skin.ToggleSetting(EnableWidgetsTitle)</onclick>
						<selected>!Skin.HasSetting(EnableWidgetsTitle)</selected>
						<texturefocus>MenuItemFO.png</texturefocus>
						<texturenofocus>MenuItemNF.png</texturenofocus>
					</control>
					<control type="label" id="240">
						<width>750</width>
						<height>45</height>
						<font>font13_title</font>
						<label>$LOCALIZE[88089]</label>
						<textcolor>blue</textcolor>
						<shadowcolor>black</shadowcolor>
						<align>left</align>
						<aligny>center</aligny>
					</control>
                    <control type="button" id="241">
                        <width>750</width>
						<height>40</height>
						<font>font13</font>
                        <label>$LOCALIZE[90000]</label>
                        <textcolor>grey2</textcolor>
                        <focusedcolor>white</focusedcolor>
                        <texturefocus>MenuItemFO.png</texturefocus>
                        <texturenofocus>MenuItemNF.png</texturenofocus>
                        <onclick>RunScript(script.skinshortcuts,type=manage&amp;group=powermenu)</onclick>
                    </control>
					<control type="radiobutton" id="242">
						<description>Hide Power Button</description>
						<width>750</width>
						<height>40</height>
						<font>font13</font>
						<textcolor>grey2</textcolor>
						<focusedcolor>white</focusedcolor>
						<label>$LOCALIZE[31111] $LOCALIZE[88078]</label>
						<onclick>Skin.ToggleSetting(HidePowerButton)</onclick>
						<selected>Skin.HasSetting(HidePowerButton)</selected>
						<texturefocus>MenuItemFO.png</texturefocus>
						<texturenofocus>MenuItemNF.png</texturenofocus>
					</control>
                    <control type="button" id="243">
						<width>750</width>
						<height>40</height>
						<font>font13</font>
                        <textcolor>grey</textcolor>
						<focusedcolor>white</focusedcolor>
						<label>- $LOCALIZE[89708]</label>
						<label2>[COLOR=selected]$VAR[PowerButtonLabel][/COLOR]</label2>						
						<texturefocus>MenuItemFO.png</texturefocus>
						<texturenofocus>MenuItemNF.png</texturenofocus>
						<onclick>SetProperty(UsrSelectBtn,UsrPwrBtnCmd,Home)</onclick>
						<onclick>ActivateWindow(2119)</onclick>
                        <enable>!Skin.HasSetting(HidePowerButton)</enable>
					</control>
					<control type="radiobutton" id="244">
						<description>Hide Favorites Button</description>
						<width>750</width>
						<height>40</height>
						<font>font13</font>
						<textcolor>grey2</textcolor>
						<focusedcolor>white</focusedcolor>
						<label>$LOCALIZE[31111] $LOCALIZE[88079]</label>
						<onclick>Skin.ToggleSetting(HideFavoritesButton)</onclick>
						<selected>Skin.HasSetting(HideFavoritesButton)</selected>
						<texturefocus>MenuItemFO.png</texturefocus>
						<texturenofocus>MenuItemNF.png</texturenofocus>
					</control>
                    <control type="button" id="245">
						<width>750</width>
						<height>40</height>
						<font>font13</font>
                        <textcolor>grey</textcolor>
						<focusedcolor>white</focusedcolor>
						<label>- $LOCALIZE[89708]</label>
						<label2>[COLOR=selected]$VAR[FavoritesButtonLabel][/COLOR]</label2>						
						<texturefocus>MenuItemFO.png</texturefocus>
						<texturenofocus>MenuItemNF.png</texturenofocus>
						<onclick>SetProperty(UsrSelectBtn,UsrFavBtnCmd,Home)</onclick>
						<onclick>ActivateWindow(2119)</onclick>
                        <enable>!Skin.HasSetting(HideFavoritesButton)</enable>
					</control>
                    <control type="label" id="246">
						<width>750</width>
						<height>45</height>
						<font>font13_title</font>
						<label>$LOCALIZE[88118]</label>
						<textcolor>blue</textcolor>
						<shadowcolor>black</shadowcolor>
						<align>left</align>
						<aligny>center</aligny>
					</control>
                    <control type="radiobutton" id="247">
						<description>Hide Favorites Button</description>
						<width>750</width>
						<height>40</height>
						<font>font13</font>
						<textcolor>grey2</textcolor>
						<focusedcolor>white</focusedcolor>
						<label>$LOCALIZE[88119]</label>
						<onclick>Skin.ToggleSetting(EnableSkinDebug)</onclick>
						<selected>Skin.HasSetting(EnableSkinDebug)</selected>
                        <onclick>Skin.ToggleDebug</onclick>
						<texturefocus>MenuItemFO.png</texturefocus>
						<texturenofocus>MenuItemNF.png</texturenofocus>
					</control>
				</control>
				<control type="scrollbar" id="62">
					<left>1060</left>
					<top>60</top>
					<width>25</width>
					<height>530</height>
					<texturesliderbackground border="0,14,0,14">ScrollBarV.png</texturesliderbackground>
					<texturesliderbar border="0,14,0,14">ScrollBarV_bar.png</texturesliderbar>
					<texturesliderbarfocus border="0,14,0,14">ScrollBarV_bar_focus.png</texturesliderbarfocus>
					<textureslidernib>ScrollBarNib.png</textureslidernib>
					<textureslidernibfocus>ScrollBarNib.png</textureslidernibfocus>
					<onleft>9002</onleft>
					<onright>9000</onright>
					<showonepage>false</showonepage>
					<orientation>vertical</orientation>
					<visible>Container(9000).Hasfocus(2)</visible>
				</control>
                <!-- Background -->
				<control type="grouplist" id="9003">
					<visible>Container(9000).Hasfocus(3)</visible>
					<left>290</left>
					<top>60</top>
					<width>750</width>
					<height>530</height>
					<itemgap>-1</itemgap>
					<pagecontrol>63</pagecontrol>
					<onleft>9000</onleft>
					<onright>63</onright>
					<onup>9003</onup>
					<ondown>9003</ondown>
					<control type="label" id="300">
						<width>750</width>
						<height>45</height>
						<font>font13_title</font>
						<label>31106</label>
						<textcolor>blue</textcolor>
						<shadowcolor>black</shadowcolor>
						<align>left</align>
						<aligny>center</aligny>
					</control>
					<control type="radiobutton" id="301">
						<width>750</width>
						<height>40</height>
						<font>font13</font>
						<label>31119</label>
						<textcolor>grey2</textcolor>
						<focusedcolor>white</focusedcolor>
						<texturefocus>MenuItemFO.png</texturefocus>
						<texturenofocus>MenuItemNF.png</texturenofocus>
						<onclick>Skin.ToggleSetting(HideBackGroundFanart)</onclick>
						<selected>Skin.HasSetting(HideBackGroundFanart)</selected>
					</control>
					<control type="radiobutton" id="302">
						<width>750</width>
						<height>40</height>
						<font>font13</font>
						<label>31129</label>
						<textcolor>grey2</textcolor>
						<focusedcolor>white</focusedcolor>
						<texturefocus>MenuItemFO.png</texturefocus>
						<texturenofocus>MenuItemNF.png</texturenofocus>
						<onclick>Skin.ToggleSetting(HideVisualizationFanart)</onclick>
						<selected>Skin.HasSetting(HideVisualizationFanart)</selected>
					</control>
					<control type="radiobutton" id="303">
						<width>750</width>
						<height>40</height>
						<font>font13</font>
						<label>31124</label>
						<textcolor>grey2</textcolor>
						<focusedcolor>white</focusedcolor>
						<texturefocus>MenuItemFO.png</texturefocus>
						<texturenofocus>MenuItemNF.png</texturenofocus>
						<onclick>Skin.ToggleSetting(ShowBackgroundVideo)</onclick>
						<selected>!Skin.HasSetting(ShowBackgroundVideo)</selected>
					</control>
					<control type="radiobutton" id="304">
						<width>750</width>
						<height>40</height>
						<font>font13</font>
						<label>31125</label>
						<textcolor>grey2</textcolor>
						<focusedcolor>white</focusedcolor>
						<texturefocus>MenuItemFO.png</texturefocus>
						<texturenofocus>MenuItemNF.png</texturenofocus>
						<onclick>Skin.ToggleSetting(ShowBackgroundVis)</onclick>
						<selected>!Skin.HasSetting(ShowBackgroundVis)</selected>
					</control>
                    <control type="button" id="305">
                        <width>750</width>
						<height>40</height>
						<font>font13</font>
                        <label>31130</label>
                        <label2>$VAR[WeatherFanartName]</label2>
                        <textcolor>grey2</textcolor>
                        <focusedcolor>white</focusedcolor>
                        <texturefocus>MenuItemFO.png</texturefocus>
                        <texturenofocus>MenuItemNF.png</texturenofocus>
                        <onclick>RunScript(script.image.resource.select,property=WeatherFanart&amp;type=resource.images.weatherfanart)</onclick>
                        <enable>System.HasAddon(script.image.resource.select)</enable>
                    </control>
					<control type="label" id="306">
						<width>750</width>
						<height>45</height>
						<font>font13_title</font>
						<label>31102</label>
						<textcolor>blue</textcolor>
						<shadowcolor>black</shadowcolor>
						<align>left</align>
						<aligny>center</aligny>
					</control>
					<control type="radiobutton" id="307">
						<width>750</width>
						<height>40</height>
						<font>font13</font>
						<label>89709</label>
						<textcolor>grey2</textcolor>
						<focusedcolor>white</focusedcolor>
						<texturefocus>MenuItemFO.png</texturefocus>
						<texturenofocus>MenuItemNF.png</texturenofocus>
						<onclick>Skin.ToggleSetting(SeparateBackground)</onclick>
						<selected>Skin.HasSetting(SeparateBackground)</selected>
						<enable>!Skin.HasSetting(UseCustomBackground)</enable>
					</control>
                    <control type="button" id="308">
						<width>750</width>
						<height>40</height>
						<font>font13</font>
                        <label>31131</label>
                        <label2>$VAR[HomeFanartName]</label2>
                        <textcolor>grey2</textcolor>
                        <focusedcolor>white</focusedcolor>
                        <texturefocus>MenuItemFO.png</texturefocus>
                        <texturenofocus>MenuItemNF.png</texturenofocus>
                        <onclick>RunScript(script.image.resource.select,property=HomeFanart&amp;type=resource.images.skinbackgrounds)</onclick>
                        <enable>System.HasAddon(script.image.resource.select)+Skin.HasSetting(SeparateBackground)</enable>
                    </control>
					<control type="radiobutton" id="309">
						<width>750</width>
						<height>40</height>
						<font>font13</font>
						<label>31109</label>
						<textcolor>grey2</textcolor>
						<focusedcolor>white</focusedcolor>
						<texturefocus>MenuItemFO.png</texturefocus>
						<texturenofocus>MenuItemNF.png</texturenofocus>
						<onclick>Skin.ToggleSetting(UseCustomBackground)</onclick>
						<selected>Skin.HasSetting(UseCustomBackground)</selected>
						<enable>!Skin.HasSetting(SeparateBackground)</enable>
					</control>
					<control type="button" id="310">
						<width>750</width>
						<height>40</height>
						<font>font13</font>
						<label>- $LOCALIZE[31110]</label>
						<label2>[COLOR=selected]$INFO[Skin.String(CustomBackgroundPath)][/COLOR]</label2>
						<textcolor>grey2</textcolor>
						<focusedcolor>white</focusedcolor>
						<texturefocus>MenuItemFO.png</texturefocus>
						<texturenofocus>MenuItemNF.png</texturenofocus>
						<onclick>Skin.SetImage(CustomBackgroundPath)</onclick>
						<enable>Skin.HasSetting(UseCustomBackground)</enable>
					</control>
				</control>
				<control type="scrollbar" id="63">
					<left>1060</left>
					<top>60</top>
					<width>25</width>
					<height>530</height>
					<texturesliderbackground border="0,14,0,14">ScrollBarV.png</texturesliderbackground>
					<texturesliderbar border="0,14,0,14">ScrollBarV_bar.png</texturesliderbar>
					<texturesliderbarfocus border="0,14,0,14">ScrollBarV_bar_focus.png</texturesliderbarfocus>
					<textureslidernib>ScrollBarNib.png</textureslidernib>
					<textureslidernibfocus>ScrollBarNib.png</textureslidernibfocus>
					<onleft>9003</onleft>
					<onright>9000</onright>
					<showonepage>false</showonepage>
					<orientation>vertical</orientation>
					<visible>Container(9000).Hasfocus(3)</visible>
				</control>
                <!-- Reset -->
     			<control type="grouplist" id="9004">
					<visible>Container(9000).Hasfocus(4)</visible>
					<left>290</left>
					<top>60</top>
					<width>750</width>
					<height>530</height>
					<itemgap>-1</itemgap>
					<pagecontrol>-</pagecontrol>
					<onleft>9000</onleft>
					<onright>9000</onright>
					<onup>9004</onup>
					<ondown>9004</ondown>
                    <control type="label" id="400">
						<width>750</width>
						<height>45</height>
						<font>font13_title</font>
						<label>10035</label>
						<textcolor>blue</textcolor>
						<shadowcolor>black</shadowcolor>
						<align>left</align>
						<aligny>center</aligny>
					</control>
                    <control type="button" id="401">
                        <width>750</width>
						<height>40</height>
						<font>font13</font>
                        <label>10045</label>
                        <textcolor>grey2</textcolor>
                        <focusedcolor>white</focusedcolor>
                        <texturefocus>MenuItemFO.png</texturefocus>
                        <texturenofocus>MenuItemNF.png</texturenofocus>
                        <onclick>RunScript(script.skin.helper.service,action=reset)</onclick>
                    </control>
                    <control type="button" id="402">
                        <width>750</width>
						<height>40</height>
						<font>font13</font>
                        <label>$ADDON[script.skinshortcuts 32037]</label>
                        <textcolor>grey2</textcolor>
                        <focusedcolor>white</focusedcolor>
                        <texturefocus>MenuItemFO.png</texturefocus>
                        <texturenofocus>MenuItemNF.png</texturenofocus>
                        <onclick>RunScript(script.skinshortcuts,type=resetall)</onclick>
                    </control>
                    <control type="label" id="403">
						<width>750</width>
						<height>45</height>
						<font>font13_title</font>
						<label>90020</label>
						<textcolor>blue</textcolor>
						<shadowcolor>black</shadowcolor>
						<align>left</align>
						<aligny>center</aligny>
					</control>
                    <control type="button" id="404">
                        <width>750</width>
						<height>40</height>
						<font>font13</font>
                        <label>90021</label>
                        <textcolor>grey2</textcolor>
                        <focusedcolor>white</focusedcolor>
                        <texturefocus>MenuItemFO.png</texturefocus>
                        <texturenofocus>MenuItemNF.png</texturenofocus>
                        <onclick>RunScript(script.skin.helper.service,action=backup)</onclick>
                    </control>
                    <control type="button" id="405">
                        <width>750</width>
						<height>40</height>
						<font>font13</font>
                        <label>90022</label>
                        <textcolor>grey2</textcolor>
                        <focusedcolor>white</focusedcolor>
                        <texturefocus>MenuItemFO.png</texturefocus>
                        <texturenofocus>MenuItemNF.png</texturenofocus>
                        <onclick>RunScript(script.skin.helper.service,action=restore)</onclick>
                    </control>
                </control>
			</control>
		</control>
		<include>CommonNowPlaying</include>
		<include>MainWindowMouseButtons</include>
		<include>BehindDialogFadeOut</include>
	</controls>
</window>
