﻿<?xml version="1.0" encoding="UTF-8" standalone="yes"?>
	<addon id="script.skin.helper.skinbackup" name="Skin Helper Service Skin Backup" version="1.0.20.018" provider-name="marcelveldt, YLLOW_DRAGON">
	<requires>
		<import addon="xbmc.python" version="2.13.0"/>
		<import addon="xbmc.addon" version="12.0.0"/>
	</requires>
	<extension point="xbmc.python.script" library="default.py" />
	<extension library="service.py" point="xbmc.service" start="login" />
	<extension point="xbmc.addon.metadata">
		<summary lang="en_GB">Helper service for Kodi skins (Backup)</summary>
		<summary lang="ru_RU">Сервис помощник для KODI обложек (Резерное копирование)</summary>
		<summary lang="uk_UA">Сервіс помічник для KODI обкладинок (Резервне копіювання)</summary>
		<description lang="en_GB">Helper service for Kodi skins (Backup)</description>
		<description lang="ru_RU">Сервис помощник для KODI обложек (Резерное копирование)</description>
		<description lang="uk_UA">Сервіс помічник для KODI обкладинок (Резервне копіювання)</description>
		<language></language>
		<platform>all</platform>
		<license>GPL v2.0</license>
		<forum>http://forum.kodi.tv/showthread.php?tid=235676</forum>
		<website></website>
		<email>nkvoronov@gmail.com</email>
		<source>https://github.com/nkvoronov/script.skin.helper.skinbackup.git</source>
	</extension>
</addon>