<?xml version="1.0" encoding="UTF-8"?>
<window>
	<defaultcontrol always="true">50</defaultcontrol>
	<backgroundcolor>$VAR[BackgroundColorVar]</backgroundcolor>
	<views>50,52,53,54,55,500</views>
	<menucontrol>9000</menucontrol>	
	<onload>SetProperty(fanarthometype,pictures,Home)</onload>
	<onload condition="String.IsEmpty(Window(Home).Property(homebackground))">SetProperty(homebackground,$VAR[BackgroundPicturesVar],Home)</onload>
	<controls>
		<include content="DefaultBackground">
			<param name="fanart_media" value="$VAR[MediaFanartVar]" />
		</include>
		<control type="group">
			<animation effect="fade" start="100" end="0" time="200" tween="sine" condition="$EXP[infodialog_active]">Conditional</animation>
			<include>View_50_List</include>
			<include>View_52_IconWall</include>
			<include>View_53_Shift</include>
			<control type="group">
				<left>50</left>
				<include>View_54_InfoWall</include>
			</control>
			<include>View_55_WideList</include>
			<include>View_500_Wall</include>
			<control type="group">
				<include>OpenClose_Left</include>
				<visible>Control.IsVisible(55)</visible>
				<include>Visible_Left</include>
				<include>ListThumbInfoPanelA</include>
			</control>
			<control type="group">
				<include>OpenClose_Left</include>
				<visible>Control.Isvisible(54)</visible>
				<include>Visible_Left</include>
				<include>ListThumbInfoPanelB</include>
			</control>
			<control type="group">
				<include>OpenClose_Left</include>
				<visible>Control.IsVisible(50) | Control.IsVisible(55)</visible>
				<include>Visible_Left</include>
				<include>ListThumbInfoPanelA</include>
			</control>
			<include content="TopBar">
				<param name="breadcrumbs_label" value="$LOCALIZE[1213]" />
			</include>
			<include content="BottomBar">
				<param name="info_visible" value="true" />
			</include>
			<include>CommonAlphabet</include>
			<include>CommonScrollbars</include>
			<include>MediaMenuMouseOverlay</include>
			<control type="group">
				<include>MediaMenuCommon</include>
				<control type="grouplist" id="9000">
					<top>50</top>
					<include>MediaMenuListCommon</include>
					<control type="label" id="203">
						<description>Actions</description>
						<include>MediaMenuLabelCommon</include>
						<label>$LOCALIZE[31020]</label>
					</control>
					<control type="button" id="6">
						<label>$LOCALIZE[13317]</label>
						<include>MediaMenuItemsCommon</include>
					</control>
					<control type="button" id="7">
						<label>$LOCALIZE[13318]</label>
						<include>MediaMenuItemsCommon</include>
					</control>
					<control type="radiobutton" id="9">
						<label>$LOCALIZE[13319]</label>
						<include>MediaMenuItemsCommon</include>
					</control>
					<control type="button" id="624">
						<include>MediaMenuItemsCommon</include>
						<label>$LOCALIZE[10140]</label>
						<onclick>Addon.OpenSettings($INFO[Container.PluginName])</onclick>
						<visible>!String.IsEmpty(Container.PluginName)</visible>
					</control>
					<control type="button" id="621">
						<description>Get more</description>
						<include>MediaMenuItemsCommon</include>
						<label>$LOCALIZE[21452]</label>
						<onclick>ActivateWindow(addonbrowser,addons://more/image/,return)</onclick>
						<visible>Container.Content(addons)</visible>
					</control>
					<include>MediaMenuNowPlaying</include>
				</control>
			</control>
		</control>
	</controls>
</window>
