<?xml version="1.0" encoding="UTF-8"?>
<window>
	<defaultcontrol always="true">15100</defaultcontrol>
	<backgroundcolor>$VAR[BackgroundColorVar]</backgroundcolor>
	<menucontrol>10000</menucontrol>
	<onload>SetProperty(fanarthometype,weather,Home)</onload>
	<onload condition="String.IsEmpty(Window(Home).Property(homebackground))">SetProperty(homebackground,$VAR[BackgroundWeatherVar],Home)</onload>
	<controls>
		<control type="button" id="20000">
			<include>HiddenObject</include>
			<animation effect="fade" time="300" start="100" end="0">Focus</animation>
			<onfocus>SetFocus(2000)</onfocus>
			<onclick>noop</onclick>
			<visible allowhiddenfocus="true">Control.HasFocus(20000)</visible>
		</control>
		<control type="button" id="20001">
			<include>HiddenObject</include>
			<animation effect="fade" time="300" start="100" end="0">Focus</animation>
			<onfocus>SetFocus(2000)</onfocus>
			<onclick>noop</onclick>
			<visible allowhiddenfocus="true">Control.HasFocus(20001)</visible>
		</control>
		<control type="button" id="10000">
			<include>HiddenObject</include>
			<onfocus>ActivateWindow(servicesettings,weather)</onfocus>
			<onclick>noop</onclick>
		</control>
		<include content="DefaultBackground">
			<param name="fanart_media" value="$VAR[WeatherFanartVar]" />
		</include>
		<control type="grouplist" id="2000">
			<orientation>vertical</orientation>
			<top>0</top>
			<height>100%</height>
			<left>0</left>
			<ondown>20001</ondown>
			<usecontrolcoords>true</usecontrolcoords>
			<animation type="Conditional" condition="Control.IsVisible(20000)" reversible="false">
				<effect type="slide" end="0,20" time="60" tween="sine" />
				<effect type="slide" end="0,-20" time="180" tween="sine" delay="80" />
			</animation>
			<animation type="Conditional" condition="Control.IsVisible(20001)" reversible="false">
				<effect type="slide" end="0,-20" time="60" tween="sine" />
				<effect type="slide" end="0,20" time="180" tween="sine" delay="80" />
			</animation>
			<scrolltime tween="cubic" easing="out">500</scrolltime>
			<include>OpenClose_Right</include>
			<itemgap>-160</itemgap>
			<control type="group" id="567">
				<description>Weather Info</description>
				<height>410</height>
				<left>22</left>
				<control type="image">
					<left>2.5%</left>
					<top>100</top>
					<width>94%</width>
					<height>220</height>
					<texture border="21">dialogs/dialog-bg.png</texture>
				</control>
				<control type="label">
					<top>310</top>
					<left>10%</left>
					<width>80%</width>
					<align>center</align>
					<height>44</height>
					<shadowcolor>$VAR[TextShadowColorVar]</shadowcolor>
					<label>$LOCALIZE[31154]</label>
					<visible>Control.HasFocus(20)</visible>
					<animation effect="fade" time="400">VisibleChange</animation>
				</control>
				<control type="button" id="20">
					<left>2.5%</left>
					<top>100</top>
					<width>94%</width>
					<height>220</height>
					<align>center</align>
					<aligny>center</aligny>
					<textoffsetx>40</textoffsetx>
					<textoffsety>0</textoffsety>
					<texturefocus border="40" colordiffuse="$VAR[MainColorVar]">buttons/button-fo.png</texturefocus>
					<texturenofocus />
					<onup>20000</onup>
					<ondown>15100</ondown>
					<font>font12</font>
					<onclick>Weather.LocationNext</onclick>
					<label />
				</control>
				<control type="grouplist">
					<top>154</top>
					<left>90</left>
					<align>left</align>
					<itemgap>-90</itemgap>
					<orientation>horizontal</orientation>
					<include content="WeatherIcon">
						<param name="label" value="Window(weather).Property(Current.Wind)" />
						<param name="texture" value="icons/weather/wind.png" />
						<param name="header" value="$LOCALIZE[404]" />
					</include>
					<include content="WeatherIcon">
						<param name="label" value="Window(weather).Property(Current.Humidity)" />
						<param name="texture" value="icons/weather/humidity.png" />
						<param name="header" value="$LOCALIZE[406]" />
					</include>
					<include content="WeatherIcon">
						<param name="label" value="Window(weather).Property(Current.Precipitation)" />
						<param name="texture" value="icons/weather/rain.png" />
						<param name="header" value="$LOCALIZE[33021]" />
					</include>
					<include content="WeatherIcon">
						<param name="label" value="Window(weather).Property(Today.Sunrise)" />
						<param name="texture" value="icons/weather/sunrise.png" />
						<param name="header" value="$LOCALIZE[405]" />
					</include>
					<include content="WeatherIcon">
						<param name="label" value="Window(weather).Property(Today.Sunset)" />
						<param name="texture" value="icons/weather/sunset.png" />
						<param name="header" value="$LOCALIZE[403]" />
					</include>
					<include content="WeatherIcons">
						<param name="left" value="0" />
						<param name="top" value="-5" />
						<param name="width" value="130" />
						<param name="height" value="130" />
						<param name="image_1" value="$VAR[CurrentWeatherIconVar]" />
						<param name="image_multi" value="$VAR[CurrentWeatherIconVar]" />
					</include>
				</control>
				<control type="group">
					<top>160</top>
					<left>1150</left>
					<width>430</width>
					<visible>Weather.IsFetched</visible>
					<control type="label">
						<top>10</top>
						<align>left</align>
						<label>[I]$LOCALIZE[402]: $INFO[Window(weather).Property(Current.FeelsLike)]$INFO[System.TemperatureUnits][/I]</label>
						<font>font14</font>
						<scroll>true</scroll>
					</control>
					<control type="label">
						<top>50</top>
						<align>left</align>
						<label>$INFO[Weather.Conditions]</label>
						<font>font14</font>
						<scroll>true</scroll>
					</control>
				</control>
				<control type="group">
					<top>160</top>
					<width>450</width>
					<right>105</right>
					<visible>Weather.IsFetched</visible>
					<control type="label">
						<top>40</top>
						<aligny>center</aligny>
						<height>24</height>
						<align>right</align>
						<font>WeatherTemp</font>
						<label>$INFO[Weather.Temperature]</label>
						<scroll>true</scroll>
					</control>
				</control>
			</control>
			<include content="Widget-Weather">
				<param name="content_include" value="Widget-DailyItems" />
				<param name="list_id" value="15100" />
				<param name="widget_header" value="$LOCALIZE[31019]"/>
				<param name="visible" value="!String.IsEmpty(Window(weather).Property(Daily.IsFetched))" />
				<param name="width" value="258" />
			</include>
			<include content="Widget-Weather">
				<param name="content_include" value="Widget-HourlyItems" />
				<param name="list_id" value="15200" />
				<param name="widget_header" value="$LOCALIZE[33036]"/>
				<param name="visible" value="!String.IsEmpty(Window(weather).Property(Hourly.IsFetched))" />
				<param name="width" value="258" />
			</include>
			<include content="Widget-WeatherMapItem">
				<param name="item_id" value="1" />
				<param name="onup_id" value="15100" />
				<param name="ondown_id" value="70020" />
			</include>
			<include content="Widget-WeatherMapItem">
				<param name="item_id" value="2" />
				<param name="onup_id" value="70010" />
				<param name="ondown_id" value="70030" />
			</include>
			<include content="Widget-WeatherMapItem">
				<param name="item_id" value="3" />
				<param name="onup_id" value="70020" />
				<param name="ondown_id" value="70040" />
			</include>
			<include content="Widget-WeatherMapItem">
				<param name="item_id" value="4" />
				<param name="onup_id" value="70030" />
				<param name="ondown_id" value="70050" />
			</include>
			<include content="Widget-WeatherMapItem">
				<param name="item_id" value="5" />
				<param name="onup_id" value="70040" />
				<param name="ondown_id" value="20001" />
			</include>
		</control>
		<include content="TopBar">
			<param name="breadcrumbs_label" value="$LOCALIZE[8]$INFO[Window(Weather).Property(Location), / ]" />
			<param name="sublabel" value="$INFO[Window(weather).Property(WeatherProvider)]" />
		</include>
		<include>BottomBar</include>
	</controls>
</window>
