<?xml version="1.0" encoding="utf-8"?>
<window type="dialog" id="2140">
	<defaultcontrol always="true">10</defaultcontrol>
	<coordinates>
		<system>1</system>
		<left>310</left>
		<top>230</top>
	</coordinates>
	<include>dialogeffect</include>
	<controls>
		<include content="DialogYesNo">
			<param name="dialogheaderlabel" value="$LOCALIZE[10035]" />
			<param name="dialogtext" value="$LOCALIZE[10045]" />
			<param name="dialogincludeyes" value="DialogResetGeneral" />
		</include>
	</controls>
</window>