<?xml version="1.0" encoding="UTF-8" standalone="yes"?>
<addon id="script.skinshortcuts" name="Skin Shortcuts" version="1.0.19.028" provider-name="BigNoid, marcelveldt, YLLOW_DRAGON">
	<requires>
		<import addon="xbmc.python" version="2.20.0"/>
		<import addon="script.module.simplejson" version="3.3.0"/>
		<import addon="script.module.unidecode" version="0.4.14"/>
	</requires>
	<extension point="xbmc.python.library" library="default.py"/>
	<extension point="xbmc.addon.metadata">
		<news>Template improvements and bug fixes</news>
		<description lang="en_GB">Add-on for skins to provide simple managing and listing of user shortcuts (requires skin support)</description>
		<description lang="ru_RU">Дополнение для обложек, предоставляющее простой способ управления списками пользовательских ярлыков (требуется поддержка обложкой)</description>
		<description lang="uk_UA">Доповнення для обкладинок, надає простий спосіб управління списками ярликів користовуча (потрібна підтримка обкладинкою)</description>
		<language></language>
		<platform>all</platform>
		<license>GNU General Public License, v2</license>
		<forum>http://forum.xbmc.org/showthread.php?tid=178294</forum>
		<website></website>
		<email>nkvoronov@gmail.com</email>
		<source>https://github.com/nkvoronov/script.skinshortcuts.git</source>
		<assets>
			<icon>resources/icon.png</icon>
			<fanart>resources/fanart.jpg</fanart>
		</assets>
	</extension>
</addon>
