<?xml version="1.0" encoding="UTF-8" standalone="yes"?>
<addon id="script.module.simplecache" name="Simple Cache Module" version="1.0.12.004" provider-name="marcelveldt, YLLOW_DRAGON">
    <requires>
        <import addon="xbmc.python" version="2.24.0"/>
    </requires>
    <extension point="xbmc.python.module" library="lib" />
    <extension point="xbmc.addon.metadata">
        <summary lang="en_GB">Provides a simple file- and memory based cache for Kodi addons</summary>
        <summary lang="ru_RU">Предоставляет простой файл на основе кэш-памяти для KODI дополнений</summary>
        <description lang="en_GB">Provides a simple file- and memory based cache for Kodi addons</description>
        <description lang="ru_RU">Предоставляет простой файл на основе кэш-памяти для KODI дополнений</description>
        <license>Apache 2.0</license>
        <platform>all</platform>
        <email>nkvoronov@gmail.com</email>
		<source>https://github.com/nkvoronov/script.module.simplecache.git</source>
    </extension>
</addon>
