<?xml version="1.0" encoding="UTF-8"?>
<window>
	<defaultcontrol always="true">50</defaultcontrol>
	<backgroundcolor>background</backgroundcolor>
	<onload condition="String.IsEmpty(Window(home).Property(fanarthometype)) | ![String.IsEqual(window(home).Property(fanarthometype),livetv) | String.IsEqual(window(home).Property(fanarthometype),radio)]">SetProperty(fanarthometype,livetv,home)</onload>
	<onload condition="String.IsEmpty(Window(home).Property(homebackground)) | ![String.IsEqual(window(home).Property(fanarthometype),livetv) | String.IsEqual(window(home).Property(fanarthometype),radio)]">SetProperty(homebackground,$VAR[BackgroundLiveTVVar],home)</onload>
	<views>50,51,52,54</views>
	<menucontrol>9000</menucontrol>
	<controls>
		<include>DefaultBackground</include>
		<control type="group">
			<animation effect="fade" start="100" end="0" time="200" tween="sine" condition="$EXP[infodialog_active]">Conditional</animation>
			<control type="group">
				<include>OpenClose_Left</include>
				<control type="fixedlist" id="50">
					<left>0</left>
					<top>list_y_offset</top>
					<right>918</right>
					<bottom>list_y_offset</bottom>
					<movement>3</movement>
					<focusposition>5</focusposition>
					<scrolltime tween="cubic" easing="out">500</scrolltime>
					<orientation>vertical</orientation>
					<onleft>9000</onleft>
					<onright>73</onright>
					<onup>50</onup>
					<ondown>50</ondown>
					<viewtype label="44122">list</viewtype>
					<preloaditems>1</preloaditems>
					<pagecontrol>73</pagecontrol>
					<focusedlayout height="90">
						<control type="image">
							<left>0</left>
							<top>0</top>
							<right>0</right>
							<bottom>0</bottom>
							<texture colordiffuse="$VAR[MainColorVar]">lists/focus.png</texture>
							<visible>Control.hasFocus(50)</visible>
						</control>
						<control type="image">
							<right>20</right>
							<top>10</top>
							<width>80</width>
							<height>70</height>
							<aspectratio align="right">keep</aspectratio>
							<texture>$INFO[listitem.icon]</texture>
						</control>
						<control type="progress">
							<left>105</left>
							<top>58</top>
							<width>50</width>
							<height>12</height>
							<midtexture border="3">progress/texturebg_white.png</midtexture>
							<visible>ListItem.HasEpg</visible>
							<info>ListItem.Progress</info>
						</control>
						<control type="image">
							<right>110</right>
							<top>25</top>
							<width>40</width>
							<height>40</height>
							<texture>$VAR[PVRStatusImageVar]</texture>
						</control>
						<control type="label">
							<left>105</left>
							<top>8</top>
							<height>90</height>
							<right>120</right>
							<aligny>top</aligny>
							<font>font14</font>
							<animation effect="slide" start="0,0" end="0,14" time="0" condition="String.IsEmpty(ListItem.Title)">Conditional</animation>
							<label>$INFO[ListItem.Label]</label>
							<shadowcolor>text_shadow</shadowcolor>
						</control>
						<control type="label">
							<left>165</left>
							<top>46</top>
							<height>90</height>
							<right>120</right>
							<aligny>top</aligny>
							<font>font12</font>
							<label>$INFO[ListItem.Title]</label>
							<shadowcolor>text_shadow</shadowcolor>
						</control>
						<control type="label">
							<left>10</left>
							<top>0</top>
							<height>90</height>
							<width>82</width>
							<align>center</align>
							<aligny>center</aligny>
							<font>font32_title</font>
							<label>$INFO[ListItem.ChannelNumberLabel]</label>
							<shadowcolor>text_shadow</shadowcolor>
						</control>
					</focusedlayout>
					<itemlayout height="90">
						<control type="image">
							<right>20</right>
							<top>10</top>
							<width>80</width>
							<height>70</height>
							<aspectratio align="right">keep</aspectratio>
							<texture>$INFO[ListItem.Icon]</texture>
						</control>
						<control type="progress">
							<left>105</left>
							<top>58</top>
							<width>50</width>
							<height>12</height>
							<colordiffuse>88FFFFFF</colordiffuse>
							<visible>ListItem.HasEpg</visible>
							<info>ListItem.Progress</info>
						</control>
						<control type="image">
							<right>110</right>
							<top>25</top>
							<width>40</width>
							<height>40</height>
							<texture>$VAR[PVRStatusImageVar]</texture>
						</control>
						<control type="label">
							<left>105</left>
							<top>8</top>
							<height>90</height>
							<right>120</right>
							<aligny>top</aligny>
							<font>font14</font>
							<label>$INFO[ListItem.Label]</label>
							<animation effect="slide" start="0,0" end="0,14" time="0" condition="String.IsEmpty(ListItem.Title)">Conditional</animation>
							<shadowcolor>text_shadow</shadowcolor>
						</control>
						<control type="label">
							<left>165</left>
							<top>46</top>
							<height>90</height>
							<right>120</right>
							<aligny>top</aligny>
							<font>font12</font>
							<label>$INFO[ListItem.Title]</label>
							<shadowcolor>text_shadow</shadowcolor>
							<textcolor>grey</textcolor>
						</control>
						<control type="label">
							<left>10</left>
							<top>0</top>
							<height>90</height>
							<width>82</width>
							<align>center</align>
							<aligny>center</aligny>
							<font>font32_title</font>
							<label>$INFO[ListItem.ChannelNumberLabel]</label>
							<textcolor>grey</textcolor>
							<shadowcolor>text_shadow</shadowcolor>
						</control>
					</itemlayout>
				</control>
				<control type="fixedlist" id="51">
					<left>0</left>
					<top>list_y_offset</top>
					<right>920</right>
					<bottom>list_y_offset</bottom>
					<movement>4</movement>
					<focusposition>6</focusposition>
					<scrolltime tween="cubic" easing="out">500</scrolltime>
					<orientation>vertical</orientation>
					<onleft>9000</onleft>
					<onright>73</onright>
					<onup>51</onup>
					<ondown>51</ondown>
					<viewtype label="44123">list</viewtype>
					<preloaditems>1</preloaditems>
					<pagecontrol>73</pagecontrol>
					<focusedlayout height="70">
						<control type="image">
							<left>0</left>
							<top>0</top>
							<right>0</right>
							<bottom>0</bottom>
							<texture colordiffuse="$VAR[MainColorVar]">lists/focus.png</texture>
							<visible>Control.hasFocus(51)</visible>
						</control>
						<control type="progress">
							<right>10</right>
							<top>25</top>
							<width>50</width>
							<height>12</height>
							<colordiffuse>88FFFFFF</colordiffuse>
							<midtexture border="3">progress/texturebg_white.png</midtexture>
							<visible>ListItem.HasEpg + !ListItem.IsRecording</visible>
							<info>ListItem.Progress</info>
						</control>
						<control type="image">
							<right>15</right>
							<top>9</top>
							<width>40</width>
							<height>40</height>
							<texture>$VAR[PVRStatusImageVar]</texture>
						</control>
						<control type="label">
							<left>105</left>
							<top>0</top>
							<bottom>0</bottom>
							<right>90</right>
							<aligny>center</aligny>
							<label>$INFO[ListItem.Label]</label>
						</control>
						<control type="label">
							<left>320</left>
							<top>0</top>
							<bottom>0</bottom>
							<right>90</right>
							<aligny>center</aligny>
							<align>right</align>
							<label>$INFO[ListItem.Title]</label>
						</control>
						<control type="label">
							<left>10</left>
							<top>0</top>
							<bottom>0</bottom>
							<width>82</width>
							<align>center</align>
							<aligny>center</aligny>
							<font>font32_title</font>
							<label>$INFO[ListItem.ChannelNumberLabel]</label>
							<shadowcolor>text_shadow</shadowcolor>
						</control>
					</focusedlayout>
					<itemlayout height="70">
						<control type="progress">
							<right>10</right>
							<top>25</top>
							<width>50</width>
							<height>12</height>
							<colordiffuse>88FFFFFF</colordiffuse>
							<visible>ListItem.HasEpg + !ListItem.IsRecording</visible>
							<info>ListItem.Progress</info>
						</control>
						<control type="image">
							<right>15</right>
							<top>9</top>
							<width>40</width>
							<height>40</height>
							<texture>$VAR[PVRStatusImageVar]</texture>
						</control>
						<control type="label">
							<left>105</left>
							<top>0</top>
							<bottom>0</bottom>
							<right>90</right>
							<aligny>center</aligny>
							<label>$INFO[ListItem.Label]</label>
							<shadowcolor>text_shadow</shadowcolor>
						</control>
						<control type="label">
							<left>320</left>
							<top>0</top>
							<bottom>0</bottom>
							<right>90</right>
							<aligny>center</aligny>
							<align>right</align>
							<label>$INFO[ListItem.Title]</label>
							<shadowcolor>text_shadow</shadowcolor>
							<textcolor>grey</textcolor>
						</control>
						<control type="label">
							<left>10</left>
							<top>0</top>
							<bottom>0</bottom>
							<width>82</width>
							<align>center</align>
							<aligny>center</aligny>
							<font>font32_title</font>
							<label>$INFO[ListItem.ChannelNumberLabel]</label>
							<textcolor>grey</textcolor>
							<shadowcolor>text_shadow</shadowcolor>
						</control>
					</itemlayout>
				</control>
				<control type="panel" id="52">
					<left>50</left>
					<top>0</top>
					<width>98%</width>
					<height>100%</height>
					<onleft>9000</onleft>
					<onright>531</onright>
					<onup condition="Integer.IsGreater(Container.NumPages,1)">500</onup>
					<onup condition="!Integer.IsGreater(Container.NumPages,1)">9000</onup>
					<ondown>500</ondown>
					<viewtype label="31102">icon</viewtype>
					<preloaditems>2</preloaditems>
					<pagecontrol>531</pagecontrol>
					<scrolltime tween="cubic" easing="out">500</scrolltime>
					<itemlayout height="400" width="300">
						<control type="group">
							<top>150</top>
							<include content="InfoWallMusicLayout">
								<param name="fallback_image" value="DefaultTVShows.png" />
								<param name="main_label" value="[COLOR gray]$INFO[ListItem.Title][/COLOR]" />
								<param name="sub_label" value="[COLOR gray][B]$INFO[ListItem.ChannelNumberLabel][/B][/COLOR] $INFO[ListItem.Label]" />
								<param name="istwolabel" value="true" />
							</include>
						</control>
					</itemlayout>
					<focusedlayout height="400" width="300">
						<control type="group">
							<depth>DepthContentPopout</depth>
							<top>150</top>
							<animation effect="zoom" start="100" end="110" time="200" tween="sine" easing="inout" center="160,350">Focus</animation>
							<animation effect="zoom" start="110" end="100" time="200" tween="sine" easing="inout" center="160,350">UnFocus</animation>
							<include content="InfoWallMusicLayout">
								<param name="fallback_image" value="DefaultTVShows.png" />
								<param name="main_label" value="[COLOR gray]$INFO[ListItem.Title][/COLOR]" />
								<param name="sub_label" value="[COLOR gray][B]$INFO[ListItem.ChannelNumberLabel][/B][/COLOR] $INFO[ListItem.Label]" />
								<param name="istwolabel" value="true" />
								<param name="focused" value="true" />
							</include>
						</control>
					</focusedlayout>
				</control>
				<control type="panel" id="54">
					<left>910</left>
					<top>0</top>
					<right>15</right>
					<height>100%</height>
					<onleft>9000</onleft>
					<onright>531</onright>
					<onup condition="Integer.IsGreater(Container.NumPages,1)">54</onup>
					<onup condition="!Integer.IsGreater(Container.NumPages,1)">9000</onup>
					<ondown>54</ondown>
					<viewtype label="31101">icon</viewtype>
					<preloaditems>2</preloaditems>
					<pagecontrol>531</pagecontrol>
					<scrolltime tween="cubic" easing="out">500</scrolltime>
					<itemlayout height="410" width="310">
						<control type="group">
							<top>150</top>
							<left>40</left>
							<include content="InfoWallMusicLayout">
								<param name="fallback_image" value="DefaultTVShows.png" />
								<param name="main_label" value="[COLOR gray]$INFO[ListItem.Title][/COLOR]" />
								<param name="sub_label" value="[COLOR gray][B]$INFO[ListItem.ChannelNumberLabel][/B][/COLOR] $INFO[ListItem.Label]" />
								<param name="istwolabel" value="true" />
							</include>
						</control>
					</itemlayout>
					<focusedlayout height="410" width="310">
						<control type="group">
							<depth>DepthContentPopout</depth>
							<animation effect="zoom" start="100" end="115" time="200" tween="sine" easing="inout" center="200,350">Focus</animation>
							<animation effect="zoom" start="115" end="100" time="200" tween="sine" easing="inout" center="200,350">UnFocus</animation>
							<top>150</top>
							<left>40</left>
							<include content="InfoWallMusicLayout">
								<param name="fallback_image" value="DefaultTVShows.png" />
								<param name="main_label" value="[COLOR gray]$INFO[ListItem.Title][/COLOR]" />
								<param name="sub_label" value="[COLOR gray][B]$INFO[ListItem.ChannelNumberLabel][/B][/COLOR] $INFO[ListItem.Label]" />
								<param name="istwolabel" value="true" />
								<param name="focused" value="true" />
							</include>
						</control>
					</focusedlayout>
				</control>
			</control>
			<control type="group">
				<depth>DepthContentPanel</depth>
				<include>OpenClose_Right</include>
				<width>870</width>
				<right>0</right>
				<visible>Control.IsVisible(50) | Control.IsVisible(51)</visible>
				<include content="ContentPanel">
					<param name="left" value="-72" />
					<param name="width" value="970" />
					<param name="top" value="-20" />
					<param name="flipx" value="true" />
				</include>
				<control type="scrollbar" id="73">
					<left>-50</left>
					<top>list_y_offset</top>
					<width>12</width>
					<bottom>list_y_offset</bottom>
					<onleft>50</onleft>
					<onright>50</onright>
					<orientation>vertical</orientation>
					<animation effect="zoom" start="100,100" end="50,100" center="-50,0" time="300" tween="sine" easing="inout" condition="!Control.HasFocus(73)">conditional</animation>
				</control>
				<include>PVRInfoPanel</include>
			</control>
			<control type="group">
				<depth>DepthContentPanel</depth>
				<include>OpenClose_Left</include>
				<width>870</width>
				<left>30</left>
				<visible>Control.IsVisible(54)</visible>
				<include content="ContentPanel">
					<param name="left" value="-72" />
					<param name="width" value="970" />
					<param name="top" value="-20" />
					<param name="flipx" value="true" />
				</include>
				<include>PVRInfoPanel</include>
			</control>
			<control type="group">
				<right>0</right>
				<top>80</top>
				<width>60</width>
				<bottom>80</bottom>
				<control type="scrollbar" id="531">
					<right>0</right>
					<top>0</top>
					<bottom>0</bottom>
					<width>13</width>
					<onleft>50</onleft>
					<onright>50</onright>
					<orientation>vertical</orientation>
					<texturesliderbackground />
					<animation effect="fade" start="0" end="100" time="200" delay="300">Visible</animation>
					<animation effect="fade" start="100" end="0" time="200">Hidden</animation>
					<animation effect="slide" end="6,0" time="300" tween="sine" easing="inout" condition="!Control.HasFocus(531)">conditional</animation>
					<visible>Control.IsVisible(52) | Control.IsVisible(54)</visible>
					<hitrect x="-20" y="0" w="80" bottom="0r" />
				</control>
			</control>
			<include content="TopBar">
				<param name="breadcrumbs_label" value="$VAR[BreadcrumbsPVRChannelsVar]" />
			</include>
			<include content="BottomBar">
				<param name="info_visible" value="true" />
			</include>
			<control type="label">
				<right>20</right>
				<include>OpenClose_Right</include>
				<bottom>10</bottom>
				<width>850</width>
				<height>60</height>
				<visible>!String.IsEmpty(ListItem.NextTitle)</visible>
				<label>$LOCALIZE[19031]: $INFO[ListItem.NextStartTime,[COLOR grey],[/COLOR]]$INFO[ListItem.NextTitle,[COLOR white]. ,[/COLOR]]</label>
				<shadowcolor>black</shadowcolor>
				<align>right</align>
				<aligny>center</aligny>
				<wrapmultiline>true</wrapmultiline>
				<font>font27</font>
				<textcolor>$VAR[MainColorVar]</textcolor>
				<visible>Control.IsVisible(50) | Control.IsVisible(51)</visible>
			</control>
			<include>PVRChannelNumberInput</include>
			<include>MediaMenuMouseOverlay</include>
			<control type="group">
				<include>MediaMenuCommon</include>
				<include>PVRSideBar</include>
			</control>
		</control>
		<control type="label" id="29">
			<font></font>
			<include>HiddenObject</include>
		</control>
		<control type="label" id="30">
			<font></font>
			<include>HiddenObject</include>
		</control>
	</controls>
</window>
