﻿<?xml version="1.0" encoding="utf-8"?>
<includes>
    <!-- CustomWidgetsAddonsSettings -->
    <include name="HomeMainCustomWidgetsAddonsSettings">
        <!-- WidgetsAddonsEnable -->
        <control type="radiobutton" id="$PARAM[id1]00">
            <description>Flags</description>
            <width>1256</width>
            <include>DefaultSettingButton</include>
            <label>$PARAM[title]</label>
            <onclick>Skin.ToggleSetting($PARAM[flags])</onclick>
            <selected>Skin.HasSetting($PARAM[flags])</selected>
			<visible>$PARAM[visible]</visible>
        </control>
        <!-- WidgetsAddons01 -->
        <control type="button" id="$PARAM[id1]01">
            <label>- $LOCALIZE[24000] [B]1[/B]</label>
            <label2>[COLOR=selected]$INFO[Skin.String(AddonSet$PARAM[setadonnstype].0.Label)][/COLOR]</label2>
            <width>1256</width>
			<include>DefaultSettingButton</include>
			<include name="HomeMainCustomWidgetsSelectAddons">
                <param name="type" value="$PARAM[type]" />
                <param name="adonnstype" value="$PARAM[setadonnstype]" />
                <param name="id1" value="0" />
            </include>
            <visible>Skin.HasSetting($PARAM[flags])</visible>
			<visible>$PARAM[visible]</visible>
        </control>
        <!-- WidgetsAddons02 -->
        <control type="button" id="$PARAM[id1]02">
            <label>- $LOCALIZE[24000] [B]2[/B]</label>
            <label2>[COLOR=selected]$INFO[Skin.String(AddonSet$PARAM[setadonnstype].1.Label)][/COLOR]</label2>
            <width>1256</width>
			<include>DefaultSettingButton</include>
			<include name="HomeMainCustomWidgetsSelectAddons">
                <param name="type" value="$PARAM[type]" />
                <param name="adonnstype" value="$PARAM[setadonnstype]" />
                <param name="id1" value="1" />
            </include>
            <visible>Skin.HasSetting($PARAM[flags])</visible>
            <visible>!IsEmpty(Skin.String(AddonSet$PARAM[setadonnstype].0.Label))</visible>
			<visible>$PARAM[visible]</visible>
        </control>
        <!-- WidgetsAddons03 -->
        <control type="button" id="$PARAM[id1]03">
            <label>- $LOCALIZE[24000] [B]3[/B]</label>
            <label2>[COLOR=selected]$INFO[Skin.String(AddonSet$PARAM[setadonnstype].2.Label)][/COLOR]</label2>
            <width>1256</width>
			<include>DefaultSettingButton</include>
			<include name="HomeMainCustomWidgetsSelectAddons">
                <param name="type" value="$PARAM[type]" />
                <param name="adonnstype" value="$PARAM[setadonnstype]" />
                <param name="id1" value="2" />
            </include>
            <visible>Skin.HasSetting($PARAM[flags])</visible>
            <visible>!IsEmpty(Skin.String(AddonSet$PARAM[setadonnstype].1.Label))</visible>
			<visible>$PARAM[visible]</visible>
        </control>
        <!-- WidgetsAddons04 -->
        <control type="button" id="$PARAM[id1]04">
            <label>- $LOCALIZE[24000] [B]4[/B]</label>
            <label2>[COLOR=selected]$INFO[Skin.String(AddonSet$PARAM[setadonnstype].3.Label)][/COLOR]</label2>
            <width>1256</width>
			<include>DefaultSettingButton</include>
			<include name="HomeMainCustomWidgetsSelectAddons">
                <param name="type" value="$PARAM[type]" />
                <param name="adonnstype" value="$PARAM[setadonnstype]" />
                <param name="id1" value="3" />
            </include>
            <visible>Skin.HasSetting($PARAM[flags])</visible>
            <visible>!IsEmpty(Skin.String(AddonSet$PARAM[setadonnstype].2.Label))</visible>
			<visible>$PARAM[visible]</visible>
        </control>
        <!-- WidgetsAddons05 -->
        <control type="button" id="$PARAM[id1]05">
            <label>- $LOCALIZE[24000] [B]5[/B]</label>
            <label2>[COLOR=selected]$INFO[Skin.String(AddonSet$PARAM[setadonnstype].4.Label)][/COLOR]</label2>
            <width>1256</width>
			<include>DefaultSettingButton</include>
			<include name="HomeMainCustomWidgetsSelectAddons">
                <param name="type" value="$PARAM[type]" />
                <param name="adonnstype" value="$PARAM[setadonnstype]" />
                <param name="id1" value="4" />
            </include>
            <visible>Skin.HasSetting($PARAM[flags])</visible>
            <visible>!IsEmpty(Skin.String(AddonSet$PARAM[setadonnstype].3.Label))</visible>
			<visible>$PARAM[visible]</visible>
        </control>
        <!-- WidgetsAddons06 -->
        <control type="button" id="$PARAM[id1]06">
            <label>- $LOCALIZE[24000] [B]6[/B]</label>
            <label2>[COLOR=selected]$INFO[Skin.String(AddonSet$PARAM[setadonnstype].5.Label)][/COLOR]</label2>
            <width>1256</width>
			<include>DefaultSettingButton</include>
			<include name="HomeMainCustomWidgetsSelectAddons">
                <param name="type" value="$PARAM[type]" />
                <param name="adonnstype" value="$PARAM[setadonnstype]" />
                <param name="id1" value="5" />
            </include>
            <visible>Skin.HasSetting($PARAM[flags])</visible>
            <visible>!IsEmpty(Skin.String(AddonSet$PARAM[setadonnstype].4.Label))</visible>
			<visible>$PARAM[visible]</visible>
        </control>
        <!-- WidgetsAddons07 -->
        <control type="button" id="$PARAM[id1]07">
            <label>- $LOCALIZE[24000] [B]7[/B]</label>
            <label2>[COLOR=selected]$INFO[Skin.String(AddonSet$PARAM[setadonnstype].6.Label)][/COLOR]</label2>
            <width>1256</width>
			<include>DefaultSettingButton</include>
			<include name="HomeMainCustomWidgetsSelectAddons">
                <param name="type" value="$PARAM[type]" />
                <param name="adonnstype" value="$PARAM[setadonnstype]" />
                <param name="id1" value="6" />
            </include>
            <visible>Skin.HasSetting($PARAM[flags])</visible>
            <visible>!IsEmpty(Skin.String(AddonSet$PARAM[setadonnstype].5.Label))</visible>
			<visible>$PARAM[visible]</visible>
        </control>
        <!-- WidgetsAddons08 -->
        <control type="button" id="$PARAM[id1]08">
            <label>- $LOCALIZE[24000] [B]8[/B]</label>
            <label2>[COLOR=selected]$INFO[Skin.String(AddonSet$PARAM[setadonnstype].7.Label)][/COLOR]</label2>
            <width>1256</width>
			<include>DefaultSettingButton</include>
			<include name="HomeMainCustomWidgetsSelectAddons">
                <param name="type" value="$PARAM[type]" />
                <param name="adonnstype" value="$PARAM[setadonnstype]" />
                <param name="id1" value="7" />
            </include>
            <visible>Skin.HasSetting($PARAM[flags])</visible>
            <visible>!IsEmpty(Skin.String(AddonSet$PARAM[setadonnstype].6.Label))</visible>
			<visible>$PARAM[visible]</visible>
        </control>
        <!-- WidgetsAddons09 -->
        <control type="button" id="$PARAM[id1]09">
            <label>- $LOCALIZE[24000] [B]9[/B]</label>
            <label2>[COLOR=selected]$INFO[Skin.String(AddonSet$PARAM[setadonnstype].8.Label)][/COLOR]</label2>
            <width>1256</width>
			<include>DefaultSettingButton</include>
			<include name="HomeMainCustomWidgetsSelectAddons">
                <param name="type" value="$PARAM[type]" />
                <param name="adonnstype" value="$PARAM[setadonnstype]" />
                <param name="id1" value="8" />
            </include>
            <visible>Skin.HasSetting($PARAM[flags])</visible>
            <visible>!IsEmpty(Skin.String(AddonSet$PARAM[setadonnstype].7.Label))</visible>
			<visible>$PARAM[visible]</visible>
        </control>
        <!-- WidgetsAddons10 -->
        <control type="button" id="$PARAM[id1]10">
            <label>- $LOCALIZE[24000] [B]10[/B]</label>
            <label2>[COLOR=selected]$INFO[Skin.String(AddonSet$PARAM[setadonnstype].9.Label)][/COLOR]</label2>
            <width>1256</width>
			<include>DefaultSettingButton</include>
			<include name="HomeMainCustomWidgetsSelectAddons">
                <param name="type" value="$PARAM[type]" />
                <param name="adonnstype" value="$PARAM[setadonnstype]" />
                <param name="id1" value="9" />
            </include>
            <visible>Skin.HasSetting($PARAM[flags])</visible>
            <visible>!IsEmpty(Skin.String(AddonSet$PARAM[setadonnstype].8.Label))</visible>
			<visible>$PARAM[visible]</visible>
        </control>
    </include>
    <!-- SelectAddons -->
    <include name="HomeMainCustomWidgetsSelectAddons">
        <onclick>Skin.Reset(UsrSelectAddon)</onclick>
        <onclick>Skin.SetAddon(UsrSelectAddon,$PARAM[type])</onclick>
        <onclick>Skin.SetString(AddonSet$PARAM[adonnstype].$PARAM[id1].Label,$INFO[system.addontitle(Skin.String(UsrSelectAddon))])</onclick>
        <onclick>Skin.SetString(AddonSet$PARAM[adonnstype].$PARAM[id1].Name,$INFO[Skin.String(UsrSelectAddon)])</onclick>
        <onclick>Skin.SetString(AddonSet$PARAM[adonnstype].$PARAM[id1].Icon,$INFO[system.addonicon(Skin.String(UsrSelectAddon))])</onclick>
    </include>    
    <!-- ContentAddonsWidgets -->
	<include name="HomeCustomAddonsItems">
        <content>
            <item id="1">
                <label>$INFO[Skin.String(AddonSet$PARAM[id2].0.Label)]</label>
                <onclick>RunAddon($INFO[Skin.String(AddonSet$PARAM[id2].0.Name)])</onclick>
                <icon>$INFO[Skin.String(AddonSet$PARAM[id2].0.Icon)]</icon>                
                <thumb>$INFO[Skin.String(AddonSet$PARAM[id2].0.Icon)]</thumb>
                <property name="AddonVersion">$INFO[system.addonversion(Skin.String(AddonSet$PARAM[id2].0.Name))]</property>
                <property name="AddonFanart">special://home/addons/$INFO[Skin.String(AddonSet$PARAM[id2].0.Name)]/fanart.jpg</property>
                <visible>!IsEmpty(Skin.String(AddonSet$PARAM[id2].0.Name))</visible>
            </item>
            <item id="2">
                <label>$INFO[Skin.String(AddonSet$PARAM[id2].1.Label)]</label>
                <onclick>RunAddon($INFO[Skin.String(AddonSet$PARAM[id2].1.Name)])</onclick>                
                <icon>$INFO[Skin.String(AddonSet$PARAM[id2].1.Icon)]</icon>
                <thumb>$INFO[Skin.String(AddonSet$PARAM[id2].1.Icon)]</thumb>
                <property name="AddonVersion">$INFO[system.addonversion(Skin.String(AddonSet$PARAM[id2].1.Name))]</property>
                <property name="AddonFanart">special://home/addons/$INFO[Skin.String(AddonSet$PARAM[id2].1.Name)]/fanart.jpg</property>
                <visible>!IsEmpty(Skin.String(AddonSet$PARAM[id2].1.Name))</visible>
            </item>
            <item id="3">
                <label>$INFO[Skin.String(AddonSet$PARAM[id2].2.Label)]</label>
                <onclick>RunAddon($INFO[Skin.String(AddonSet$PARAM[id2].2.Name)])</onclick>
                <icon>$INFO[Skin.String(AddonSet$PARAM[id2].2.Icon)]</icon>
                <thumb>$INFO[Skin.String(AddonSet$PARAM[id2].2.Icon)]</thumb>
                <property name="AddonVersion">$INFO[system.addonversion(Skin.String(AddonSet$PARAM[id2].2.Name))]</property>
                <property name="AddonFanart">special://home/addons/$INFO[Skin.String(AddonSet$PARAM[id2].2.Name)]/fanart.jpg</property>
                <visible>!IsEmpty(Skin.String(AddonSet$PARAM[id2].2.Name))</visible>
            </item>
            <item id="4">
                <label>$INFO[Skin.String(AddonSet$PARAM[id2].3.Label)]</label>
                <onclick>RunAddon($INFO[Skin.String(AddonSet$PARAM[id2].3.Name)])</onclick>
                <icon>$INFO[Skin.String(AddonSet$PARAM[id2].3.Icon)]</icon>
                <thumb>$INFO[Skin.String(AddonSet$PARAM[id2].3.Icon)]</thumb>
                <property name="AddonVersion">$INFO[system.addonversion(Skin.String(AddonSet$PARAM[id2].3.Name))]</property>
                <property name="AddonFanart">special://home/addons/$INFO[Skin.String(AddonSet$PARAM[id2].3.Name)]/fanart.jpg</property>
                <visible>!IsEmpty(Skin.String(AddonSet$PARAM[id2].3.Name))</visible>
            </item>
            <item id="5">
                <label>$INFO[Skin.String(AddonSet$PARAM[id2].4.Label)]</label>
                <onclick>RunAddon($INFO[Skin.String(AddonSet$PARAM[id2].4.Name)])</onclick>
                <icon>$INFO[Skin.String(AddonSet$PARAM[id2].4.Icon)]</icon>
                <thumb>$INFO[Skin.String(AddonSet$PARAM[id2].4.Icon)]</thumb>
                <property name="AddonVersion">$INFO[system.addonversion(Skin.String(AddonSet$PARAM[id2].4.Name))]</property>
                <property name="AddonFanart">special://home/addons/$INFO[Skin.String(AddonSet$PARAM[id2].4.Name)]/fanart.jpg</property>
                <visible>!IsEmpty(Skin.String(AddonSet$PARAM[id2].4.Name))</visible>
            </item>
            <item id="6">
                <label>$INFO[Skin.String(AddonSet$PARAM[id2].5.Label)]</label>
                <onclick>RunAddon($INFO[Skin.String(AddonSet$PARAM[id2].5.Name)])</onclick>
                <icon>$INFO[Skin.String(AddonSet$PARAM[id2].5.Icon)]</icon>
                <thumb>$INFO[Skin.String(AddonSet$PARAM[id2].5.Icon)]</thumb>
                <property name="AddonVersion">$INFO[system.addonversion(Skin.String(AddonSet$PARAM[id2].5.Name))]</property>
                <property name="AddonFanart">special://home/addons/$INFO[Skin.String(AddonSet$PARAM[id2].5.Name)]/fanart.jpg</property>
                <visible>!IsEmpty(Skin.String(AddonSet$PARAM[id2].5.Name))</visible>
            </item>
            <item id="7">
                <label>$INFO[Skin.String(AddonSet$PARAM[id2].6.Label)]</label>
                <onclick>RunAddon($INFO[Skin.String(AddonSet$PARAM[id2].6.Name)])</onclick>
                <icon>$INFO[Skin.String(AddonSet$PARAM[id2].6.Icon)]</icon>
                <thumb>$INFO[Skin.String(AddonSet$PARAM[id2].6.Icon)]</thumb>
                <property name="AddonVersion">$INFO[system.addonversion(Skin.String(AddonSet$PARAM[id2].6.Name))]</property>
                <property name="AddonFanart">special://home/addons/$INFO[Skin.String(AddonSet$PARAM[id2].6.Name)]/fanart.jpg</property>
                <visible>!IsEmpty(Skin.String(AddonSet$PARAM[id2].6.Name))</visible>
            </item>
            <item id="8">
                <label>$INFO[Skin.String(AddonSet$PARAM[id2].7.Label)]</label>
                <onclick>RunAddon($INFO[Skin.String(AddonSet$PARAM[id2].7.Name)])</onclick>
                <icon>$INFO[Skin.String(AddonSet$PARAM[id2].7.Icon)]</icon>
                <thumb>$INFO[Skin.String(AddonSet$PARAM[id2].7.Icon)]</thumb>
                <property name="AddonVersion">$INFO[system.addonversion(Skin.String(AddonSet$PARAM[id2].7.Name))]</property>
                <property name="AddonFanart">special://home/addons/$INFO[Skin.String(AddonSet$PARAM[id2].7.Name)]/fanart.jpg</property>
                <visible>!IsEmpty(Skin.String(AddonSet$PARAM[id2].7.Name))</visible>
            </item>
            <item id="9">
                <label>$INFO[Skin.String(AddonSet$PARAM[id2].8.Label)]</label>
                <onclick>RunAddon($INFO[Skin.String(AddonSet$PARAM[id2].8.Name)])</onclick>
                <icon>$INFO[Skin.String(AddonSet$PARAM[id2].8.Icon)]</icon>
                <thumb>$INFO[Skin.String(AddonSet$PARAM[id2].8.Icon)]</thumb>
                <property name="AddonVersion">$INFO[system.addonversion(Skin.String(AddonSet$PARAM[id2].8.Name))]</property>
                <property name="AddonFanart">special://home/addons/$INFO[Skin.String(AddonSet$PARAM[id2].8.Name)]/fanart.jpg</property>
                <visible>!IsEmpty(Skin.String(AddonSet$PARAM[id2].8.Name))</visible>
            </item>
            <item id="10">
                <label>$INFO[Skin.String(AddonSet$PARAM[id2].9.Label)]</label>
                <onclick>RunAddon($INFO[Skin.String(AddonSet$PARAM[id2].9.Name)])</onclick>
                <icon>$INFO[Skin.String(AddonSet$PARAM[id2].9.Icon)]</icon>
                <thumb>$INFO[Skin.String(AddonSet$PARAM[id2].9.Icon)]</thumb>
                <property name="AddonVersion">$INFO[system.addonversion(Skin.String(AddonSet$PARAM[id2].9.Name))]</property>
                <property name="AddonFanart">special://home/addons/$INFO[Skin.String(AddonSet$PARAM[id2].9.Name)]/fanart.jpg</property>
                <visible>!IsEmpty(Skin.String(AddonSet$PARAM[id2].9.Name))</visible>
            </item>
        </content>
	</include>
    <!-- WidgetListCustomAddons -->    
	<include name="WidgetListCustomAddons">
		<param name="visible">True</param>
		<param name="ondown_id">200001</param>
		<param name="height">405</param>
		<param name="label1">$INFO[ListItem.Label]</param>
		<param name="label2">[COLOR button_focus]$INFO[ListItem.Property(AddonVersion)][/COLOR]</param>
        <param name="fallback_image">DefaultFolderSquare.png</param>
		<definition>
			<control type="group">
				<description>CustomAddons Widget including header and arrows</description>
				<height>$PARAM[height]</height>
				<left>0</left>
				<visible>$PARAM[visible]</visible>
				<visible>IntegerGreaterThan(Container($PARAM[list_id]).NumItems,0) | Container($PARAM[list_id]).IsUpdating</visible>
				<include name="LeftRightArrows">
					<param name="posy" value="200" />
					<param name="list_id" value="$PARAM[list_id]" />
				</include>
				<control type="label">
					<left>500</left>
					<top>15</top>
					<width>600</width>
					<height>40</height>
					<label>$PARAM[widget_header]</label>
					<shadowcolor>text_shadow</shadowcolor>
				</control>
				<control type="panel" id="$PARAM[list_id]">
					<left>480</left>
					<top>55</top>
					<width>1372</width>
					<height>400</height>
					<scrolltime tween="cubic" easing="out">500</scrolltime>
					<orientation>horizontal</orientation>
					<onleft>9000</onleft>
					<onright>noop</onright>
					<onunfocus>SetProperty(listposition,$INFO[Container($PARAM[list_id]).Position],home)</onunfocus>
					<onfocus>Control.Move($PARAM[list_id],-$INFO[Container($PARAM[list_id]).Position])</onfocus>
					<onfocus>Control.Move($PARAM[list_id],$INFO[Window(home).Property(listposition)])</onfocus>
					<onup>$PARAM[onup_id]</onup>
					<ondown>$PARAM[ondown_id]</ondown>
					<onback>SetFocus(9000)</onback>
					<preloaditems>1</preloaditems>
					<itemlayout width="343" height="400">
						<control type="image">
							<left>0</left>
							<top>0</top>
							<width>340</width>
							<height>340</height>
                            <aspectratio>scale</aspectratio>
                            <texture fallback="$PARAM[fallback_image]" background="true">$INFO[ListItem.Art(thumb)]</texture>
							<bordertexture border="20">overlays/shadow.png</bordertexture>
							<bordersize>20</bordersize>
						</control>
						<control type="group">
							<left>20</left>
							<top>20</top>
							<control type="image">
								<left>0</left>
								<top>240</top>
								<width>300</width>
								<height>60</height>
								<texture colordiffuse="AAFFFFFF">colors/black.png</texture>
							</control>
							<control type="label">
								<left>20</left>
								<top>238</top>
								<width>260</width>
								<label>$PARAM[label1]</label>
								<font>font10</font>
								<shadowcolor>text_shadow</shadowcolor>
								<align>center</align>
							</control>
							<control type="label">
								<left>20</left>
								<top>266</top>
								<width>260</width>
								<label>$PARAM[label2]</label>
								<font>font10</font>
								<shadowcolor>text_shadow</shadowcolor>
								<align>center</align>
							</control>
						</control>
					</itemlayout>
					<focusedlayout width="343" height="400">
						<control type="group">
							<depth>DepthContentPopout</depth>
							<animation type="Focus">
								<effect type="zoom" start="100" end="108" time="200" tween="sine" easing="inout" center="150,70" />
							</animation>
							<animation type="Unfocus">
								<effect type="zoom" start="108" end="100" time="200" tween="sine" easing="inout" center="150,70" />
							</animation>
							<control type="image">
								<left>0</left>
								<top>0</top>
								<width>340</width>
								<height>340</height>
                                <aspectratio>scale</aspectratio>
                                <texture fallback="$PARAM[fallback_image]" background="true">$INFO[ListItem.Art(thumb)]</texture>
								<bordertexture border="20">overlays/shadow.png</bordertexture>
								<bordersize>20</bordersize>
							</control>
							<control type="group">
								<left>20</left>
								<top>20</top>
								<control type="image">
									<left>0</left>
									<top>240</top>
									<width>300</width>
									<height>60</height>
									<texture colordiffuse="AAFFFFFF">colors/black.png</texture>
								</control>
								<control type="label">
									<left>10</left>
									<top>238</top>
									<width>280</width>
									<label>$PARAM[label1]</label>
									<font>font10</font>
									<scroll>true</scroll>
									<shadowcolor>text_shadow</shadowcolor>
									<align>center</align>
								</control>
								<control type="label">
									<left>10</left>
									<top>266</top>
									<width>280</width>
									<font>font10</font>
									<scroll>true</scroll>
									<label>$PARAM[label2]</label>
									<shadowcolor>text_shadow</shadowcolor>
									<align>center</align>
								</control>
								<control type="image">
									<left>0</left>
									<top>0</top>
									<width>300</width>
									<height>300</height>
									<animation effect="fade" start="0" end="100" time="200">Focus</animation>
									<animation effect="fade" start="100" end="0" time="0">Unfocus</animation>
									<texture background="true" border="8" colordiffuse="button_focus">buttons/thumbnail_focused.png</texture>
								</control>
							</control>
						</control>
					</focusedlayout>
                    <include name="HomeCustomAddonsItems">
                        <param name="id2" value="$PARAM[widget_target]" />
                    </include>
				</control>
			</control>
		</definition>
	</include>    
    <!-- CustomWidgetsChannelsSettings -->
    <include name="HomeMainCustomWidgetsChannelsSettings">
        <!-- WidgetsChannelsEnable -->
        <control type="radiobutton" id="$PARAM[id1]00">
            <description>Flags</description>
            <width>1256</width>
			<include>DefaultSettingButton</include>
            <label>$PARAM[title]</label>
            <onclick>Skin.ToggleSetting($PARAM[flags])</onclick>
            <selected>Skin.HasSetting($PARAM[flags])</selected>           
            <visible>$PARAM[visible]</visible>
        </control>
        <!-- WidgetsChannels01 -->
        <control type="button" id="$PARAM[id1]01">
            <label>- $LOCALIZE[84206] [B]1[/B]</label>
            <label2>[COLOR=selected]$INFO[Skin.String(Channel$PARAM[setchannelstype].0.Label)][/COLOR]</label2>
            <width>1256</width>
			<include>DefaultSettingButton</include>
			<onclick>RunScript(script.pvr.favourites,isradio=$PARAM[type]&amp;property=Channel$PARAM[setchannelstype].0)</onclick>
            <visible>Skin.HasSetting($PARAM[flags])</visible>
            <visible>$PARAM[visible]</visible>
        </control>
        <!-- WidgetsChannels02 -->
        <control type="button" id="$PARAM[id1]02">
            <label>- $LOCALIZE[84206] [B]2[/B]</label>
            <label2>[COLOR=selected]$INFO[Skin.String(Channel$PARAM[setchannelstype].1.Label)][/COLOR]</label2>
            <width>1256</width>
			<include>DefaultSettingButton</include>
			<onclick>RunScript(script.pvr.favourites,isradio=$PARAM[type]&amp;property=Channel$PARAM[setchannelstype].1)</onclick>
            <visible>Skin.HasSetting($PARAM[flags])</visible>
            <visible>!IsEmpty(Skin.String(Channel$PARAM[setchannelstype].0.Label))</visible>
            <visible>$PARAM[visible]</visible>
        </control>
        <!-- WidgetsChannels03 -->
        <control type="button" id="$PARAM[id1]03">
            <label>- $LOCALIZE[84206] [B]3[/B]</label>
            <label2>[COLOR=selected]$INFO[Skin.String(Channel$PARAM[setchannelstype].2.Label)][/COLOR]</label2>
            <width>1256</width>
			<include>DefaultSettingButton</include>
			<onclick>RunScript(script.pvr.favourites,isradio=$PARAM[type]&amp;property=Channel$PARAM[setchannelstype].2)</onclick>
            <visible>Skin.HasSetting($PARAM[flags])</visible>
            <visible>!IsEmpty(Skin.String(Channel$PARAM[setchannelstype].1.Label))</visible>
            <visible>$PARAM[visible]</visible>
        </control>
        <!-- WidgetsChannels04 -->
        <control type="button" id="$PARAM[id1]04">
            <label>- $LOCALIZE[84206] [B]4[/B]</label>
            <label2>[COLOR=selected]$INFO[Skin.String(Channel$PARAM[setchannelstype].3.Label)][/COLOR]</label2>
            <width>1256</width>
			<include>DefaultSettingButton</include>
			<onclick>RunScript(script.pvr.favourites,isradio=$PARAM[type]&amp;property=Channel$PARAM[setchannelstype].3)</onclick>
            <visible>Skin.HasSetting($PARAM[flags])</visible>
            <visible>!IsEmpty(Skin.String(Channel$PARAM[setchannelstype].2.Label))</visible>
            <visible>$PARAM[visible]</visible>
        </control>
        <!-- WidgetsChannels05 -->
        <control type="button" id="$PARAM[id1]05">
            <label>- $LOCALIZE[84206] [B]5[/B]</label>
            <label2>[COLOR=selected]$INFO[Skin.String(Channel$PARAM[setchannelstype].4.Label)][/COLOR]</label2>
            <width>1256</width>
			<include>DefaultSettingButton</include>
			<onclick>RunScript(script.pvr.favourites,isradio=$PARAM[type]&amp;property=Channel$PARAM[setchannelstype].4)</onclick>
            <visible>Skin.HasSetting($PARAM[flags])</visible>
            <visible>!IsEmpty(Skin.String(Channel$PARAM[setchannelstype].3.Label))</visible>
            <visible>$PARAM[visible]</visible>
        </control>
        <!-- WidgetsChannels06 -->
        <control type="button" id="$PARAM[id1]06">
            <label>- $LOCALIZE[84206] [B]6[/B]</label>
            <label2>[COLOR=selected]$INFO[Skin.String(Channel$PARAM[setchannelstype].5.Label)][/COLOR]</label2>
            <width>1256</width>
			<include>DefaultSettingButton</include>
			<onclick>RunScript(script.pvr.favourites,isradio=$PARAM[type]&amp;property=Channel$PARAM[setchannelstype].5)</onclick>
            <visible>Skin.HasSetting($PARAM[flags])</visible>
            <visible>!IsEmpty(Skin.String(Channel$PARAM[setchannelstype].4.Label))</visible>
            <visible>$PARAM[visible]</visible>
        </control>
        <!-- WidgetsChannels07 -->
        <control type="button" id="$PARAM[id1]07">
            <label>- $LOCALIZE[84206] [B]7[/B]</label>
            <label2>[COLOR=selected]$INFO[Skin.String(Channel$PARAM[setchannelstype].6.Label)][/COLOR]</label2>
            <width>1256</width>
			<include>DefaultSettingButton</include>
			<onclick>RunScript(script.pvr.favourites,isradio=$PARAM[type]&amp;property=Channel$PARAM[setchannelstype].6)</onclick>
            <visible>Skin.HasSetting($PARAM[flags])</visible>
            <visible>!IsEmpty(Skin.String(Channel$PARAM[setchannelstype].5.Label))</visible>
            <visible>$PARAM[visible]</visible>
        </control>
        <!-- WidgetsChannels08 -->
        <control type="button" id="$PARAM[id1]08">
            <label>- $LOCALIZE[84206] [B]8[/B]</label>
            <label2>[COLOR=selected]$INFO[Skin.String(Channel$PARAM[setchannelstype].7.Label)][/COLOR]</label2>
            <width>1256</width>
			<include>DefaultSettingButton</include>
			<onclick>RunScript(script.pvr.favourites,isradio=$PARAM[type]&amp;property=Channel$PARAM[setchannelstype].7)</onclick>
            <visible>Skin.HasSetting($PARAM[flags])</visible>
            <visible>!IsEmpty(Skin.String(Channel$PARAM[setchannelstype].6.Label))</visible>
            <visible>$PARAM[visible]</visible>
        </control>
        <!-- WidgetsChannels09 -->
        <control type="button" id="$PARAM[id1]09">
            <label>- $LOCALIZE[84206] [B]9[/B]</label>
            <label2>[COLOR=selected]$INFO[Skin.String(Channel$PARAM[setchannelstype].8.Label)][/COLOR]</label2>
            <width>1256</width>
			<include>DefaultSettingButton</include>
			<onclick>RunScript(script.pvr.favourites,isradio=$PARAM[type]&amp;property=Channel$PARAM[setchannelstype].8)</onclick>
            <visible>Skin.HasSetting($PARAM[flags])</visible>
            <visible>!IsEmpty(Skin.String(Channel$PARAM[setchannelstype].7.Label))</visible>
            <visible>$PARAM[visible]</visible>
        </control>
        <!-- WidgetsChannels10 -->
        <control type="button" id="$PARAM[id1]10">
            <label>- $LOCALIZE[84206] [B]10[/B]</label>
            <label2>[COLOR=selected]$INFO[Skin.String(Channel$PARAM[setchannelstype].9.Label)][/COLOR]</label2>
            <width>1256</width>
			<include>DefaultSettingButton</include>
			<onclick>RunScript(script.pvr.favourites,isradio=$PARAM[type]&amp;property=Channel$PARAM[setchannelstype].9)</onclick>
            <visible>Skin.HasSetting($PARAM[flags])</visible>
            <visible>!IsEmpty(Skin.String(Channel$PARAM[setchannelstype].8.Label))</visible>
            <visible>$PARAM[visible]</visible>
        </control>
    </include>
    <!-- ContentChannelsWidgets -->
	<include name="HomeCustomChannelsItems">
        <content>
            <item id="1">
                <label>$INFO[Skin.String(Channel$PARAM[id2].0.Label)]</label>
                <onclick>PlayMedia("$INFO[Skin.String(Channel$PARAM[id2].0.Path)]")</onclick>
                <icon>$INFO[Skin.String(Channel$PARAM[id2].0.Icon)]</icon>
                <thumb>-</thumb>
                <property name="ChannelNumber">$INFO[Skin.String(Channel$PARAM[id2].0.Number)]</property>
                <property name="StartTime">$INFO[Window(home).Property(Channel$PARAM[id2].0.StartTime)]</property>
                <property name="EndTime">$INFO[Window(home).Property(Channel$PARAM[id2].0.EndTime)]</property>
                <property name="Title">$INFO[Window(home).Property(Channel$PARAM[id2].0.Title)]</property>
                <visible>!IsEmpty(Skin.String(Channel$PARAM[id2].0.Path))</visible>
            </item>
            <item id="2">
                <label>$INFO[Skin.String(Channel$PARAM[id2].1.Label)]</label>
                <onclick>PlayMedia("$INFO[Skin.String(Channel$PARAM[id2].1.Path)]")</onclick>
                <icon>$INFO[Skin.String(Channel$PARAM[id2].1.Icon)]</icon>
                <thumb>-</thumb>
                <property name="ChannelNumber">$INFO[Skin.String(Channel$PARAM[id2].1.Number)]</property>
                <property name="StartTime">$INFO[Window(home).Property(Channel$PARAM[id2].1.StartTime)]</property>
                <property name="EndTime">$INFO[Window(home).Property(Channel$PARAM[id2].1.EndTime)]</property>
                <property name="Title">$INFO[Window(home).Property(Channel$PARAM[id2].1.Title)]</property>
                <visible>!IsEmpty(Skin.String(Channel$PARAM[id2].1.Path))</visible>
            </item>
            <item id="3">
                <label>$INFO[Skin.String(Channel$PARAM[id2].2.Label)]</label>
                <onclick>PlayMedia("$INFO[Skin.String(Channel$PARAM[id2].2.Path)]")</onclick>
                <icon>$INFO[Skin.String(Channel$PARAM[id2].2.Icon)]</icon>
                <thumb>-</thumb>
                <property name="ChannelNumber">$INFO[Skin.String(Channel$PARAM[id2].2.Number)]</property>
                <property name="StartTime">$INFO[Window(home).Property(Channel$PARAM[id2].2.StartTime)]</property>
                <property name="EndTime">$INFO[Window(home).Property(Channel$PARAM[id2].2.EndTime)]</property>
                <property name="Title">$INFO[Window(home).Property(Channel$PARAM[id2].2.Title)]</property>
                <visible>!IsEmpty(Skin.String(Channel$PARAM[id2].2.Path))</visible>
            </item>
            <item id="4">
                <label>$INFO[Skin.String(Channel$PARAM[id2].3.Label)]</label>
                <onclick>PlayMedia("$INFO[Skin.String(Channel$PARAM[id2].3.Path)]")</onclick>
                <icon>$INFO[Skin.String(Channel$PARAM[id2].3.Icon)]</icon>
                <thumb>-</thumb>
                <property name="ChannelNumber">$INFO[Skin.String(Channel$PARAM[id2].3.Number)]</property>
                <property name="StartTime">$INFO[Window(home).Property(Channel$PARAM[id2].3.StartTime)]</property>
                <property name="EndTime">$INFO[Window(home).Property(Channel$PARAM[id2].3.EndTime)]</property>
                <property name="Title">$INFO[Window(home).Property(Channel$PARAM[id2].3.Title)]</property>
                <visible>!IsEmpty(Skin.String(Channel$PARAM[id2].3.Path))</visible>
            </item>
            <item id="5">
                <label>$INFO[Skin.String(Channel$PARAM[id2].4.Label)]</label>
                <onclick>PlayMedia("$INFO[Skin.String(Channel$PARAM[id2].4.Path)]")</onclick>
                <icon>$INFO[Skin.String(Channel$PARAM[id2].4.Icon)]</icon>
                <thumb>-</thumb>
                <property name="ChannelNumber">$INFO[Skin.String(Channel$PARAM[id2].4.Number)]</property>
                <property name="StartTime">$INFO[Window(home).Property(Channel$PARAM[id2].4.StartTime)]</property>
                <property name="EndTime">$INFO[Window(home).Property(Channel$PARAM[id2].4.EndTime)]</property>
                <property name="Title">$INFO[Window(home).Property(Channel$PARAM[id2].4.Title)]</property>
                <visible>!IsEmpty(Skin.String(Channel$PARAM[id2].4.Path))</visible>
            </item>
            <item id="6">
                <label>$INFO[Skin.String(Channel$PARAM[id2].5.Label)]</label>
                <onclick>PlayMedia("$INFO[Skin.String(Channel$PARAM[id2].5.Path)]")</onclick>
                <icon>$INFO[Skin.String(Channel$PARAM[id2].5.Icon)]</icon>
                <thumb>-</thumb>
                <property name="ChannelNumber">$INFO[Skin.String(Channel$PARAM[id2].5.Number)]</property>
                <property name="StartTime">$INFO[Window(home).Property(Channel$PARAM[id2].5.StartTime)]</property>
                <property name="EndTime">$INFO[Window(home).Property(Channel$PARAM[id2].5.EndTime)]</property>
                <property name="Title">$INFO[Window(home).Property(Channel$PARAM[id2].5.Title)]</property>
                <visible>!IsEmpty(Skin.String(Channel$PARAM[id2].5.Path))</visible>
            </item>
            <item id="7">
                <label>$INFO[Skin.String(Channel$PARAM[id2].6.Label)]</label>
                <onclick>PlayMedia("$INFO[Skin.String(Channel$PARAM[id2].6.Path)]")</onclick>
                <icon>$INFO[Skin.String(Channel$PARAM[id2].6.Icon)]</icon>
                <thumb>-</thumb>
                <property name="ChannelNumber">$INFO[Skin.String(Channel$PARAM[id2].6.Number)]</property>
                <property name="StartTime">$INFO[Window(home).Property(Channel$PARAM[id2].6.StartTime)]</property>
                <property name="EndTime">$INFO[Window(home).Property(Channel$PARAM[id2].6.EndTime)]</property>
                <property name="Title">$INFO[Window(home).Property(Channel$PARAM[id2].6.Title)]</property>
                <visible>!IsEmpty(Skin.String(Channel$PARAM[id2].6.Path))</visible>
            </item>
            <item id="8">
                <label>$INFO[Skin.String(Channel$PARAM[id2].7.Label)]</label>
                <onclick>PlayMedia("$INFO[Skin.String(Channel$PARAM[id2].7.Path)]")</onclick>
                <icon>$INFO[Skin.String(Channel$PARAM[id2].7.Icon)]</icon>
                <thumb>-</thumb>
                <property name="ChannelNumber">$INFO[Skin.String(Channel$PARAM[id2].7.Number)]</property>
                <property name="StartTime">$INFO[Window(home).Property(Channel$PARAM[id2].7.StartTime)]</property>
                <property name="EndTime">$INFO[Window(home).Property(Channel$PARAM[id2].7.EndTime)]</property>
                <property name="Title">$INFO[Window(home).Property(Channel$PARAM[id2].7.Title)]</property>
                <visible>!IsEmpty(Skin.String(Channel$PARAM[id2].7.Path))</visible>
            </item>
            <item id="9">
                <label>$INFO[Skin.String(Channel$PARAM[id2].8.Label)]</label>
                <onclick>PlayMedia("$INFO[Skin.String(Channel$PARAM[id2].8.Path)]")</onclick>
                <icon>$INFO[Skin.String(Channel$PARAM[id2].8.Icon)]</icon>
                <thumb>-</thumb>
                <property name="ChannelNumber">$INFO[Skin.String(Channel$PARAM[id2].8.Number)]</property>
                <property name="StartTime">$INFO[Window(home).Property(Channel$PARAM[id2].8.StartTime)]</property>
                <property name="EndTime">$INFO[Window(home).Property(Channel$PARAM[id2].8.EndTime)]</property>
                <property name="Title">$INFO[Window(home).Property(Channel$PARAM[id2].8.Title)]</property>
                <visible>!IsEmpty(Skin.String(Channel$PARAM[id2].8.Path))</visible>
            </item>
            <item id="10">
                <label>$INFO[Skin.String(Channel$PARAM[id2].9.Label)]</label>
                <onclick>PlayMedia("$INFO[Skin.String(Channel$PARAM[id2].9.Path)]")</onclick>
                <icon>$INFO[Skin.String(Channel$PARAM[id2].9.Icon)]</icon>
                <thumb>-</thumb>
                <property name="ChannelNumber">$INFO[Skin.String(Channel$PARAM[id2].9.Number)]</property>
                <property name="StartTime">$INFO[Window(home).Property(Channel$PARAM[id2].9.StartTime)]</property>
                <property name="EndTime">$INFO[Window(home).Property(Channel$PARAM[id2].9.EndTime)]</property>
                <property name="Title">$INFO[Window(home).Property(Channel$PARAM[id2].9.Title)]</property>
                <visible>!IsEmpty(Skin.String(Channel$PARAM[id2].9.Path))</visible>
            </item>
        </content>
	</include>
    <!-- WidgetListCustomChannels -->
	<include name="WidgetListCustomChannels">
		<param name="visible">True</param>
		<param name="ondown_id">200001</param>
		<param name="height">600</param>
		<param name="item_image">$INFO[ListItem.Icon]</param>
        <param name="fallback_image">DefaultTVShowsSquare.png</param>
		<definition>
			<control type="group">
				<description>CustomChannels Widget including header and arrows</description>
				<height>$PARAM[height]</height>
				<left>0</left>
				<top>0</top>
                <visible>$PARAM[visible]</visible>
				<visible>IntegerGreaterThan(Container($PARAM[list_id]).NumItems,0) | Container($PARAM[list_id]).IsUpdating</visible>
				<control type="label">
					<left>500</left>
					<top>15</top>
					<width>600</width>
					<height>40</height>
					<label>$PARAM[widget_header]</label>
					<shadowcolor>text_shadow</shadowcolor>
				</control>
				<include name="LeftRightArrows">
					<param name="posy" value="300" />
					<param name="list_id" value="$PARAM[list_id]" />
				</include>
				<control type="panel" id="$PARAM[list_id]">
					<left>480</left>
					<top>55</top>
					<width>1372</width>
					<height>$PARAM[height]</height>
					<scrolltime tween="cubic" easing="out">500</scrolltime>
					<orientation>horizontal</orientation>
					<onleft>9000</onleft>
					<onright>noop</onright>
					<onunfocus>SetProperty(listposition,$INFO[Container($PARAM[list_id]).Position],home)</onunfocus>
					<onfocus>Control.Move($PARAM[list_id],-$INFO[Container($PARAM[list_id]).Position])</onfocus>
					<onfocus>Control.Move($PARAM[list_id],$INFO[Window(home).Property(listposition)])</onfocus>
					<onup>$PARAM[onup_id]</onup>
					<ondown>$PARAM[ondown_id]</ondown>
					<onback>SetFocus(9000)</onback>
					<preloaditems>1</preloaditems>
					<itemlayout width="343" height="500">
						<control type="image">
							<width>340</width>
							<height>500</height>
							<texture border="40">buttons/button-nofo.png</texture>
						</control>
						<control type="image">
							<top>43</top>
							<left>42</left>
							<width>260</width>
							<height>200</height>
							<texture fallback="$PARAM[fallback_image]">$PARAM[item_image]</texture>
							<aspectratio>keep</aspectratio>
						</control>
						<control type="textbox">
							<left>42</left>
							<top>247</top>
							<width>260</width>
							<height>70</height>
							<label>$INFO[ListItem.Label]</label>
							<font>font12</font>
							<shadowcolor>text_shadow</shadowcolor>
							<align>center</align>
							<aligny>top</aligny>
						</control>
						<control type="textbox">
							<left>42</left>
							<top>350</top>
							<width>260</width>
							<height>100</height>
							<label>[COLOR button_focus]$INFO[ListItem.Property(StartTime)] - $INFO[ListItem.Property(EndTime)][/COLOR][CR]$INFO[ListItem.Property(Title)]</label>
							<font>font12</font>
							<shadowcolor>text_shadow</shadowcolor>
							<align>center</align>
							<aligny>top</aligny>
						</control>
					</itemlayout>
					<focusedlayout width="343" height="500">
						<control type="group">
							<depth>DepthContentPopout</depth>
							<animation type="Focus">
								<effect type="zoom" start="100" end="108" time="200" tween="sine" easing="inout" center="150,70" />
							</animation>
							<animation type="Unfocus">
								<effect type="zoom" start="108" end="100" time="200" tween="sine" easing="inout" center="150,70" />
							</animation>
							<control type="image">
								<width>340</width>
								<height>500</height>
								<texture border="40">buttons/button-nofo.png</texture>
							</control>
							<control type="image">
								<width>340</width>
								<height>500</height>
								<texture border="40" colordiffuse="button_focus">buttons/button-fo.png</texture>
								<animation effect="fade" start="0" end="100" time="200">Focus</animation>
								<animation effect="fade" start="100" end="0" time="0">Unfocus</animation>
							</control>
							<control type="image">
								<top>43</top>
								<left>42</left>
								<width>260</width>
								<height>200</height>
								<texture fallback="$PARAM[fallback_image]">$PARAM[item_image]</texture>
								<aspectratio>keep</aspectratio>
							</control>
							<control type="textbox">
								<left>42</left>
								<top>247</top>
								<width>260</width>
								<height>70</height>
								<label>$INFO[ListItem.Label]</label>
								<font>font12</font>
								<shadowcolor>text_shadow</shadowcolor>
								<align>center</align>
								<aligny>top</aligny>
							</control>
							<control type="textbox">
								<left>42</left>
								<top>350</top>
								<width>260</width>
								<height>100</height>
								<label>[COLOR button_focus]$INFO[ListItem.Property(StartTime)] - $INFO[ListItem.Property(EndTime)][/COLOR][CR]$INFO[ListItem.Property(Title)]</label>
								<font>font12</font>
								<shadowcolor>text_shadow</shadowcolor>
								<align>center</align>
								<aligny>top</aligny>
							</control>
						</control>
					</focusedlayout>
					<include name="HomeCustomChannelsItems">
                        <param name="id2" value="$PARAM[widget_target]" />
                    </include>
				</control>
			</control>
		</definition>
	</include>    
</includes>