﻿<?xml version="1.0" encoding="UTF-8" standalone="yes"?>
	<addon id="script.skin.helper.widgets" name="Skin Helper Service Widgets" version="1.0.17.006" provider-name="marcelveldt, YLLOW_DRAGON">
	<requires>
		<import addon="xbmc.python" version="2.24.0"/>
		<import addon="xbmc.addon" version="12.0.0"/>
        <import addon="script.module.skin.helper.artutils" version="1.0.0" />
        <import addon="script.module.simplecache" version="1.0.0"/>
	</requires>

	<extension point="xbmc.python.pluginsource" library="plugin.py">
        <provides>video audio</provides>
    </extension>

	<extension point="xbmc.addon.metadata">
		<summary lang="en_GB">Helper service for Kodi skins (Widgets)</summary>
        <summary lang="ru_RU">Сервис помощник для KODI обложек (Виджеты)</summary>
        <description lang="en_GB">>Helper service for Kodi skins (Widgets)</description>
        <description lang="ru_RU">Сервис помощник для KODI обложек (Виджеты)</description>
        <description></description>
		<language></language>
		<platform>all</platform>
		<license>GPL v2.0</license>
		<forum>http://forum.kodi.tv/showthread.php?tid=235676</forum>
		<website></website>
        <email>nkvoronov@gmail.com</email>
		<source>https://github.com/nkvoronov/script.skin.helper.widgets.git</source>
	</extension>
</addon>