﻿<?xml version="1.0" encoding="UTF-8"?>
<template>
    <other include="subpanels">
        <property name="id" tag="mainmenuid" />
        <property name="submenu_name" tag="property" attribute="name|submenuVisibility"/>
        <controls>
            <control type="group" id="$PYTHON[10000+int($SKINSHORTCUTS[id])]">
                <skinshortcuts>visibility</skinshortcuts>
                <include>Visible_Right_Delayed</include>
                <include name="HomeSubPanels">
                    <param name="button_id" value="$PYTHON[11000+int($SKINSHORTCUTS[id])]" />
                    <param name="grouplist_id" value="$PYTHON[12000+int($SKINSHORTCUTS[id])]" />
                    <param name="submenu_list" value="$PYTHON[13000+int($SKINSHORTCUTS[id])]" />
                    <param name="submenu_content" value="skinshortcuts-group-$SKINSHORTCUTS[submenu_name]" />
                    <param name="control_id0" value="$PYTHON[1400+int($SKINSHORTCUTS[id])]" />
                </include>                    
            </control>
        </controls>
    </other>
</template>