<?xml version="1.0" encoding="UTF-8"?>
<overrides>
	<doNotShareMenu />
	<alwaysRestore>True</alwaysRestore>
	<thumbnailBrowseDefault>resource://resource.images.skinicons.estuary/</thumbnailBrowseDefault>
	<background label="smartshortcuts">||BROWSE||plugin://script.skin.helper.service/?action=backgrounds</background>
	<background label="smartshortcuts">||BROWSE||special://skin/extras/home-images</background>
	<backgroundBrowse default="protocol://">True</backgroundBrowse>
	<icon image="DefaultShortcut.png">resource://resource.images.skinicons.estuary/files.png</icon>
	<icon image="DefaultAudio.png">resource://resource.images.skinicons.estuary/files.png</icon>
	<icon image="DefaultPlaylist.png">resource://resource.images.skinicons.estuary/playlists.png</icon>
	<icon image="DefaultAudio.png" grouping="pvr-radio">resource://resource.images.skinicons.estuary/tvshows.png</icon>
	<groupoverride group="powermenu" disable_groups="" condition="Window.IsActive(DialogButtonMenu.xml)">Close</groupoverride>
	<groupoverride group="*" disable_groups="powermenu" condition="">SetProperty(fanarthometype,$VAR[HomeMenuTypeVar],home)</groupoverride>
	<groupoverride group="*" disable_groups="powermenu" condition="">SetProperty(homebackground,$VAR[HomeMenuBackgroundVar],home)</groupoverride>
	<backgrounddefault labelID="weather">special://skin/extras/home-images/weather.jpg</backgrounddefault>
	<backgrounddefault labelID="pictures">special://skin/extras/home-images/pictures.jpg</backgrounddefault>
	<backgrounddefault labelID="livetv">special://skin/extras/home-images/livetv.jpg</backgrounddefault>
	<backgrounddefault labelID="radio">special://skin/extras/home-images/radio.jpg</backgrounddefault>
	<backgrounddefault labelID="video">special://skin/extras/home-images/videos.jpg</backgrounddefault>
	<backgrounddefault labelID="movies">special://skin/extras/home-images/movies.jpg</backgrounddefault>
	<backgrounddefault labelID="tvshows">special://skin/extras/home-images/tvshows.jpg</backgrounddefault>
	<backgrounddefault labelID="musicvideos">special://skin/extras/home-images/musicvideo.jpg</backgrounddefault>
	<backgrounddefault labelID="music">special://skin/extras/home-images/music.jpg</backgrounddefault>
	<backgrounddefault labelID="games">special://skin/extras/home-images/games.jpg</backgrounddefault>
	<backgrounddefault labelID="addons">special://skin/extras/home-images/addons.jpg</backgrounddefault>
	<backgrounddefault labelID="favorites">special://skin/extras/home-images/favorites.jpg</backgrounddefault>
	<backgrounddefault labelID="dvd">special://skin/extras/home-images/dvd.jpg</backgrounddefault>
	<widget label="43081" icon="resource://resource.images.skinicons.estuary/weather.png">WeatherWidget</widget>
	<widget label="43082" icon="resource://resource.images.skinicons.estuary/livetv.png">TVWidget</widget>
	<widget label="43083" icon="resource://resource.images.skinicons.estuary/radio.png">RadioWidget</widget>
	<widget label="43084" icon="resource://resource.images.skinicons.estuary/addons.png">AddonsWidget</widget>
	<widget label="43085" icon="resource://resource.images.skinicons.estuary/favourites2.png">FavouritesWidget</widget>
	<widget label="43086" icon="resource://resource.images.skinicons.estuary/media.png">MediaWidget</widget>
	<widgetdefault labelID="weather">WeatherWidget</widgetdefault>
	<widgetdefault labelID="pictures">MediaWidget</widgetdefault>
	<widgetdefault labelID="livetv">TVWidget</widgetdefault>
	<widgetdefault labelID="radio">RadioWidget</widgetdefault>
	<widgetdefault labelID="video">MediaWidget</widgetdefault>
	<widgetdefault labelID="movies">MediaWidget</widgetdefault>
	<widgetdefault labelID="tvshows">MediaWidget</widgetdefault>
	<widgetdefault labelID="musicvideos">MediaWidget</widgetdefault>
	<widgetdefault labelID="music">MediaWidget</widgetdefault>
	<widgetdefault labelID="addons">AddonsWidget</widgetdefault>
    <widgetdefault labelID="games">MediaWidget</widgetdefault>
	<widgetdefault labelID="favorites">FavouritesWidget</widgetdefault>
	<propertydefault labelID="pictures" property="widget.widget1">Library</propertydefault>
	<propertydefault labelID="pictures" property="widgetName.widget1">20094</propertydefault>
	<propertydefault labelID="pictures" property="widgetType.widget1">source</propertydefault>
	<propertydefault labelID="pictures" property="widgetTarget.widget1">pictures</propertydefault>
	<propertydefault labelID="pictures" property="widgetPath.widget1">sources://pictures</propertydefault>
	<propertydefault labelID="video" property="widget.widget1">Library</propertydefault>
	<propertydefault labelID="video" property="widgetName.widget1">20094</propertydefault>
	<propertydefault labelID="video" property="widgetType.widget1">source</propertydefault>
	<propertydefault labelID="video" property="widgetTarget.widget1">videos</propertydefault>
	<propertydefault labelID="video" property="widgetPath.widget1">sources://video</propertydefault>
	<propertydefault labelID="video" property="widget.widget2">Library</propertydefault>
	<propertydefault labelID="video" property="widgetName.widget2">136</propertydefault>
	<propertydefault labelID="video" property="widgetType.widget2">playlist</propertydefault>
	<propertydefault labelID="video" property="widgetTarget.widget2">videos</propertydefault>
	<propertydefault labelID="video" property="widgetPath.widget2">special://videoplaylists</propertydefault>
	<propertydefault labelID="movies" property="widget.widget1">Playlist</propertydefault>
	<propertydefault labelID="movies" property="widgetName.widget1">31010</propertydefault>
	<propertydefault labelID="movies" property="widgetType.widget1">movies</propertydefault>
	<propertydefault labelID="movies" property="widgetTarget.widget1">videos</propertydefault>
	<propertydefault labelID="movies" property="widgetPath.widget1">special://skin/extras/playlists/inprogress_movies.xsp</propertydefault>
	<propertydefault labelID="movies" property="widget.widget2">Playlist</propertydefault>
	<propertydefault labelID="movies" property="widgetName.widget2">20386</propertydefault>
	<propertydefault labelID="movies" property="widgetType.widget2">movies</propertydefault>
	<propertydefault labelID="movies" property="widgetTarget.widget2">videos</propertydefault>
	<propertydefault labelID="movies" property="widgetPath.widget2">special://skin/extras/playlists/recent_unwatched_movies.xsp</propertydefault>
	<propertydefault labelID="movies" property="widget.widget3">Playlist</propertydefault>
	<propertydefault labelID="movies" property="widgetName.widget3">31007</propertydefault>
	<propertydefault labelID="movies" property="widgetType.widget3">movies</propertydefault>
	<propertydefault labelID="movies" property="widgetTarget.widget3">videos</propertydefault>
	<propertydefault labelID="movies" property="widgetPath.widget3">special://skin/extras/playlists/unwatched_movies.xsp</propertydefault>
	<propertydefault labelID="movies" property="widget.widget4">Playlist</propertydefault>
	<propertydefault labelID="movies" property="widgetName.widget4">31006</propertydefault>
	<propertydefault labelID="movies" property="widgetType.widget4">movies</propertydefault>
	<propertydefault labelID="movies" property="widgetTarget.widget4">videos</propertydefault>
	<propertydefault labelID="movies" property="widgetPath.widget4">special://skin/extras/playlists/random_movies.xsp</propertydefault>
	<propertydefault labelID="movies" property="widget.widget5">Library</propertydefault>
	<propertydefault labelID="movies" property="widgetName.widget5">135</propertydefault>
	<propertydefault labelID="movies" property="widgetType.widget5">moviegenre</propertydefault>
	<propertydefault labelID="movies" property="widgetTarget.widget5">videos</propertydefault>
	<propertydefault labelID="movies" property="widgetPath.widget5">videodb://movies/genres/</propertydefault>
	<propertydefault labelID="movies" property="widget.widget6">Library</propertydefault>
	<propertydefault labelID="movies" property="widgetName.widget6">31075</propertydefault>
	<propertydefault labelID="movies" property="widgetType.widget6">movies</propertydefault>
	<propertydefault labelID="movies" property="widgetTarget.widget6">videos</propertydefault>
	<propertydefault labelID="movies" property="widgetPath.widget6">videodb://movies/sets/</propertydefault>
	<propertydefault labelID="tvshows" property="widget.widget1">Library</propertydefault>
	<propertydefault labelID="tvshows" property="widgetName.widget1">626</propertydefault>
	<propertydefault labelID="tvshows" property="widgetType.widget1">tvshows</propertydefault>
	<propertydefault labelID="tvshows" property="widgetTarget.widget1">videos</propertydefault>
	<propertydefault labelID="tvshows" property="widgetPath.widget1">videodb://inprogresstvshows</propertydefault>
	<propertydefault labelID="tvshows" property="widget.widget2">Playlist</propertydefault>
	<propertydefault labelID="tvshows" property="widgetName.widget2">20387</propertydefault>
	<propertydefault labelID="tvshows" property="widgetType.widget2">episodes</propertydefault>
	<propertydefault labelID="tvshows" property="widgetTarget.widget2">videos</propertydefault>
	<propertydefault labelID="tvshows" property="widgetPath.widget2">special://skin/extras/playlists/recent_unwatched_episodes.xsp</propertydefault>
	<propertydefault labelID="tvshows" property="widget.widget3">Playlist</propertydefault>
	<propertydefault labelID="tvshows" property="widgetName.widget3">31122</propertydefault>
	<propertydefault labelID="tvshows" property="widgetType.widget3">tvshows</propertydefault>
	<propertydefault labelID="tvshows" property="widgetTarget.widget3">videos</propertydefault>
	<propertydefault labelID="tvshows" property="widgetPath.widget3">special://skin/extras/playlists/unwatched_tvshows.xsp</propertydefault>
	<propertydefault labelID="tvshows" property="widget.widget4">Library</propertydefault>
	<propertydefault labelID="tvshows" property="widgetName.widget4">135</propertydefault>
	<propertydefault labelID="tvshows" property="widgetType.widget4">moviegenre</propertydefault>
	<propertydefault labelID="tvshows" property="widgetTarget.widget4">videos</propertydefault>
	<propertydefault labelID="tvshows" property="widgetPath.widget4">videodb://tvshows/genres/</propertydefault>
	<propertydefault labelID="tvshows" property="widget.widget5">Library</propertydefault>
	<propertydefault labelID="tvshows" property="widgetName.widget5">20388</propertydefault>
	<propertydefault labelID="tvshows" property="widgetType.widget5">studios</propertydefault>
	<propertydefault labelID="tvshows" property="widgetTarget.widget5">videos</propertydefault>
	<propertydefault labelID="tvshows" property="widgetPath.widget5">videodb://tvshows/studios/</propertydefault>
	<propertydefault labelID="musicvideos" property="widget.widget1">Library</propertydefault>
	<propertydefault labelID="musicvideos" property="widgetName.widget1">20390</propertydefault>
	<propertydefault labelID="musicvideos" property="widgetType.widget1">musicvideos</propertydefault>
	<propertydefault labelID="musicvideos" property="widgetTarget.widget1">videos</propertydefault>
	<propertydefault labelID="musicvideos" property="widgetPath.widget1">videodb://recentlyaddedmusicvideos/</propertydefault>
	<propertydefault labelID="musicvideos" property="widget.widget2">Playlist</propertydefault>
	<propertydefault labelID="musicvideos" property="widgetName.widget2">31151</propertydefault>
	<propertydefault labelID="musicvideos" property="widgetType.widget2">musicvideos</propertydefault>
	<propertydefault labelID="musicvideos" property="widgetTarget.widget2">videos</propertydefault>
	<propertydefault labelID="musicvideos" property="widgetPath.widget2">special://skin/extras/playlists/unwatched_musicvideos.xsp</propertydefault>
	<propertydefault labelID="musicvideos" property="widget.widget3">Playlist</propertydefault>
	<propertydefault labelID="musicvideos" property="widgetName.widget3">43091</propertydefault>
	<propertydefault labelID="musicvideos" property="widgetType.widget3">artists</propertydefault>
	<propertydefault labelID="musicvideos" property="widgetTarget.widget3">music</propertydefault>
	<propertydefault labelID="musicvideos" property="widgetPath.widget3">special://skin/extras/playlists/random_musicvideo_artists.xsp</propertydefault>
	<propertydefault labelID="musicvideos" property="widget.widget4">Playlist</propertydefault>
	<propertydefault labelID="musicvideos" property="widgetName.widget4">31152</propertydefault>
	<propertydefault labelID="musicvideos" property="widgetType.widget4">musicvideos</propertydefault>
	<propertydefault labelID="musicvideos" property="widgetTarget.widget4">videos</propertydefault>
	<propertydefault labelID="musicvideos" property="widgetPath.widget4">special://skin/extras/playlists/random_musicvideos.xsp</propertydefault>
	<propertydefault labelID="musicvideos" property="widget.widget5">Library</propertydefault>
	<propertydefault labelID="musicvideos" property="widgetName.widget5">20388</propertydefault>
	<propertydefault labelID="musicvideos" property="widgetType.widget5">studios</propertydefault>
	<propertydefault labelID="musicvideos" property="widgetTarget.widget5">videos</propertydefault>
	<propertydefault labelID="musicvideos" property="widgetPath.widget5">videodb://musicvideos/studios/</propertydefault>
	<propertydefault labelID="music" property="widget.widget1">Library</propertydefault>
	<propertydefault labelID="music" property="widgetName.widget1">517</propertydefault>
	<propertydefault labelID="music" property="widgetType.widget1">albums</propertydefault>
	<propertydefault labelID="music" property="widgetTarget.widget1">music</propertydefault>
	<propertydefault labelID="music" property="widgetPath.widget1">musicdb://recentlyplayedalbums/</propertydefault>
	<propertydefault labelID="music" property="widget.widget2">Library</propertydefault>
	<propertydefault labelID="music" property="widgetName.widget2">359</propertydefault>
	<propertydefault labelID="music" property="widgetType.widget2">albums</propertydefault>
	<propertydefault labelID="music" property="widgetTarget.widget2">music</propertydefault>
	<propertydefault labelID="music" property="widgetPath.widget2">musicdb://recentlyaddedalbums/</propertydefault>
	<propertydefault labelID="music" property="widget.widget3">Playlist</propertydefault>
	<propertydefault labelID="music" property="widgetName.widget3">31012</propertydefault>
	<propertydefault labelID="music" property="widgetType.widget3">albums</propertydefault>
	<propertydefault labelID="music" property="widgetTarget.widget3">music</propertydefault>
	<propertydefault labelID="music" property="widgetPath.widget3">special://skin/extras/playlists/random_albums.xsp</propertydefault>
	<propertydefault labelID="music" property="widget.widget4">Playlist</propertydefault>
	<propertydefault labelID="music" property="widgetName.widget4">31013</propertydefault>
	<propertydefault labelID="music" property="widgetType.widget4">artists</propertydefault>
	<propertydefault labelID="music" property="widgetTarget.widget4">music</propertydefault>
	<propertydefault labelID="music" property="widgetPath.widget4">special://skin/extras/playlists/random_artists.xsp</propertydefault>
	<propertydefault labelID="music" property="widget.widget5">Playlist</propertydefault>
	<propertydefault labelID="music" property="widgetName.widget5">31014</propertydefault>
	<propertydefault labelID="music" property="widgetType.widget5">albums</propertydefault>
	<propertydefault labelID="music" property="widgetTarget.widget5">music</propertydefault>
	<propertydefault labelID="music" property="widgetPath.widget5">special://skin/extras/playlists/unplayed_albums.xsp</propertydefault>
	<propertydefault labelID="music" property="widget.widget6">Playlist</propertydefault>
	<propertydefault labelID="music" property="widgetName.widget6">31011</propertydefault>
	<propertydefault labelID="music" property="widgetType.widget6">albums</propertydefault>
	<propertydefault labelID="music" property="widgetTarget.widget6">music</propertydefault>
	<propertydefault labelID="music" property="widgetPath.widget6">special://skin/extras/playlists/mostplayed_albums.xsp</propertydefault>
	<propertydefault labelID="games" property="widget.widget1">Library</propertydefault>
	<propertydefault labelID="games" property="widgetName.widget1">35049</propertydefault>
	<propertydefault labelID="games" property="widgetType.widget1">addon</propertydefault>
	<propertydefault labelID="games" property="widgetTarget.widget1">games</propertydefault>
	<propertydefault labelID="games" property="widgetPath.widget1">addons://sources/game/</propertydefault>
	<contextmenu>
		<enableon>211</enableon>
		<item control="303">$ADDON[script.skinshortcuts 32002]</item>
		<item control="304">$ADDON[script.skinshortcuts 32003]</item>
		<item control="313" condition="String.IsEqual(Container(211).ListItem.Property(skinshortcuts-disabled),False)">$LOCALIZE[43071]</item>
		<item control="313" condition="String.IsEqual(Container(211).ListItem.Property(skinshortcuts-disabled),True)">$LOCALIZE[43072]</item>
		<item control="301">$ADDON[script.skinshortcuts 32000]</item>
		<item control="302">$ADDON[script.skinshortcuts 32001]</item>
		<item control="308">$ADDON[script.skinshortcuts 32028]</item>
	</contextmenu>
	<groupings>
		<shortcut label="43100" type="" icon="DefaultFolder.png" condition="System.HasAddon(script.skin.helper.service)">||BROWSE||script.skin.helper.service/?action=smartshortcuts</shortcut>
		<node label="342" condition="Library.HasContent(movies)">
			<shortcut label="342" type="342" icon="icons/sidemenu/movies.png">ActivateWindow(videos,videodb://movies/titles/,return)</shortcut>
			<shortcut label="20382" type="342" icon="DefaultRecentlyAddedMovies.png">ActivateWindow(videos,videodb://recentlyaddedmovies/,return)</shortcut>
			<shortcut label="135" type="342" icon="DefaultGenre.png">ActivateWindow(videos,videodb://movies/genres/,return)</shortcut>
			<shortcut label="369" type="342" icon="DefaultMovieTitle.png">ActivateWindow(videos,videodb://movies/titles/,return)</shortcut>
			<shortcut label="562" type="342" icon="DefaultYear.png">ActivateWindow(videos,videodb://movies/years/,return)</shortcut>
			<shortcut label="344" type="342" icon="DefaultActor.png">ActivateWindow(videos,videodb://movies/actors/,return)</shortcut>
			<shortcut label="20348" type="342" icon="DefaultDirector.png">ActivateWindow(videos,videodb://movies/directors/,return)</shortcut>
			<shortcut label="20388" type="342" icon="DefaultStudios.png">ActivateWindow(videos,videodb://movies/studios/,return)</shortcut>
			<shortcut label="20434" type="342" icon="DefaultSets.png">ActivateWindow(videos,videodb://movies/sets/,return)</shortcut>
			<shortcut label="20451" type="342" icon="DefaultCountry.png">ActivateWindow(videos,videodb://movies/countries/,return)</shortcut>
			<shortcut label="20459" type="342" icon="DefaultTags.png">ActivateWindow(videos,videodb://movies/tags/,return)</shortcut>
		</node>
		<node label="20343" condition="Library.HasContent(tvshows)">
			<shortcut label="20343" type="20343" icon="icons/sidemenu/tv.png">ActivateWindow(videos,videodb://movies/titles/,return)</shortcut>
			<shortcut label="20382" type="20343" icon="DefaultRecentlyAddedEpisodes.png">ActivateWindow(videos,videodb://recentlyaddedepisodes/,return)</shortcut>
			<shortcut label="575" type="20343" icon="DefaultInProgressShows.png">ActivateWindow(videos,videodb://inprogresstvshows/,return)</shortcut>
			<shortcut label="135" type="20343" icon="DefaultGenre.png">ActivateWindow(videos,videodb://tvshows/genres/,return)</shortcut>
			<shortcut label="369" type="20343" icon="DefaultTVShowTitle.png">ActivateWindow(videos,videodb://tvshows/titles/,return)</shortcut>
			<shortcut label="562" type="20343" icon="DefaultYear.png">ActivateWindow(videos,videodb://tvshows/years/,return)</shortcut>
			<shortcut label="344" type="20343" icon="DefaultActor.png">ActivateWindow(videos,videodb://tvshows/actors/,return)</shortcut>
			<shortcut label="20388" type="20343" icon="DefaultStudios.png">ActivateWindow(videos,videodb://tvshows/studios/,return)</shortcut>
			<shortcut label="20459" type="20343" icon="DefaultTags.png">ActivateWindow(videos,videodb://tvshows/tags/,return)</shortcut>
		</node>
		<node label="2" condition="Library.HasContent(music)">
			<shortcut label="2" type="2" icon="icons/sidemenu/music.png">ActivateWindow(music,musicdb://,return)</shortcut>
			<shortcut label="135" type="2" icon="DefaultMusicGenres.png">ActivateWindow(music,musicdb://genres/,return)</shortcut>
			<shortcut label="133" type="2" icon="DefaultMusicArtists.png">ActivateWindow(music,musicdb://artists/,return)</shortcut>
			<shortcut label="132" type="2" icon="DefaultMusicAlbums.png">ActivateWindow(music,musicdb://albums/,return)</shortcut>
			<shortcut label="1050" type="2" icon="DefaultMusicSongs.png">ActivateWindow(music,musicdb://singles/,return)</shortcut>
			<shortcut label="134" type="2" icon="DefaultMusicSongs.png">ActivateWindow(music,musicdb://songs/,return)</shortcut>
			<shortcut label="562" type="2" icon="DefaultMusicYears.png">ActivateWindow(music,musicdb://years/,return)</shortcut>
			<shortcut label="271" type="2" icon="DefaultMusicTop100.png">ActivateWindow(music,musicdb://top100/,return)</shortcut>
			<shortcut label="10504" type="2" icon="DefaultMusicTop100Songs.png">ActivateWindow(music,musicdb://top100/songs/,return)</shortcut>
			<shortcut label="10505" type="2" icon="DefaultMusicTop100Albums.png">ActivateWindow(music,musicdb://top100/albums/,return)</shortcut>
			<shortcut label="359" type="2" icon="DefaultMusicRecentlyAdded.png">ActivateWindow(music,musicdb://recentlyaddedalbums/,return)</shortcut>
			<shortcut label="517" type="2" icon="DefaultMusicRecentlyPlayed.png">ActivateWindow(music,musicdb://recentlyplayedalbums/,return)</shortcut>
			<shortcut label="136" type="2" icon="DefaultMusicPlaylists.png">ActivateWindow(music,special://musicplaylists/,return)</shortcut>
			<shortcut label="29994" type="2" icon="DefaultMusicRoles.png">ActivateWindow(music,library://music/musicroles/,return)</shortcut>
			<shortcut label="39031" type="2" icon="DefaultMusicSources.png">ActivateWindow(music,library://music/musicsources/,return)</shortcut>
			<shortcut label="744" type="2" icon="DefaultFolder.png">ActivateWindow(music,sources://music/,return)</shortcut>
			<shortcut label="1038" type="2" icon="DefaultAddonMusic.png">ActivateWindow(music,addons://sources/audio/,return)</shortcut>
			<shortcut label="589" type="2" icon="DefaultPartyMode.png">PlayerControl(PartyMode)</shortcut>
			<shortcut label="653" type="2" icon="DefaultAddonsUpdates.png">UpdateLibrary(music)</shortcut>
			<shortcut label="32055" type="2" icon="DefaultIconError.png">CleanLibrary(music)</shortcut>
			<shortcut label="2" type="10004" icon="icons/settings/player.png">ActivateWindow(playersettings,music)</shortcut>
			<node label="32040">
				<content>playlist-audio</content>
			</node>
			<node label="32011">
				<shortcut label="1038" type="2" icon="DefaultAddonMusic.png">ActivateWindow(music,addons://sources/audio/,return)</shortcut>
				<content>addon-audio</content>
			</node>
			<node label="32075">
				<content>musicsources</content>
				<content>upnp-music</content>
			</node>
		</node>
		<node label="446">
			<shortcut label="341" type="446" icon="icons/sidemenu/disc.png">PlayDVD</shortcut>
			<shortcut label="13391" type="446" icon="resource://resource.images.skinicons.estuary/eject.png">EjectTray()</shortcut>
			<shortcut label="600" type="446" icon="resource://resource.images.skinicons.estuary/cd.png">RipCD()</shortcut>
		</node>
		<node label="20389" condition="Library.HasContent(musicvideos)">
			<shortcut label="20389" type="20389" icon="icons/sidemenu/musicvideos.png">ActivateWindow(videos,videodb://musicvideos/,return)</shortcut>
			<shortcut label="20390" type="20389" icon="DefaultRecentlyAddedMusicVideos.png">ActivateWindow(videos,videodb://recentlyaddedmusicvideos/,return)</shortcut>
			<shortcut label="135" type="20389" icon="DefaultGenre.png">ActivateWindow(videos,videodb://musicvideos/genres/,return)</shortcut>
			<shortcut label="369" type="20389" icon="DefaultMusicVideoTitle.png">ActivateWindow(videos,videodb://musicvideos/titles/,return)</shortcut>
			<shortcut label="562" type="20389" icon="DefaultYear.png">ActivateWindow(videos,videodb://musicvideos/years/,return)</shortcut>
			<shortcut label="133" type="20389" icon="DefaultMusicArtists.png">ActivateWindow(videos,videodb://musicvideos/artists/,return)</shortcut>
			<shortcut label="132" type="20389" icon="DefaultMusicAlbums.png">ActivateWindow(videos,videodb://musicvideos/albums/,return)</shortcut>
			<shortcut label="20348" type="20389" icon="DefaultDirector.png">ActivateWindow(videos,videodb://musicvideos/directors/,return)</shortcut>
			<shortcut label="20388" type="20389" icon="DefaultStudios.png">ActivateWindow(videos,videodb://musicvideos/studios/,return)</shortcut>
			<shortcut label="20459" type="20389" icon="DefaultTags.png">ActivateWindow(videos,videodb://musicvideos/tags/,return)</shortcut>
		</node>
		<node label="19020" condition="PVR.HasTVChannels">
			<shortcut label="19020" type="19020" icon="icons/sidemenu/livetv.png">ActivateWindow(tvchannels)</shortcut>
			<shortcut label="19019" type="19020" icon="DefaultAddonPeripheral.png">ActivateWindow(tvchannels)</shortcut>
			<shortcut label="19069" type="19020" icon="icons/pvr/epg.png">ActivateWindow(tvguide)</shortcut>
			<shortcut label="19017" type="19020" icon="icons/pvr/recording.png">ActivateWindow(tvrecordings)</shortcut>
			<shortcut label="19040" type="19020" icon="icons/pvr/timer.png">ActivateWindow(tvtimers)</shortcut>
			<shortcut label="19138" type="19020" icon="icons/pvr/timer-rule.png">ActivateWindow(tvtimerrules)</shortcut>
			<shortcut label="137" type="19020" icon="DefaultAddonsSearch.png">ActivateWindow(tvsearch)</shortcut>
			<shortcut label="32066" type="19020" icon="icons/sidemenu/livetv.png">PlayPvrTV</shortcut>
			<shortcut label="32068" type="19020" icon="icons/sidemenu/livetv.png">PlayPvr</shortcut>
			<shortcut label="19020" type="10004" icon="icons/settings/livetv.png">ActivateWindow(pvrsettings)</shortcut>
			<node label="19023">
				<content>pvr-tv</content>
			</node>
		</node>
		<node label="19021" condition="PVR.HasRadioChannels">
			<shortcut label="19021" type="19021" icon="icons/sidemenu/radio.png">ActivateWindow(radiochannels)</shortcut>
			<shortcut label="19019" type="19021" icon="DefaultAddonPeripheral.png">ActivateWindow(radiochannels)</shortcut>
			<shortcut label="19069" type="19021" icon="icons/pvr/epg.png">ActivateWindow(radioguide)</shortcut>
			<shortcut label="19017" type="19021" icon="icons/pvr/recording.png">ActivateWindow(radiorecordings)</shortcut>
			<shortcut label="19040" type="19021" icon="icons/pvr/timer.png">ActivateWindow(radiotimers)</shortcut>
			<shortcut label="19138" type="19021" icon="icons/pvr/timer-rule.png">ActivateWindow(radiotimersrules)</shortcut>
			<shortcut label="137" type="19021" icon="DefaultAddonsSearch.png">ActivateWindow(radiosearch)</shortcut>
			<shortcut label="32067" type="19021" icon="icons/sidemenu/radio.png">PlayPvrRadio</shortcut>
			<shortcut label="32068" type="19021" icon="icons/sidemenu/radio.png">PlayPvr</shortcut>
			<shortcut label="19020" type="10004" icon="icons/settings/livetv.png">ActivateWindow(pvrsettings)</shortcut>
			<node label="19024">
				<content>pvr-radio</content>
			</node>
		</node>
		<node label="15016" condition="System.GetBool(gamesgeneral.enable)">
			<shortcut label="15016" type="15016" icon="icons/sidemenu/games.png">ActivateWindow(games)</shortcut>
			<node label="35049">
				<shortcut label="35049" type="15016" icon="DefaultAddonGame.png">ActivateWindow(games,addons://sources/game/,return)</shortcut>
				<!-- <content>addon-games</content> -->
			</node>
		</node>
		<node label="24001">
			<shortcut label="24001" type="24001" icon="icons/sidemenu/addons.png">ActivateWindow(1100)</shortcut>
			<shortcut label="10040" type="24001" icon="icons/settings/addons.png">ActivateWindow(addonbrowser)</shortcut>
			<shortcut label="24998" type="24001" icon="DefaultAddonsInstalled.png">ActivateWindow(addonbrowser,addons://user/,return)</shortcut>
			<shortcut label="24043" type="24001" icon="DefaultAddonsUpdates.png">ActivateWindow(addonbrowser,addons://outdated/,return)</shortcut>
			<shortcut label="24004" type="24001" icon="DefaultAddonsRecentlyUpdated.png">ActivateWindow(addonbrowser,addons://recently_updated/,return)</shortcut>
			<shortcut label="24033" type="24001" icon="DefaultAddonsRepo.png">ActivateWindow(addonbrowser,addons://repos/,return)</shortcut>
			<shortcut label="24041" type="24001" icon="DefaultAddonsZip.png">ActivateWindow(addonbrowser,addons://install/,return)</shortcut>
			<shortcut label="137" type="24001" icon="DefaultAddonsSearch.png">ActivateWindow(addonbrowser,addons://search/,return)</shortcut>
			<node label="1043">
				<shortcut label="1043" type="24001" icon="DefaultAddonProgram.png">ActivateWindow(programs,addons://sources/executable/,return)</shortcut>
				<shortcut label="20244" type="24001" icon="DefaultAddonProgram.png" condition="System.Platform.Android">ActivateWindow(programs,androidapp://sources/apps,return)</shortcut>
				<content>addon-program</content>
			</node>
			<node label="1037">
				<shortcut label="1037" type="3" icon="DefaultAddonVideo.png">ActivateWindow(videos,addons://sources/video/,return)</shortcut>
				<content>addon-video</content>
			</node>
			<node label="1038">
				<shortcut label="1038" type="2" icon="DefaultAddonMusic.png">ActivateWindow(music,addons://sources/audio/,return)</shortcut>
				<content>addon-audio</content>
			</node>
			<node label="1039">
				<shortcut label="1039" type="1" icon="DefaultAddonPicture.png">ActivateWindow(pictures,addons://sources/image/,return)</shortcut>
				<content>addon-image</content>
			</node>
			<node label="35049" condition="System.GetBool(gamesgeneral.enable)">
				<shortcut label="35049" type="15016" icon="DefaultAddonGame.png">ActivateWindow(games,addons://sources/game/,return)</shortcut>
				<!-- <content>addon-games</content> -->
			</node>
		</node>
		<node label="1">
			<shortcut label="1" type="1" icon="icons/sidemenu/pictures.png">ActivateWindow(pictures)</shortcut>
			<shortcut label="1039" type="1" icon="DefaultAddonPicture.png">ActivateWindow(pictures,addons://sources/image/,return)</shortcut>
			<shortcut label="1" type="10004" icon="icons/settings/player.png">ActivateWindow(playersettings,pictures)</shortcut>
			<content>picturesources</content>
		</node>
		<node label="3">
			<shortcut label="3" type="3" icon="icons/sidemenu/videos.png">ActivateWindow(videos,library://video/,return)</shortcut>
			<shortcut label="744" type="3" icon="DefaultFolder.png">ActivateWindow(videos,sources://video/,return)</shortcut>
			<shortcut label="136" type="3" icon="DefaultVideoPlaylists.png">ActivateWindow(videos,special://videoplaylists/,return)</shortcut>
			<shortcut label="1037" type="3" icon="DefaultAddonVideo.png">ActivateWindow(videos,addons://sources/video/,return)</shortcut>
			<shortcut label="589" type="3" icon="DefaultPartyMode.png">PlayerControl(PartyMode(video))</shortcut>
			<shortcut label="653" type="3" icon="DefaultAddonsUpdates.png">UpdateLibrary(video)</shortcut>
			<shortcut label="32055" type="3" icon="DefaultIconError.png">CleanLibrary(video)</shortcut>
			<shortcut label="3" type="10004" icon="icons/settings/player.png">ActivateWindow(playersettings,videos)</shortcut>
			<node label="32040">
				<content>playlist-video</content>
			</node>
			<node label="32010">
				<shortcut label="1037" type="3" icon="DefaultAddonVideo.png">ActivateWindow(videos,addons://sources/video/,return)</shortcut>
				<content>addon-video</content>
			</node>
			<node label="32075">
				<content>videosources</content>
				<content>upnp-video</content>
			</node>
		</node>
		<node label="1036">
			<shortcut label="1036" type="1036" icon="icons/sidemenu/favourites.png">ActivateWindow(favourites)</shortcut>
			<node label="1036">
				<content>favourite</content>
			</node>
		</node>
		<node label="8" condition="!String.IsEmpty(Weather.Plugin)">
			<shortcut label="8" type="8" icon="icons/sidemenu/weather.png">ActivateWindow(Weather)</shortcut>
			<shortcut label="184" type="8" icon="DefaultAddonsUpdates.png">Weather.Refresh</shortcut>
			<shortcut label="31077" type="8" icon="resource://resource.images.skinicons.estuary/location-previous.png">Weather.LocationPrevious</shortcut>
			<shortcut label="31078" type="8" icon="resource://resource.images.skinicons.estuary/location-next.png">Weather.LocationNext</shortcut>
			<shortcut label="8" type="10004" icon="icons/settings/network.png">ActivateWindow(servicesettings,weather)</shortcut>
		</node>
		<node label="10004">
			<shortcut label="10004" type="10004" icon="DefaultAddonService.png">ActivateWindow(settings)</shortcut>
			<shortcut label="7" type="10004" icon="icons/settings/filemanager.png">ActivateWindow(filemanager)</shortcut>
			<shortcut label="10040" type="10004" icon="icons/settings/addons.png">ActivateWindow(addonbrowser)</shortcut>
			<shortcut label="130" type="10004" icon="icons/settings/sysinfo.png">ActivateWindow(systeminfo)</shortcut>
			<shortcut label="14111" type="10004" icon="icons/settings/eventlog.png">ActivateWindow(eventlog,events://,return)</shortcut>
			<shortcut label="14200" type="10004" icon="icons/settings/player.png">ActivateWindow(playersettings)</shortcut>
			<shortcut label="14211" type="10004" icon="icons/settings/media.png">ActivateWindow(mediasettings)</shortcut>
			<shortcut label="19020" type="10004" icon="icons/settings/livetv.png">ActivateWindow(pvrsettings)</shortcut>
			<shortcut label="14036" type="10004" icon="icons/settings/network.png">ActivateWindow(servicesettings)</shortcut>
			<shortcut label="15016" type="10004" icon="icons/settings/games.png" condition="System.GetBool(gamesgeneral.enable)">ActivateWindow(gamesettings)</shortcut>
			<shortcut label="14206" type="10004" icon="icons/settings/interface.png">ActivateWindow(interfacesettings)</shortcut>
			<shortcut label="13000" type="10004" icon="icons/settings/system.png">ActivateWindow(systemsettings)</shortcut>
			<shortcut label="166" type="10004" icon="icons/settings/skin.png">ActivateWindow(skinsettings)</shortcut>
			<shortcut label="8" type="10004" icon="icons/settings/network.png">ActivateWindow(servicesettings,weather)</shortcut>
			<shortcut label="1" type="10004" icon="icons/settings/player.png">ActivateWindow(playersettings,pictures)</shortcut>
			<shortcut label="3" type="10004" icon="icons/settings/player.png">ActivateWindow(playersettings,videos)</shortcut>
			<shortcut label="2" type="10004" icon="icons/settings/player.png">ActivateWindow(playersettings,music)</shortcut>
			<shortcut label="20183" type="10004" icon="resource://resource.images.skinicons.estuary/reloadskin.png">ReloadSkin()</shortcut>
			<shortcut label="360" type="10004" icon="resource://resource.images.skinicons.estuary/screensaver.png">ActivateScreensaver()</shortcut>
		</node>
		<node label="13200">
			<shortcut label="13200" type="13200" icon="resource://resource.images.skinicons.estuary/profiles.png">ActivateWindow(profiles)</shortcut>
			<shortcut label="10029" type="13200" icon="DefaultFile.png">ActivateWindow(loginscreen)</shortcut>
			<shortcut label="20126" type="13200" icon="resource://resource.images.skinicons.estuary/logout.png" condition="System.HasLoginScreen">System.LogOff()</shortcut>
			<shortcut label="20045" type="13200" icon="DefaultFile.png">Mastermode()</shortcut>
		</node>
		<node label="13005">
			<shortcut label="31072" type="13005" icon="resource://resource.images.skinicons.estuary/power.png">ActivateWindow(shutdownmenu)</shortcut>
			<shortcut label="13012" type="13005" icon="resource://resource.images.skinicons.estuary/quit.png" condition="System.ShowExitButton">Quit()</shortcut>
			<shortcut label="13005" type="13005" icon="resource://resource.images.skinicons.estuary/shutdown.png" condition="System.HasShutdown">Shutdown()</shortcut>
			<shortcut label="13016" type="13005" icon="resource://resource.images.skinicons.estuary/shutdown.png" condition="System.CanPowerDown">Powerdown()</shortcut>
			<shortcut label="13313" type="13005" icon="resource://resource.images.skinicons.estuary/reboot.png" condition="!System.Platform.Linux.RaspberryPi + [ System.Platform.Windows | System.Platform.Linux.RaspberryPi ]">RestartApp()</shortcut>
			<shortcut label="13011" type="13005" icon="resource://resource.images.skinicons.estuary/suspend.png" condition="System.CanSuspend">Suspend()</shortcut>
			<shortcut label="13010" type="13005" icon="resource://resource.images.skinicons.estuary/suspend.png" condition="System.CanHibernate">Hibernate()</shortcut>
			<shortcut label="13013" type="13005" icon="resource://resource.images.skinicons.estuary/reboot.png" condition="System.CanReboot">Reboot</shortcut>
			<shortcut label="19026" type="13005" icon="resource://resource.images.skinicons.estuary/shutdowntimer.png">AlarmClock(shutdowntimer,Shutdown())</shortcut>
			<shortcut label="20151" type="13005" icon="DefaultIconError.png">CancelAlarm(shutdowntimer)</shortcut>
			<shortcut label="13014" type="13005" icon="DefaultFile.png">Minimize()</shortcut>
		</node>
	</groupings>
	<widgetRename>True</widgetRename>
	<widget-groupings>
		<shortcut label="43081" icon="icons/sidemenu/weather.png" condition="!String.IsEmpty(Window(home).Property(WidgetVisibility))" widget="WeatherWidget">WeatherWidget</shortcut>
		<shortcut label="43082" icon="icons/sidemenu/livetv.png" condition="!String.IsEmpty(Window(home).Property(WidgetVisibility))" widget="TVWidget">TVWidget</shortcut>
		<shortcut label="43083" icon="icons/sidemenu/radio.png" condition="!String.IsEmpty(Window(home).Property(WidgetVisibility))" widget="RadioWidget">RadioWidget</shortcut>
		<shortcut label="43084" icon="icons/sidemenu/addons.png" condition="!String.IsEmpty(Window(home).Property(WidgetVisibility))" widget="AddonsWidget">AddonsWidget</shortcut>
		<shortcut label="43085" icon="icons/sidemenu/favourites.png" condition="!String.IsEmpty(Window(home).Property(WidgetVisibility))" widget="FavouritesWidget">FavouritesWidget</shortcut>
		<shortcut label="43086" icon="icons/settings/media.png" condition="!String.IsEmpty(Window(home).Property(WidgetVisibility))" widget="MediaWidget">MediaWidget</shortcut>
		<shortcut label="43101" icon="DefaultFolder.png" condition="String.IsEmpty(Window(home).Property(WidgetVisibility)) + System.HasAddon(script.skin.helper.service)">||BROWSE||script.skin.helper.service/?action=widgets&amp;path=skinplaylists,librarydataprovider,scriptwidgets,extendedinfo,smartshortcuts,pvr,smartishwidgets</shortcut>
		<node label="342" condition="Library.HasContent(movies) + String.IsEmpty(Window(home).Property(WidgetVisibility))">
			<shortcut label="342" type="342" icon="icons/sidemenu/movies.png" widget="Library" widgetType="source" widgetTarget="videos">library://video/movies/</shortcut>
			<shortcut label="20382" type="342" icon="DefaultRecentlyAddedMovies.png" widget="Library" widgetType="movies" widgetTarget="videos">videodb://recentlyaddedmovies/</shortcut>
			<shortcut label="135" type="342" icon="DefaultGenre.png" widget="Library" widgetType="moviegenre" widgetTarget="videos">videodb://movies/genres/</shortcut>
			<shortcut label="562" type="342" icon="DefaultYear.png" widget="Library" widgetType="source" widgetTarget="videos">videodb://movies/years/</shortcut>
			<shortcut label="344" type="342" icon="DefaultActor.png" widget="Library" widgetType="movies" widgetTarget="videos">videodb://movies/actors/</shortcut>
			<shortcut label="20348" type="342" icon="DefaultDirector.png" widget="Library" widgetType="movies" widgetTarget="videos">videodb://movies/directors/</shortcut>
			<shortcut label="20388" type="342" icon="DefaultStudios.png" widget="Library" widgetType="studios" widgetTarget="videos">videodb://movies/studios/</shortcut>
			<shortcut label="20434" type="342" icon="DefaultSets.png" widget="Library" widgetType="movies" widgetTarget="videos">videodb://movies/sets/</shortcut>
			<shortcut label="20451" type="342" icon="DefaultCountry.png" widget="Library" widgetType="country" widgetTarget="videos">videodb://movies/countries/</shortcut>
			<shortcut label="20459" type="342" icon="DefaultTags.png" widget="Library" widgetType="source" widgetTarget="videos">videodb://movies/tags/</shortcut>
		</node>
		<node label="20343" condition="Library.HasContent(tvshows) + String.IsEmpty(Window(home).Property(WidgetVisibility))">
			<shortcut label="20343" type="20343" icon="icons/sidemenu/tv.png" widget="Library" widgetType="source" widgetTarget="videos">library://video/tvshows/</shortcut>
			<shortcut label="20387" type="20343" icon="DefaultRecentlyAddedEpisodes.png" widget="Library" widgetType="episodes" widgetTarget="videos">videodb://recentlyaddedepisodes/</shortcut>
			<shortcut label="626" type="20343" icon="DefaultInProgressShows.png" widget="Library" widgetType="tvshows" widgetTarget="videos">videodb://inprogresstvshows</shortcut>
			<shortcut label="135" type="20343" icon="DefaultGenre.png" widget="Library" widgetType="moviegenre" widgetTarget="videos">videodb://tvshows/genres/</shortcut>
			<shortcut label="562" type="20343" icon="DefaultYear.png" widget="Library" widgetType="source" widgetTarget="videos">videodb://tvshows/years/</shortcut>
			<shortcut label="344" type="20343" icon="DefaultActor.png" widget="Library" widgetType="movies" widgetTarget="videos">videodb://tvshows/actors/</shortcut>
			<shortcut label="20388" type="20343" icon="DefaultStudios.png" widget="Library" widgetType="studios" widgetTarget="videos">videodb://tvshows/studios/</shortcut>
			<shortcut label="20459" type="20343" icon="DefaultTags.png" widget="Library" widgetType="source" widgetTarget="videos">videodb://tvshows/tags/</shortcut>
		</node>
		<node label="2" condition="Library.HasContent(music) + String.IsEmpty(Window(home).Property(WidgetVisibility))">
			<shortcut label="2" type="2" icon="icons/sidemenu/music.png" widget="Library" widgetType="source" widgetTarget="music">musicdb://</shortcut>
			<shortcut label="135" type="2" icon="DefaultMusicGenres.png" widget="Library" widgetType="musicgenre" widgetTarget="music">musicdb://genres/</shortcut>
			<shortcut label="133" type="2" icon="DefaultMusicArtists.png" widget="Library" widgetType="artists" widgetTarget="music">musicdb://artists/</shortcut>
			<shortcut label="132" type="2" icon="DefaultMusicAlbums.png" widget="Library" widgetType="albums" widgetTarget="music">musicdb://albums/</shortcut>
			<shortcut label="1050" type="2" icon="DefaultMusicSongs.png" widget="Library" widgetType="songs" widgetTarget="music">musicdb://singles/</shortcut>
			<shortcut label="134" type="2" icon="DefaultMusicSongs.png" widget="Library" widgetType="songs" widgetTarget="music">musicdb://songs/</shortcut>
			<shortcut label="562" type="2" icon="DefaultMusicYears.png" widget="Library" widgetType="source" widgetTarget="music">musicdb://years/</shortcut>
			<shortcut label="271" type="2" icon="DefaultMusicTop100.png" widget="Library" widgetType="source" widgetTarget="music">musicdb://top100/</shortcut>
			<shortcut label="10505" type="2" icon="DefaultMusicTop100Albums.png" widget="Library" widgetType="albums" widgetTarget="music">musicdb://top100/albums/</shortcut>
			<shortcut label="10504" type="2" icon="DefaultMusicTop100Songs.png" widget="Library" widgetType="songs" widgetTarget="music">musicdb://top100/songs/</shortcut>
			<shortcut label="359" type="2" icon="DefaultMusicRecentlyAdded.png" widget="Library" widgetType="albums" widgetTarget="music">musicdb://recentlyaddedalbums/</shortcut>
			<shortcut label="517" type="2" icon="DefaultMusicRecentlyPlayed.png" widget="Library" widgetType="albums" widgetTarget="music">musicdb://recentlyplayedalbums/</shortcut>
			<shortcut label="136" type="2" icon="DefaultMusicPlaylists.png" widget="Library" widgetType="playlist" widgetTarget="music">special://musicplaylists/</shortcut>
			<shortcut label="29994" type="2" icon="DefaultMusicRoles.png" widget="Library" widgetType="source" widgetTarget="music">library://music/musicroles/</shortcut>
			<shortcut label="20094" type="2" icon="DefaultFolder.png" widget="Library" widgetType="source" widgetTarget="music">sources://music/</shortcut>
			<shortcut label="1038" type="2" icon="DefaultAddonMusic.png" widget="Library" widgetType="music" widgetTarget="music">addons://sources/audio</shortcut>
			<node label="32040">
				<content>playlist-audio</content>
			</node>
			<node label="32011">
				<content>addon-audio</content>
			</node>
			<node label="32075">
				<content>musicsources</content>
				<content>upnp-music</content>
			</node>
		</node>
		<node label="20389" condition="Library.HasContent(musicvideos) + String.IsEmpty(Window(home).Property(WidgetVisibility))">
			<shortcut label="20389" type="20389" icon="icons/sidemenu/musicvideos.png" widget="Library" widgetType="source" widgetTarget="videos">library://video/musicvideos/</shortcut>
			<shortcut label="20390" type="20389" icon="DefaultRecentlyAddedMusicVideos.png" widget="Library" widgetType="musicvideos" widgetTarget="videos">videodb://recentlyaddedmusicvideos/</shortcut>
			<shortcut label="135" type="20389" icon="DefaultGenre.png" widget="Library" widgetType="moviegenre" widgetTarget="videos">videodb://musicvideos/genres/</shortcut>
			<shortcut label="562" type="20389" icon="DefaultYear.png" widget="Library" widgetType="source" widgetTarget="videos">videodb://musicvideos/years/</shortcut>
			<shortcut label="133" type="20389" icon="DefaultMusicArtists.png" widget="Library" widgetType="artists" widgetTarget="videos">videodb://musicvideos/artists/</shortcut>
			<shortcut label="132" type="20389" icon="DefaultMusicAlbums.png" widget="Library" widgetType="albums" widgetTarget="videos">videodb://musicvideos/albums/</shortcut>
			<shortcut label="20348" type="20389" icon="DefaultDirector.png" widget="Library" widgetType="movies" widgetTarget="videos">videodb://musicvideos/directors/</shortcut>
			<shortcut label="20388" type="20389" icon="DefaultStudios.png" widget="Library" widgetType="studios" widgetTarget="videos">videodb://musicvideos/studios/</shortcut>
			<shortcut label="20459" type="20389" icon="DefaultTags.png" widget="Library" widgetType="source" widgetTarget="videos">videodb://musicvideos/tags/</shortcut>
		</node>
		<node label="19020" condition="PVR.HasTVChannels + String.IsEmpty(Window(home).Property(WidgetVisibility))">
			<shortcut label="31016" type="19020" icon="DefaultAddonPeripheral.png" widget="Library" widgetType="pvrchannel" widgetTarget="pvr">pvr://channels/tv/*?view=lastplayed</shortcut>
			<shortcut label="31015" type="19020" icon="icons/pvr/recording.png" widget="Library" widgetType="pvrrecording" widgetTarget="pvr">pvr://recordings/tv/active?view=flat</shortcut>
			<shortcut label="19040" type="19020" icon="icons/pvr/timer.png" widget="Library" widgetType="tvtimer" widgetTarget="pvr">TVTimers</shortcut>
			<shortcut label="43241" type="19020" icon="DefaultAddonPeripheral.png" condition="Skin.HasSetting(enable_custom_list_channels) + Skin.HasSetting(enable_custom_list_channels_tv)" widget="Custom" widgetType="custpvrchannel" widgetTarget="TV">CustomChannelsTV</shortcut>
		</node>
		<node label="19021" condition="PVR.HasRadioChannels + String.IsEmpty(Window(home).Property(WidgetVisibility))">
			<shortcut label="31018" type="19021" icon="DefaultAddonPeripheral.png" widget="Library" widgetType="pvrchannel" widgetTarget="pvr">pvr://channels/radio/*?view=lastplayed</shortcut>
			<shortcut label="31015" type="19021" icon="icons/pvr/recording.png" widget="Library" widgetType="pvrrecording" widgetTarget="pvr">pvr://recordings/radio/active?view=flat</shortcut>
			<shortcut label="19040" type="19021" icon="icons/pvr/timer.png" widget="Library" widgetType="radiotimer" widgetTarget="pvr">RadioTimers</shortcut>
			<shortcut label="43242" type="19021" icon="DefaultAddonPeripheral.png" condition="Skin.HasSetting(enable_custom_list_channels) + Skin.HasSetting(enable_custom_list_channels_radio)" widget="Custom" widgetType="custpvrchannel" widgetTarget="Radio">CustomChannelsRadio</shortcut>
		</node>
		<node label="15016" condition="System.GetBool(gamesgeneral.enable) + String.IsEmpty(Window(home).Property(WidgetVisibility))">
			<shortcut label="35049" type="15016" icon="DefaultAddonGame.png" widget="Library" widgetType="addon" widgetTarget="games">addons://sources/game/</shortcut>
		</node>
		<node label="24001" condition="String.IsEmpty(Window(home).Property(WidgetVisibility))">
			<shortcut label="1043" type="24001" icon="DefaultAddonProgram.png" widget="Library" widgetType="addon" widgetTarget="programs">addons://sources/executable</shortcut>
			<shortcut label="20244" type="24001" icon="DefaultAddonProgram.png" widget="Library" widgetType="addon" widgetTarget="programs" condition="System.Platform.Android">androidapp://sources/apps</shortcut>
			<shortcut label="1037" type="24001" icon="DefaultAddonVideo.png" widget="Library" widgetType="addon" widgetTarget="videos">addons://sources/video</shortcut>
			<shortcut label="1038" type="24001" icon="DefaultAddonMusic.png" widget="Library" widgetType="addon" widgetTarget="music">addons://sources/audio</shortcut>
			<shortcut label="1039" type="24001" icon="DefaultAddonPicture.png" widget="Library" widgetType="addon" widgetTarget="pictures">addons://sources/image</shortcut>
			<shortcut label="35049" type="15016" icon="DefaultAddonGame.png" widget="Library" widgetType="addon" widgetTarget="games" condition="System.GetBool(gamesgeneral.enable)">addons://sources/game/</shortcut>
			<node label="43021" condition="Skin.HasSetting(enable_custom_list_addons) + [ Skin.HasSetting(enable_custom_list_addons_programs) | Skin.HasSetting(enable_custom_list_addons_video) | Skin.HasSetting(enable_custom_list_addons_audio) | Skin.HasSetting(enable_custom_list_addons_image) ]">
				<shortcut label="1043" type="24001" icon="DefaultAddonProgram.png" condition="Skin.HasSetting(enable_custom_list_addons_programs)" widget="Custom" widgetType="custaddon" widgetTarget="Programs">CustomAddonsPrograms</shortcut>
				<shortcut label="1037" type="24001" icon="DefaultAddonVideo.png" condition="Skin.HasSetting(enable_custom_list_addons_video)" widget="Custom" widgetType="custaddon" widgetTarget="Video">CustomAddonsVideo</shortcut>
				<shortcut label="1038" type="24001" icon="DefaultAddonMusic.png" condition="Skin.HasSetting(enable_custom_list_addons_audio)" widget="Custom" widgetType="custaddon" widgetTarget="Audio">CustomAddonsAudio</shortcut>
				<shortcut label="1039" type="24001" icon="DefaultAddonPicture.png" condition="Skin.HasSetting(enable_custom_list_addons_image)" widget="Custom" widgetType="custaddon" widgetTarget="Image">CustomAddonsImage</shortcut>
			</node>
			<node label="1043">
				<content>addon-program</content>
			</node>
			<node label="1037">
				<content>addon-video</content>
			</node>
			<node label="1038">
				<content>addon-audio</content>
			</node>
			<node label="1039">
				<content>addon-image</content>
			</node>
			<!-- <node label="35049" condition="System.GetBool(gamesgeneral.enable)">
				<content>addon-games</content>
			</node> -->
		</node>
		<node label="1" condition="String.IsEmpty(Window(home).Property(WidgetVisibility))">
			<shortcut label="20094" type="1" icon="DefaultFolder.png" widget="Library" widgetType="source" widgetTarget="pictures">sources://pictures</shortcut>
			<shortcut label="1039" type="1" icon="DefaultAddonPicture.png" widget="Library" widgetType="addon" widgetTarget="pictures">addons://sources/image</shortcut>
			<content>picturesources</content>
		</node>
		<node label="3" condition="String.IsEmpty(Window(home).Property(WidgetVisibility))">
			<shortcut label="3" type="3" icon="icons/sidemenu/videos.png" widget="Library" widgetType="source" widgetTarget="videos">library://video/</shortcut>
			<shortcut label="20094" type="3" icon="DefaultFolder.png" widget="Library" widgetType="source" widgetTarget="videos">sources://video</shortcut>
			<shortcut label="136" type="3" icon="DefaultVideoPlaylists.png" widget="Library" widgetType="playlist" widgetTarget="videos">special://videoplaylists/</shortcut>
			<shortcut label="1037" type="3" icon="DefaultAddonVideo.png" widget="Library" widgetType="video" widgetTarget="videos">addons://sources/video/</shortcut>
			<node label="32040">
				<content>playlist-video</content>
			</node>
			<node label="32010">
				<content>addon-video</content>
			</node>
			<node label="32075">
				<content>videosources</content>
				<content>upnp-video</content>
			</node>
		</node>
		<node label="1036" condition="String.IsEmpty(Window(home).Property(WidgetVisibility))">
			<shortcut label="1036" type="1036" icon="icons/sidemenu/favourites.png" widget="Library" widgetType="favouriteslist" widgetTarget="">favourites://</shortcut>
		</node>
		<node label="8" condition="!String.IsEmpty(Weather.Plugin) + String.IsEmpty(Window(home).Property(WidgetVisibility))">
			<shortcut label="31019" type="8" icon="DefaultAddonWeather.png" widget="Custom" widgetType="weatherdaily" widgetTarget="weather">DailyItems</shortcut>
			<shortcut label="33036" type="8" icon="DefaultAddonWeather.png" widget="Custom" widgetType="weatherhourly" widgetTarget="weather">HourlyItems</shortcut>
		</node>
	</widget-groupings>
</overrides>
